FILE,SENTENCE_NUMBER,SENTENCE_TEXT,CHAPTER_MAX,DIAMETER,TREE_DEPTH,VERB_COUNT,HIGHEST_GRADE
C_Iulius_Caesar_ AP_Gallic_War_4_24-4_36,1,"At barbari , consilio Romanorum cognito praemisso equitatu et essedariis , quo plerumque genere in proeliis uti consuerunt , reliquis copiis subsecuti nostros navibus egredi prohibebant .",45,11.0,0.0,2,3
C_Iulius_Caesar_ AP_Gallic_War_4_24-4_36,10,"Hos item ex proximis primi navibus cum conspexissent , subsecuti hostibus adpropinquaverunt .",28,6.0,1.0,2,6
C_Iulius_Caesar_ AP_Gallic_War_4_24-4_36,11,Pugnatum est ab utrisque acriter .,29,3.0,2.0,1,1
C_Iulius_Caesar_ AP_Gallic_War_4_24-4_36,12,"Nostri tamen , quod ne -que ordines servare ne -que firmiter insistere ne -que signa subsequi poterant atque alius alia ex navi quibuscumque signis occurrerat se adgregabat , magnopere perturbabantur ;",32,9.0,5.0,4,4
C_Iulius_Caesar_ AP_Gallic_War_4_24-4_36,13,"hostes vero , notis omnibus vadis , ubi ex litore aliquos singulares ex navi egredientes conspexerant , incitatis equis impeditos adoriebantur , plures paucos circumsistebant , alii ab latere aperto in universos tela coiciebant .",51,11.0,4.0,4,4
C_Iulius_Caesar_ AP_Gallic_War_4_24-4_36,14,"Quod cum animadvertisset Caesar , scaphas longarum navium , item speculatoria navigia militibus compleri iussit , et quos laborantes conspexerat , his subsidia submittebat . (iussit)",28,10.0,4.0,4,6
C_Iulius_Caesar_ AP_Gallic_War_4_24-4_36,15,"Nostri , simul in arido constiterunt , suis omnibus consecutis , in hostes impetum fecerunt atque eos in fugam dederunt ;",46,8.0,3.0,3,3
C_Iulius_Caesar_ AP_Gallic_War_4_24-4_36,16,"ne -que longius prosequi potuerunt , quod equites cursum tenere atque insulam capere non potuerant .",32,7.0,0.0,2,4
C_Iulius_Caesar_ AP_Gallic_War_4_24-4_36,17,Hoc unum ad pristinam fortunam Caesari defuit .,43,5.0,3.0,1,3
C_Iulius_Caesar_ AP_Gallic_War_4_24-4_36,18,"Hostes proelio superati , simul atque se ex fuga receperunt , statim ad Caesarem legatos de pace miserunt ;",46,7.0,3.0,2,3
C_Iulius_Caesar_ AP_Gallic_War_4_24-4_36,19,obsides sese daturos quaeque imperasset facturos polliciti sunt . (et),53,5.0,1.0,2,6
C_Iulius_Caesar_ AP_Gallic_War_4_24-4_36,2,"Erat ob has causas summa difficultas , quod naves propter magnitudinem ni -si in alto constitui non poterant , militibus autem , ignotis locis , impeditis manibus , magno et gravi onere armorum oppressis simul et de navibus desiliendum et in fluctibus consistendum et cum hostibus erat pugnandum , cum illi aut ex arido aut paulum in aquam progressi omnibus membris expeditis , notissimis locis , audacter tela coicerent et equos insuefactos incitarent . (poterant) (coicerent)",51,13.0,7.0,5,4
C_Iulius_Caesar_ AP_Gallic_War_4_24-4_36,20,"Una cum his legatis Commius Atrebas venit , quem supra demonstraveram a Caesare in Britanniam praemissum .",32,8.0,5.0,2,4
C_Iulius_Caesar_ AP_Gallic_War_4_24-4_36,21,"Hunc illi e navi egressum , cum ad eos oratoris modo Caesaris mandata deferret , comprehenderant atque in vincula coniecerant ;",52,8.0,4.0,2,4
C_Iulius_Caesar_ AP_Gallic_War_4_24-4_36,22,tum proelio facto remiserunt et in petenda pace eius rei culpam in multitudinem contulerunt et propter imprudentiam ut ignosceretur petiverunt .,40,7.0,4.0,4,5
C_Iulius_Caesar_ AP_Gallic_War_4_24-4_36,23,"Caesar questus quod , cum ultro in continentem legatis missis pacem ab se petissent , bellum sine causa intulissent , ignoscere se imprudentiae dixit obsides -que imperavit ;",50,12.0,6.0,4,6
C_Iulius_Caesar_ AP_Gallic_War_4_24-4_36,24,"quorum illi partem statim dederunt , partem ex longinquioribus locis arcessitam paucis diebus sese daturos dixerunt .",30,10.0,2.0,2,3
C_Iulius_Caesar_ AP_Gallic_War_4_24-4_36,25,"Interea suos in agros remigrare iusserunt , principes -que undique convenire et se civitates -que suas Caesari commendare coeperunt .",23,10.0,4.0,2,3
C_Iulius_Caesar_ AP_Gallic_War_4_24-4_36,26,"His rebus pace confirmata , post diem quartum quam est in Britanniam ventum naves XVIII , de quibus supra demonstratum est , quae equites sustulerant , ex superiore portu leni vento solverunt .",49,12.0,7.0,4,4
C_Iulius_Caesar_ AP_Gallic_War_4_24-4_36,27,"Quae cum adpropinquarent Britanniae et ex castris viderentur , tanta tempestas subito coorta est ut nulla earum cursum tenere posset , sed aliae eodem unde erant profectae referrentur , aliae ad inferiorem partem insulae , quae est propius solis occasum , magno suo cum periculo deicerentur ;",36,16.0,11.0,7,5
C_Iulius_Caesar_ AP_Gallic_War_4_24-4_36,28,"quae tamen ancoris iactis cum fluctibus complerentur , necessario adversa nocte in altum provectae continentem petierunt .",47,7.0,3.0,2,5
C_Iulius_Caesar_ AP_Gallic_War_4_24-4_36,29,"Eadem nocte accidit ut esset luna plena , qui dies maritimos aestus maximos in Oceano efficere consuevit , nostris -que id erat incognitum .",31,10.0,2.0,4,4
C_Iulius_Caesar_ AP_Gallic_War_4_24-4_36,3,"Quibus rebus nostri perterriti atque huius omnino generis pugnae imperiti , non eadem alacritate ac studio quo in pedestribus uti proeliis consuerant utebantur .",40,12.0,4.0,2,4
C_Iulius_Caesar_ AP_Gallic_War_4_24-4_36,30,"Ita uno tempore et longas naves , [ quibus Caesar exercitum transportandum curaverat , ] quas Caesar in aridum subduxerat , aestus complebat , et onerarias , quae ad ancoras erant deligatae , tempestas adflictabat , ne -que ulla nostris facultas aut administrandi aut auxiliandi dabatur .",43,11.0,4.0,6,4
C_Iulius_Caesar_ AP_Gallic_War_4_24-4_36,31,"Compluribus navibus fractis , reliquae cum essent funibus , ancoris reliquis -que armamentis amissis ad navigandum inutiles , magna , id quod necesse erat accidere , totius exercitus perturbatio facta est .",28,11.0,5.0,3,4
C_Iulius_Caesar_ AP_Gallic_War_4_24-4_36,32,"Ne -que enim naves erant aliae quibus reportari possent , et omnia deerant quae ad reficiendas naves erant usui , et , quod omnibus constabat hiemari in Gallia oportere , frumentum in his locis in hiemem provisum non erat .",43,13.0,0.0,6,4
C_Iulius_Caesar_ AP_Gallic_War_4_24-4_36,33,"Quibus rebus cognitis , principes Britanniae , qui post proelium ad Caesarem convenerant , inter se conlocuti , cum et equites et naves et frumentum Romanis deesse intellegerent et paucitatem militum ex castrorum exiguitate cognoscerent , quae hoc erant etiam angustiora quod sine impedimentis Caesar legiones transportaverat , optimum factu esse duxerunt rebellione facta frumento commeatu -que nostros prohibere et rem in hiemem producere , quod his superatis aut reditu interclusis neminem postea belli inferendi causa in Britanniam transiturum confidebant . [ ]",50,20.0,14.0,7,4
C_Iulius_Caesar_ AP_Gallic_War_4_24-4_36,34,Itaque rursus coniuratione facta paulatim ex castris discedere et suos clam ex agris deducere coeperunt .,43,6.0,4.0,1,3
C_Iulius_Caesar_ AP_Gallic_War_4_24-4_36,35,"At Caesar , et -si nondum eorum consilia cognoverat , tamen et ex eventu navium suarum et ex eo quod obsides dare intermiserant fore id quod accidit suspicabatur . [ ]",48,11.0,0.0,4,4
C_Iulius_Caesar_ AP_Gallic_War_4_24-4_36,36,Ita -que ad omnes casus subsidia comparabat .,43,4.0,0.0,1,2
C_Iulius_Caesar_ AP_Gallic_War_4_24-4_36,37,"Nam et frumentum ex agris cotidie in castra conferebat et , quae gravissime adflictae erant naves , earum materia atque aere ad reliquas reficiendas utebatur et quae ad eas res erant usui ex continenti comportari iubebat .",40,11.0,4.0,5,3
C_Iulius_Caesar_ AP_Gallic_War_4_24-4_36,38,"Ita -que , cum summo studio a militibus administraretur , XII navibus amissis , reliquis ut navigari satis commode posset effecit .",43,9.0,0.0,3,5
C_Iulius_Caesar_ AP_Gallic_War_4_24-4_36,39,"Dum ea geruntur , legione ex consuetudine una frumentatum missa , quae appellabatur VII , ne -que ulla ad id tempus belli suspicione interposita , cum pars hominum in agris remaneret , pars etiam in castra ventitaret , ii qui pro portis castrorum in statione erant Caesari nuntiaverunt pulverem maiorem quam consuetudo ferret in ea parte videri quam in partem legio iter fecisset .",54,12.0,6.0,7,6
C_Iulius_Caesar_ AP_Gallic_War_4_24-4_36,4,"Quod ubi Caesar animadvertit , naves longas , quarum et species erat barbaris inusitatior et motus ad usum expeditior , paulum removeri ab onerariis navibus et remis incitari et ad latus apertum hostium constitui atque inde fundis , sagittis , tormentis hostes propelli ac submoveri iussit ; (erat)",51,11.0,4.0,3,3
C_Iulius_Caesar_ AP_Gallic_War_4_24-4_36,40,"Caesar id quod erat suspicatus aliquid novi a barbaris initum consilii , cohortes quae in statione erant se -cum in eam partem proficisci , ex reliquis duas in stationem succedere , reliquas armari et confestim sese subsequi iussit . (iussit) (iussit)",48,12.0,5.0,3,3
C_Iulius_Caesar_ AP_Gallic_War_4_24-4_36,41,"Cum paulo longius a castris processisset , suos ab hostibus premi atque aegre sustinere et conferta legione ex omnibus partibus tela coici animadvertit .",35,9.0,5.0,2,6
C_Iulius_Caesar_ AP_Gallic_War_4_24-4_36,42,"Nam quod omni ex reliquis partibus demesso frumento pars una erat reliqua , suspicati hostes huc nostros esse venturos noctu in silvis delituerant .",48,10.0,4.0,2,4
C_Iulius_Caesar_ AP_Gallic_War_4_24-4_36,43,"tum dispersos depositis armis in metendo occupatos subito adorti paucis interfectis reliquos incertis ordinibus perturbaverant , simul equitatu atque essedis circumdederant . [ ]",46,9.0,3.0,2,4
C_Iulius_Caesar_ AP_Gallic_War_4_24-4_36,44,Genus hoc est ex essedis pugnae .,15,5.0,4.0,1,1
C_Iulius_Caesar_ AP_Gallic_War_4_24-4_36,45,"Primo per omnes partes perequitant et tela coiciunt atque ipso terrore equorum et strepitu rotarum ordines plerumque perturbant , et cum se inter equitum turmas insinuaverunt , ex essedis desiliunt et pedibus proeliantur .",36,12.0,6.0,6,3
C_Iulius_Caesar_ AP_Gallic_War_4_24-4_36,46,"Aurigae interim paulatim ex proelio excedunt atque ita currus conlocant ut , si illi a multitudine hostium premantur , expeditum ad quos receptum habeant .",43,11.0,5.0,4,4
C_Iulius_Caesar_ AP_Gallic_War_4_24-4_36,47,"Ita mobilitatem equitum , stabilitatem peditum in proeliis praestant , ac tantum usu cotidiano et exercitatione efficiunt uti in declivi ac praecipiti loco incitatos equos sustinere et brevi moderari ac flectere et per temonem percurrere et in iugo insistere et se inde in currus citissime recipere consuerint .",51,13.0,3.0,3,5
C_Iulius_Caesar_ AP_Gallic_War_4_24-4_36,48,Quibus rebus perturbatis nostris [ novitate pugnae ] tempore oportunissimo Caesar auxilium tulit .,21,5.0,2.0,1,3
C_Iulius_Caesar_ AP_Gallic_War_4_24-4_36,49,"nam -que eius adventu hostes constiterunt , nostri se ex timore receperunt .",32,5.0,4.0,2,3
C_Iulius_Caesar_ AP_Gallic_War_4_24-4_36,5,quae res magno usui nostris fuit .,21,4.0,2.0,1,3
C_Iulius_Caesar_ AP_Gallic_War_4_24-4_36,50,"Quo facto , ad lacessendum hostem et committendum proelium alienum esse tempus arbitratus suo se loco continuit et brevi tempore intermisso in castra legiones reduxit .",33,10.0,3.0,2,3
C_Iulius_Caesar_ AP_Gallic_War_4_24-4_36,51,"Dum haec geruntur , nostris omnibus occupatis qui erant in agris reliqui discesserunt .",32,6.0,3.0,3,3
C_Iulius_Caesar_ AP_Gallic_War_4_24-4_36,52,"Secutae sunt continuos complures dies tempestates , quae et nostros in castris continerent et hostem a pugna prohiberent .",36,7.0,5.0,3,4
C_Iulius_Caesar_ AP_Gallic_War_4_24-4_36,53,"Interim barbari nuntios in omnes partes dimiserunt paucitatem -que nostrorum militum suis praedicaverunt et quanta praedae faciendae atque in perpetuum sui liberandi facultas daretur , si Romanos castris expulissent , demonstraverunt .",32,13.0,5.0,5,6
C_Iulius_Caesar_ AP_Gallic_War_4_24-4_36,54,His rebus celeriter magna multitudine peditatus equitatus -que coacta ad castra venerunt .,32,6.0,2.0,1,3
C_Iulius_Caesar_ AP_Gallic_War_4_24-4_36,55,"Caesar , et -si idem quod superioribus diebus acciderat fore videbat , ut , si essent hostes pulsi , celeritate periculum effugerent , tamen nactus equites circiter XXX , quos Commius Atrebas , de quo ante dictum est , se -cum transportaverat , legiones in acie pro castris constituit .",54,17.0,8.0,7,4
C_Iulius_Caesar_ AP_Gallic_War_4_24-4_36,56,Commisso proelio diutius nostrorum militum impetum hostes ferre non potuerunt ac terga verterunt .,35,7.0,2.0,2,3
C_Iulius_Caesar_ AP_Gallic_War_4_24-4_36,57,"Quos tanto spatio secuti quantum cursu et viribus efficere potuerunt , complures ex iis occiderunt , deinde omnibus longe late -que aedificiis incensis se in castra receperunt .",54,11.0,3.0,3,3
C_Iulius_Caesar_ AP_Gallic_War_4_24-4_36,58,Eodem die legati ab hostibus missi ad Caesarem de pace venerunt .,32,6.0,4.0,1,3
C_Iulius_Caesar_ AP_Gallic_War_4_24-4_36,6,Nam et navium figura et remorum motu et inusitato genere tormentorum permoti barbari constiterunt ac paulum modo pedem rettulerunt .,36,8.0,3.0,2,3
C_Iulius_Caesar_ AP_Gallic_War_4_24-4_36,7,"Atque nostris militibus cunctantibus , maxime propter altitudinem maris , qui X legionis aquilam gerebat , obtestatus deos , ut ea res legioni feliciter eveniret , ' desilite ' , inquit , ' milites , ni -si vultis aquilam hostibus prodere ; ego certe meum rei publicae atque imperatori officium praestitero . '",38,12.0,0.0,5,4
C_Iulius_Caesar_ AP_Gallic_War_4_24-4_36,8,"Hoc cum voce magna dixisset , se ex navi proiecit atque in hostes aquilam ferre coepit .",32,8.0,3.0,3,6
C_Iulius_Caesar_ AP_Gallic_War_4_24-4_36,9,"Tum nostri cohortati inter se , ne tantum dedecus admitteretur , universi ex navi desiluerunt .",48,8.0,4.0,2,5
C_Iulius_Caesar_(Aulus_Hirtius)_Commentarii_de_Bello_Gallico_Book_8_8_1-8_10,1,"Omni Gallia devicta Caesar cum a superiore aestate nullum bellandi tempus intermisisset milites -que hibernorum quiete reficere a tantis laboribus vellet , complures eodem tempore civitates renovare belli consilia nuntiabantur coniurationes -que facere .",45,11.0,4.0,3,6
C_Iulius_Caesar_(Aulus_Hirtius)_Commentarii_de_Bello_Gallico_Book_8_8_1-8_10,10,"Tali condicione proposita Bituriges , cum sibi viderent clementia Caesaris reditum patere in eius amicitiam finitimas -que civitates sine ulla poena dedisse obsides atque in fidem receptas esse , idem fecerunt .",53,10.0,1.0,2,4
C_Iulius_Caesar_(Aulus_Hirtius)_Commentarii_de_Bello_Gallico_Book_8_8_1-8_10,11,"Caesar militibus pro tanto labore ac patientia , qui brumalibus diebus itineribus difficillimis , frigoribus intolerandis studiosissime permanserant in labore , ducenos sestertios , centurionibus tot milia nummum praedae nomine condonanda pollicetur legionibus -que in hiberna remissis ipse se recipit die XXXX Bibracte . (pollicetur)",53,10.0,3.0,3,4
C_Iulius_Caesar_(Aulus_Hirtius)_Commentarii_de_Bello_Gallico_Book_8_8_1-8_10,12,"Ibi cum ius diceret , Bituriges ad eum legatos mittunt auxilium petitum contra Carnutes , quos intulisse bellum sibi querebantur .",39,10.0,7.0,3,4
C_Iulius_Caesar_(Aulus_Hirtius)_Commentarii_de_Bello_Gallico_Book_8_8_1-8_10,13,"Qua re cognita , cum dies non amplius decem et octo in hibernis esset moratus , legiones XIIII et VI ex hibernis ab Arare educit , quas ibi collocatas explicandae rei frumentariae causa superiore commentario demonstratum est :",50,13.0,5.0,3,4
C_Iulius_Caesar_(Aulus_Hirtius)_Commentarii_de_Bello_Gallico_Book_8_8_1-8_10,14,ita cum duabus legionibus ad persequendos Carnutes proficiscitur .,45,6.0,3.0,1,2
C_Iulius_Caesar_(Aulus_Hirtius)_Commentarii_de_Bello_Gallico_Book_8_8_1-8_10,15,"Cum fama exercitus ad hostes esset perlata , calamitate ceterorum ducti Carnutes desertis vicis oppidis -que , quae tolerandae hiemis causa constitutis repente exiguis ad necessitatem aedificiis incolebant ( nuper enim devicti complura oppida dimiserant ) , dispersi profugiunt .",50,13.0,9.0,4,4
C_Iulius_Caesar_(Aulus_Hirtius)_Commentarii_de_Bello_Gallico_Book_8_8_1-8_10,16,"Caesar erumpentes eo maxime tempore acerrimas tempestates cum subire milites nollet , in oppido Carnutum Cenabo castra ponit atque in tecta partim Gallorum , partim quae coniectis celeriter stramentis tentoriorum integendorum gratia erant inaedificata , milites compegit . [ ]",32,16.0,9.0,4,4
C_Iulius_Caesar_(Aulus_Hirtius)_Commentarii_de_Bello_Gallico_Book_8_8_1-8_10,17,Equites tamen et auxiliarios pedites in omnes partes mittit quascumque petisse dicebantur hostes ; ne -c frustra : (mittit),31,8.0,2.0,2,3
C_Iulius_Caesar_(Aulus_Hirtius)_Commentarii_de_Bello_Gallico_Book_8_8_1-8_10,18,nam plerumque magna praeda potiti nostri revertuntur .,44,5.0,1.0,1,2
C_Iulius_Caesar_(Aulus_Hirtius)_Commentarii_de_Bello_Gallico_Book_8_8_1-8_10,19,"Oppressi Carnutes hiemis difficultate , terrore periculi , cum tectis expulsi nullo loco diutius consistere auderent ne -c silvarum praesidio tempestatibus durissimis tegi possent , dispersi magna parte amissa suorum dissipantur in finitimas civitates .",40,11.0,3.0,3,4
C_Iulius_Caesar_(Aulus_Hirtius)_Commentarii_de_Bello_Gallico_Book_8_8_1-8_10,2,"Cuius rei verisimilis causa adferebatur , quod Gallis omnibus cognitum esset ne -que ulla multitudine in unum locum coacta resisti posse Romanis , ne -c , si diversa bella complures eodem tempore intulissent civitates , satis auxili aut spati aut copiarum habiturum exercitum populi Romani ad omnia persequenda ; non esse autem alicui civitati sortem incommodi recusandam , si tali mora reliquae possent se vindicare in libertatem .",53,12.0,0.0,4,6
C_Iulius_Caesar_(Aulus_Hirtius)_Commentarii_de_Bello_Gallico_Book_8_8_1-8_10,20,"Caesar tempore anni difficillimo , cum satis haberet convenientes manus dissipare , ne quod initium belli nasceretur , quantumque in ratione esset , exploratum haberet sub tempus aestivorum nullum summum bellum posse conflari , Gaium Trebonium cum duabus legionibus , quas se -cum habebat , in hibernis Cenabi collocavit ; ipse , cum crebris legationibus Remorum certior fieret Bellovacos , qui belli gloria Gallos omnes Belgas -que praestabant , finitimas -que his civitates duce Correo Bellovaco et Commio Atrebate exercitus comparare atque in unum locum cogere , ut omni multitudine in fines Suessionum , qui Remis erant attributi , facerent impressionem , pertinere autem non tantum ad dignitatem sed etiam ad salutem suam iudicaret nullam calamitatem socios optime de re publica meritos accipere , legionem ex hibernis evocat rursus undecimam ; litteras autem ad Gaium Fabium mittit , ut in fines Suessionum legiones duas quas habebat adduceret , alteram -que ex duabus ab Labieno arcessit . (esse) (pertinere)",53,24.0,6.0,15,5
C_Iulius_Caesar_(Aulus_Hirtius)_Commentarii_de_Bello_Gallico_Book_8_8_1-8_10,21,"Ita , quantum hibernorum opportunitas belli -que ratio postulabat , perpetuo suo labore in vicem legionibus expeditionum onus iniungebat .",45,6.0,4.0,2,2
C_Iulius_Caesar_(Aulus_Hirtius)_Commentarii_de_Bello_Gallico_Book_8_8_1-8_10,22,His copiis coactis ad Bellovacos proficiscitur castris -que in eorum finibus positis equitum turmas dimittit in omnes partes ad aliquos excipiendos ex quibus hostium consilia cognosceret .,36,10.0,6.0,3,4
C_Iulius_Caesar_(Aulus_Hirtius)_Commentarii_de_Bello_Gallico_Book_8_8_1-8_10,23,"Equites officio functi renuntiant paucos in aedificiis esse inventos , atque hos , non qui agrorum colendorum causa remansissent ( namque esse undique diligenter demigratum ) , sed qui speculandi causa essent remissi . (esse) (esse) (renuntiatur)",50,11.0,7.0,3,6
C_Iulius_Caesar_(Aulus_Hirtius)_Commentarii_de_Bello_Gallico_Book_8_8_1-8_10,24,"A quibus cum quaereret Caesar quo loco multitudo esset Bellovacorum quod -ve esset consilium eorum , inveniebat Bellovacos omnes qui arma ferre possent in unum locum convenisse , item -que Ambianos , Aulercos , Caletos , Veliocasses , Atrebatas ; locum castris excelsum in silva circumdata palude delegisse , impedimenta omnia in ulteriores silvas contulisse . (convenisse)",28,14.0,6.0,5,4
C_Iulius_Caesar_(Aulus_Hirtius)_Commentarii_de_Bello_Gallico_Book_8_8_1-8_10,25,"Complures esse principes belli auctores , sed multitudinem maxime Correo obtemperare , quod ei summo esse odio nomen populi Romani intellexissent . (Caesar inveniebat)",25,10.0,0.0,1,6
C_Iulius_Caesar_(Aulus_Hirtius)_Commentarii_de_Bello_Gallico_Book_8_8_1-8_10,26,Paucis ante diebus ex his castris Atrebatem Commium discessisse ad auxilia Germanorum adducenda ; quorum et vicinitas propinqua et multitudo esset infinita . (Caesar inveniebat) (esset),25,9.0,0.0,1,4
C_Iulius_Caesar_(Aulus_Hirtius)_Commentarii_de_Bello_Gallico_Book_8_8_1-8_10,28,"Quae Caesar consentientibus pluribus cum cognosset atque ea quae proponerentur consilia plena prudentiae longe -que a temeritate barbarorum remota esse iudicaret , omnibus rebus inserviendum statuit , quo celerius hostis contempta sua paucitate prodiret in aciem . (esse)",54,15.0,1.0,5,6
C_Iulius_Caesar_(Aulus_Hirtius)_Commentarii_de_Bello_Gallico_Book_8_8_1-8_10,29,"Singularis enim virtutis veterrimas legiones VII , VIII , VIIII habebat , summae spei delectae -que iuventutis XI , quae octavo iam stipendio tamen in collatione reliquarum nondum eandem vetustatis ac virtutis ceperat opinionem .",32,8.0,6.0,2,4
C_Iulius_Caesar_(Aulus_Hirtius)_Commentarii_de_Bello_Gallico_Book_8_8_1-8_10,3,"Quae ne opinio Gallorum confirmaretur , Caesar Marcum Antonium quaestorem suis praefecit hibernis ; ipse equitum praesidio pridie Kal. Ianuarias ab oppido Bibracte proficiscitur ad legionem XIII , quam non longe a finibus Aeduorum collocaverat in finibus Biturigum , ei -que adiungit legionem XI , quae proxima fuerat . [ ] [ ]",49,14.0,5.0,6,5
C_Iulius_Caesar_(Aulus_Hirtius)_Commentarii_de_Bello_Gallico_Book_8_8_1-8_10,30,"Itaque consilio advocato , rebus eis quae ad se essent delatae omnibus expositis animos multitudinis confirmat .",49,8.0,6.0,2,4
C_Iulius_Caesar_(Aulus_Hirtius)_Commentarii_de_Bello_Gallico_Book_8_8_1-8_10,31,"Si forte hostes trium legionum numero posset elicere ad dimicandum , agminis ordinem ita constituit , ut legio septima , octava , nona ante omnia irent impedimenta , deinde omnium impedimentorum agmen , quod tamen erat mediocre , ut in expeditionibus esse consuevit , cogeret undecima , ne maioris multitudinis species accidere hostibus posset quam ipsi depoposcissent .",43,17.0,5.0,8,6
C_Iulius_Caesar_(Aulus_Hirtius)_Commentarii_de_Bello_Gallico_Book_8_8_1-8_10,32,Hac ratione paene quadrato agmine instructo in conspectum hostium celerius opinione eorum exercitum adducit .,19,7.0,3.0,1,1
C_Iulius_Caesar_(Aulus_Hirtius)_Commentarii_de_Bello_Gallico_Book_8_8_1-8_10,33,"Cum repente instructas velut in acie certo gradu legiones accedere Galli viderent , quorum erant ad Caesarem plena fiduciae consilia perlata , si -ve certaminis periculo si -ve subito adventu si -ve exspectatione nostri consili copias instruunt pro castris ne -c loco superiore decedunt . (instructae sunt) (factum est) (factum est) (factum est)",54,15.0,7.0,4,4
C_Iulius_Caesar_(Aulus_Hirtius)_Commentarii_de_Bello_Gallico_Book_8_8_1-8_10,34,"Caesar , etsi dimicare optaverat , tamen admiratus tantam multitudinem hostium valle intermissa magis in altitudinem depressa quam late patente castra castris hostium confert .",46,12.0,7.0,2,4
C_Iulius_Caesar_(Aulus_Hirtius)_Commentarii_de_Bello_Gallico_Book_8_8_1-8_10,35,"Haec imperat vallo pedum XII muniri , loriculam pro hac ratione eius altitudinis inaedificari , fossam duplicem pedum denum quinum lateribus deprimi directis , turres excitari crebras in altitudinem trium tabulatorum , pontibus traiectis constratis -que coniungi , quorum frontes viminea loricula munirentur , ut ab hostibus duplici fossa , duplici propugnatorum ordine defenderentur , quorum alter ex pontibus , quo tutior altitudine esset , hoc audacius longius -que permitteret tela , alter , qui propior hostem in ipso vallo collocatus esset , ponte ab incidentibus telis tegeretur . (imperat) (imperat) (imperat)",51,20.0,7.0,7,5
C_Iulius_Caesar_(Aulus_Hirtius)_Commentarii_de_Bello_Gallico_Book_8_8_1-8_10,36,Portis fores altiores -que turres imposuit .,48,4.0,3.0,1,3
C_Iulius_Caesar_(Aulus_Hirtius)_Commentarii_de_Bello_Gallico_Book_8_8_1-8_10,37,Huius munitionis duplex erat consilium .,15,4.0,1.0,1,2
C_Iulius_Caesar_(Aulus_Hirtius)_Commentarii_de_Bello_Gallico_Book_8_8_1-8_10,38,"Namque et operum magnitudinem et timorem suum sperabat fiduciam barbaris allaturum , et cum pabulatum frumentatum -que longius esset proficiscendum , parvis copiis castra munitione ipsa videbat posse defendi .",28,11.0,1.0,3,4
C_Iulius_Caesar_(Aulus_Hirtius)_Commentarii_de_Bello_Gallico_Book_8_8_1-8_10,39,Interim crebro paucis utrimque procurrentibus inter bina castra palude interiecta contendebatur .,11,6.0,4.0,1,3
C_Iulius_Caesar_(Aulus_Hirtius)_Commentarii_de_Bello_Gallico_Book_8_8_1-8_10,4,"Binis cohortibus ad impedimenta tuenda relictis reliquum exercitum in copiosissimos agros Biturigum inducit , qui , cum latos fines et complura oppida haberent , unius legionis hibernis non potuerint contineri quin bellum pararent coniurationes -que facerent .",53,13.0,9.0,5,5
C_Iulius_Caesar_(Aulus_Hirtius)_Commentarii_de_Bello_Gallico_Book_8_8_1-8_10,40,"quam tamen paludem nonnumquam aut nostra auxilia Gallorum Germanorum -que transibant acrius -que hostes insequebantur , aut vicissim hostes eandem transgressi nostros longius summovebant .",51,8.0,4.0,3,3
C_Iulius_Caesar_(Aulus_Hirtius)_Commentarii_de_Bello_Gallico_Book_8_8_1-8_10,41,"Accidebat autem cotidianis pabulationibus id , quod accidere erat necesse , cum raris disiectis -que ex aedificiis pabulum conquireretur , ut impeditis locis dispersi pabulatores circumvenirentur .",47,12.0,6.0,4,5
C_Iulius_Caesar_(Aulus_Hirtius)_Commentarii_de_Bello_Gallico_Book_8_8_1-8_10,42,"quae res , etsi mediocre detrimentum iumentorum ac servorum nostris adferebat , tamen stultas cogitationes incitabat barbarorum , atque eo magis , quod Commius , quem profectum ad auxilia Germanorum arcessenda docui , cum equitibus venerat , qui tametsi numero non amplius erant quingenti , tamen Germanorum adventu barbari nitebantur . (incitabat)",51,17.0,2.0,6,4
C_Iulius_Caesar_(Aulus_Hirtius)_Commentarii_de_Bello_Gallico_Book_8_8_1-8_10,5,"Repentino adventu Caesaris accidit , quod imparatis disiectis -que accidere fuit necesse , ut sine timore ullo rura colentes prius ab equitatu opprimerentur quam confugere in oppida possent .",47,12.0,8.0,4,5
C_Iulius_Caesar_(Aulus_Hirtius)_Commentarii_de_Bello_Gallico_Book_8_8_1-8_10,6,"Namque etiam illud vulgare incursionis hostium signum , quod incendiis aedificiorum intellegi consuevit , Caesaris erat interdicto sublatum , ne aut copia pabuli frumenti -que , si longius progredi vellet , deficeretur , aut hostes incendiis terrerentur .",36,12.0,5.0,5,5
C_Iulius_Caesar_(Aulus_Hirtius)_Commentarii_de_Bello_Gallico_Book_8_8_1-8_10,7,"Multis hominum milibus captis perterriti Bituriges ; qui primum adventum potuerant effugere Romanorum , in finitimas civitates aut privatis hospitiis confisi aut societate consiliorum confugerant .",47,8.0,5.0,2,4
C_Iulius_Caesar_(Aulus_Hirtius)_Commentarii_de_Bello_Gallico_Book_8_8_1-8_10,9,nam Caesar magnis itineribus omnibus locis occurrit ne -c dat ulli civitati spatium de aliena potius quam de domestica salute cogitandi ; qua celeritate et fideles amicos retinebat et dubitantes terrore ad condiciones pacis adducebat . (coginant),53,15.0,5.0,4,2
C_Iulius_Caesar_(Aulus_Hirtius)_Commentarii_de_Bello_Gallico_Book_8_Praefatio,1,"Coactus assiduis tuis vocibus , Balbe , cum cotidiana mea recusatio non difficultatis excusationem , sed inertiae videretur deprecationem habere , rem difficillimam suscepi . (habere)",40,10.0,4.0,2,5
C_Iulius_Caesar_(Aulus_Hirtius)_Commentarii_de_Bello_Gallico_Book_8_Praefatio,10,"Sed ego nimirum , dum omnes excusationis causas colligo ne cum Caesare conferar , hoc ipsum crimen arrogantiae subeo , quod me iudicio cuiusquam existimem posse cum Caesare comparari .",50,12.0,0.0,4,4
C_Iulius_Caesar_(Aulus_Hirtius)_Commentarii_de_Bello_Gallico_Book_8_Praefatio,11,Vale .,33,,,1,2
C_Iulius_Caesar_(Aulus_Hirtius)_Commentarii_de_Bello_Gallico_Book_8_Praefatio,2,"Caesaris nostri commentarios rerum gestarum Galliae , non comparantibus superioribus atque insequentibus eius scriptis , contexui novissimum -que imperfectum ab rebus gestis Alexandriae confeci usque ad exitum non quidem civilis dissensionis , cuius finem nullum videmus , sed vitae Caesaris . (confeci ad exitum)",44,13.0,8.0,3,3
C_Iulius_Caesar_(Aulus_Hirtius)_Commentarii_de_Bello_Gallico_Book_8_Praefatio,3,"Quos utinam qui legent scire possint quam invitus susceperim scribendos , qua facilius caream stultitiae atque arrogantiae crimine , qui me mediis interposuerim Caesaris scriptis .",40,7.0,5.0,5,5
C_Iulius_Caesar_(Aulus_Hirtius)_Commentarii_de_Bello_Gallico_Book_8_Praefatio,4,"Constat enim inter omnes nihil tam operose ab aliis esse perfectum , quod non horum elegantia commentariorum superetur :",44,8.0,4.0,2,4
C_Iulius_Caesar_(Aulus_Hirtius)_Commentarii_de_Bello_Gallico_Book_8_Praefatio,5,"qui sunt editi , ne scientia tantarum rerum scriptoribus deesset , adeo -que probantur omnium iudicio ut praerepta , non praebita , facultas scriptoribus videatur . (videatur)",43,13.0,7.0,4,4
C_Iulius_Caesar_(Aulus_Hirtius)_Commentarii_de_Bello_Gallico_Book_8_Praefatio,6,Cuius tamen rei maior nostra quam reliquorum est admiratio : (admiratio est),28,7.0,4.0,1,1
C_Iulius_Caesar_(Aulus_Hirtius)_Commentarii_de_Bello_Gallico_Book_8_Praefatio,7,"ceteri enim , quam bene atque emendate , nos etiam , quam facile atque celeriter eos perfecerit scimus . (sciunt) (perfecerit)",34,8.0,3.0,2,5
C_Iulius_Caesar_(Aulus_Hirtius)_Commentarii_de_Bello_Gallico_Book_8_Praefatio,8,"Erat autem in Caesare cum facultas atque elegantia summa scribendi , tum verissima scientia suorum consiliorum explicandorum . (erat)",47,7.0,4.0,1,2
C_Iulius_Caesar_(Aulus_Hirtius)_Commentarii_de_Bello_Gallico_Book_8_Praefatio,9,"Mihi ne illud quidem accidit , ut Alexandrino atque Africano bello interessem ; quae bella quamquam ex parte nobis Caesaris sermone sunt nota , tamen aliter audimus ea , quae rerum novitate aut admiratione nos capiunt , aliter , quae pro testimonio sumus dicturi . (audimus)",44,12.0,3.0,6,4
C_Iulius_Caesar_AP_Gallic_War_1_1-10,1,"Gallia est omnis divisa in partes tres , quarum unam incolunt Belgae , aliam Aquitani , tertiam qui ipsorum lingua Celtae , nostra Galli appellantur . (appellantur) (incolunt) (incolunt)",32,10.0,7.0,3,2
C_Iulius_Caesar_AP_Gallic_War_1_1-10,10,"Is M. Messala M. Pisone consulibus regni cupiditate inductus coniurationem nobilitatis fecit et civitati persuasit ut de finibus suis cum omnibus copiis exirent : (et) perfacile esse , cum virtute omnibus praestarent , totius Galliae imperio potiri .",31,11.0,7.0,4,4
C_Iulius_Caesar_AP_Gallic_War_1_1-10,11,"Id hoc facilius iis persuasit , quod undique loci natura Helvetii continentur : una ex parte flumine Rheno latissimo atque altissimo , qui agrum Helvetium a Germanis dividit ; altera ex parte monte Iura altissimo , qui est inter Sequanos et Helvetios ; tertia lacu Lemanno et flumine Rhodano , qui provinciam nostram ab Helvetiis dividit . [ ] [ ] [ ] [ ] (continentur) (continentur) (continentur)",49,14.0,10.0,5,3
C_Iulius_Caesar_AP_Gallic_War_1_1-10,12,His rebus fiebat ut et minus late vagarentur et minus facile finitimis bellum inferre possent ; qua ex parte homines bellandi cupidi magno dolore adficiebantur .,33,10.0,4.0,3,5
C_Iulius_Caesar_AP_Gallic_War_1_1-10,13,"Pro multitudine autem hominum et pro gloria belli atque fortitudinis angustos se fines habere arbitrabantur , qui in longitudinem milia passuum CCXL , in latitudinem CLXXX patebant . (patebant)",47,10.0,0.0,3,3
C_Iulius_Caesar_AP_Gallic_War_1_1-10,14,"His rebus adducti et auctoritate Orgetorigis permoti constituerunt ea quae ad proficiscendum pertinerent comparare , iumentorum et carrorum quam maximum numerum coemere , sementes quam maximas facere , ut in itinere copia frumenti suppeteret , cum proximis civitatibus pacem et amicitiam confirmare .",49,11.0,6.0,3,4
C_Iulius_Caesar_AP_Gallic_War_1_1-10,15,"Ad eas res conficiendas biennium sibi satis esse duxerunt , in tertium annum profectionem lege confirmant .",49,10.0,4.0,2,3
C_Iulius_Caesar_AP_Gallic_War_1_1-10,16,Ad eas res conficiendas Orgetorix deligitur .,21,4.0,3.0,1,2
C_Iulius_Caesar_AP_Gallic_War_1_1-10,17,Is sibi legationem ad civitates suscipit .,40,3.0,2.0,1,1
C_Iulius_Caesar_AP_Gallic_War_1_1-10,18,"In eo itinere persuadet Castico , Catamantaloedis filio , Sequano , cuius pater regnum in Sequanis multos annos obtinuerat et a senatu populi Romani amicus appellatus erat , ut regnum in civitate sua occuparet , quod pater ante habuerat ;",32,14.0,8.0,5,4
C_Iulius_Caesar_AP_Gallic_War_1_1-10,19,"item -que Dumnorigi Haeduo , fratri Diviciaci , qui eo tempore principatum in civitate obtinebat ac maxime plebi acceptus erat , ut idem conaretur persuadet ei -que filiam suam in matrimonium dat .",36,12.0,0.0,5,5
C_Iulius_Caesar_AP_Gallic_War_1_1-10,2,"hi omnes lingua , institutis , legibus inter se differunt .",25,4.0,2.0,1,1
C_Iulius_Caesar_AP_Gallic_War_1_1-10,20,"Perfacile factu esse illis probat conata perficere , propterea quod ipse suae civitatis imperium obtenturus esset :",41,7.0,1.0,2,4
C_Iulius_Caesar_AP_Gallic_War_1_1-10,21,non esse dubium quin totius Galliae plurimum Helvetii possent ; (Orgetorix probat),30,6.0,0.0,1,4
C_Iulius_Caesar_AP_Gallic_War_1_1-10,22,se suis copiis suo -que exercitu illis regna conciliaturum confirmat .,49,4.0,0.0,1,1
C_Iulius_Caesar_AP_Gallic_War_1_1-10,23,Hac oratione adducti inter se fidem et ius iurandum dant et regno occupato per tres potentissimos ac firmissimos populos totius Galliae sese potiri posse sperant .,32,11.0,4.0,2,1
C_Iulius_Caesar_AP_Gallic_War_1_1-10,24,Ea res est Helvetiis per indicium enuntiata .,21,4.0,2.0,1,1
C_Iulius_Caesar_AP_Gallic_War_1_1-10,25,Moribus suis Orgetoricem ex vinculis causam dicere coegerunt ;,50,5.0,3.0,1,3
C_Iulius_Caesar_AP_Gallic_War_1_1-10,26,"damnatum poenam sequi oportebat , ut igni cremaretur .",36,5.0,0.0,2,5
C_Iulius_Caesar_AP_Gallic_War_1_1-10,27,"Die constituta causae dictionis Orgetorix ad iudicium omnem suam familiam , ad hominum milia decem , undique coegit , et omnes clientes obaeratos -que suos , quorum magnum numerum habebat , eodem conduxit ;",50,11.0,2.0,3,3
C_Iulius_Caesar_AP_Gallic_War_1_1-10,28,per eos ne causam diceret se eripuit .,50,5.0,3.0,2,4
C_Iulius_Caesar_AP_Gallic_War_1_1-10,29,"Cum civitas ob eam rem incitata armis ius suum exsequi conaretur multitudinem -que hominum ex agris magistratus cogerent , Orgetorix mortuus est ;",51,9.0,5.0,3,5
C_Iulius_Caesar_AP_Gallic_War_1_1-10,3,"Gallos ab Aquitanis Garunna flumen , a Belgis Matrona et Sequana dividit . (dividit) [ ]",32,6.0,3.0,1,1
C_Iulius_Caesar_AP_Gallic_War_1_1-10,30,"ne -que abest suspicio , ut Helvetii arbitrantur , quin ipse sibi mortem consciverit .",29,7.0,0.0,3,3
C_Iulius_Caesar_AP_Gallic_War_1_1-10,31,"Post eius mortem nihilo minus Helvetii id quod constituerant facere conantur , ut e finibus suis exeant .",36,10.0,3.0,3,4
C_Iulius_Caesar_AP_Gallic_War_1_1-10,32,"Ubi iam se ad eam rem paratos esse arbitrati sunt , oppida sua omnia , numero ad duodecim , vicos ad quadringentos , reliqua privata aedificia incendunt ;",43,12.0,7.0,2,1
C_Iulius_Caesar_AP_Gallic_War_1_1-10,33,"frumentum omne , praeter quod se -cum portaturi erant , comburunt , ut domum reditionis spe sublata paratiores ad omnia pericula subeunda essent ;",29,11.0,2.0,3,4
C_Iulius_Caesar_AP_Gallic_War_1_1-10,34,trium mensum molita cibaria sibi quemque domo efferre iubent .,33,5.0,1.0,1,1
C_Iulius_Caesar_AP_Gallic_War_1_1-10,35,"Persuadent Rauracis et Tulingis et Latobrigis finitimis , uti eodem usi consilio oppidis suis vicis -que exustis una cum iis proficiscantur , Boios -que , qui trans Rhenum incoluerant et in agrum Noricum transierant Noreiam -que oppugnabant , receptos ad se socios sibi adsciscunt . [ ]",40,14.0,8.0,6,4
C_Iulius_Caesar_AP_Gallic_War_1_1-10,36,"Erant omnino itinera duo , quibus itineribus domo exire possent :",35,5.0,4.0,2,4
C_Iulius_Caesar_AP_Gallic_War_1_1-10,37,"unum per Sequanos , angustum et difficile , inter montem Iuram et flumen Rhodanum , vix qua singuli carri ducerentur , mons autem altissimus impendebat , ut facile perpauci prohibere possent ; (erat) [ ] [ ]",47,11.0,5.0,3,5
C_Iulius_Caesar_AP_Gallic_War_1_1-10,38,"alterum per provinciam nostram , multo facilius atque expeditius , propterea quod inter fines Helvetiorum et Allobrogum , qui nuper pacati erant , Rhodanus fluit is -que non nullis locis vado transitur . (erat)",49,13.0,4.0,3,2
C_Iulius_Caesar_AP_Gallic_War_1_1-10,39,Extremum oppidum Allobrogum est proximum -que Helvetiorum finibus Genava .,31,6.0,2.0,1,1
C_Iulius_Caesar_AP_Gallic_War_1_1-10,4,"horum omnium fortissimi sunt Belgae , propterea quod a cultu atque humanitate provinciae longissime absunt minime -que ad eos mercatores saepe commeant atque ea , quae ad effeminandos animos pertinent , important proximi -que sunt Germanis , qui trans Rhenum incolunt , quibus -cum continenter bellum gerunt .",49,14.0,2.0,8,1
C_Iulius_Caesar_AP_Gallic_War_1_1-10,40,Ex eo oppido pons ad Helvetios pertinet .,14,5.0,3.0,1,1
C_Iulius_Caesar_AP_Gallic_War_1_1-10,41,"Allobrogibus sese vel persuasuros , quod nondum bono animo in populum Romanum viderentur , existimabant vel vi coacturos ut per suos fines eos ire paterentur .",36,13.0,0.0,3,5
C_Iulius_Caesar_AP_Gallic_War_1_1-10,42,"Omnibus rebus ad profectionem comparatis diem dicunt , qua die ad ripam Rhodani omnes conveniant .",21,9.0,5.0,2,3
C_Iulius_Caesar_AP_Gallic_War_1_1-10,43,"Is dies erat a. d. V . Kal. Apr. L. Pisone , A. Gabinio consulibus .",18,7.0,4.0,1,2
C_Iulius_Caesar_AP_Gallic_War_1_1-10,44,"Caesari cum id nuntiatum esset , eos per provinciam nostram iter facere conari , maturat ab urbe proficisci et quam maximis potest itineribus in Galliam ulteriorem contendit et ad Genavam pervenit . [ ]",49,14.0,3.0,5,4
C_Iulius_Caesar_AP_Gallic_War_1_1-10,45,"Provinciae toti quam maximum potest militum numerum imperat ( erat omnino in Gallia ulteriore legio una ) , pontem , qui erat ad Genavam , iubet rescindi .",49,11.0,5.0,5,2
C_Iulius_Caesar_AP_Gallic_War_1_1-10,46,"Ubi de eius adventu Helvetii certiores facti sunt , legatos ad eum mittunt nobilissimos civitatis , cuius legationis Nammeius et Verucloetius principem locum obtinebant , qui dicerent sibi esse in animo sine ullo maleficio iter per provinciam facere , propterea quod aliud iter haberent nullum ; rogare ut eius voluntate id sibi facere liceat . [ ]",49,17.0,9.0,6,4
C_Iulius_Caesar_AP_Gallic_War_1_1-10,47,"Caesar , quod memoria tenebat L. Cassium consulem occisum exercitum -que eius ab Helvetiis pulsum et sub iugum missum , concedendum non putabat ; [ ] ne -que homines inimico animo , data facultate per provinciam itineris faciundi , temperaturos ab iniuria et maleficio existimabat .",49,15.0,7.0,3,2
C_Iulius_Caesar_AP_Gallic_War_1_1-10,48,"Tamen , ut spatium intercedere posset dum milites quos imperaverat convenirent , legatis respondit diem se ad deliberandum sumpturum ;",32,11.0,3.0,4,4
C_Iulius_Caesar_AP_Gallic_War_1_1-10,49,"si quid vellent , ad Id. April. reverterentur . (Caesar respondit)",44,6.0,0.0,2,5
C_Iulius_Caesar_AP_Gallic_War_1_1-10,5,"qua de causa Helvetii quoque reliquos Gallos virtute praecedunt , quod fere cotidianis proeliis cum Germanis contendunt , cum aut suis finibus eos prohibent aut ipsi in eorum finibus bellum gerunt .",50,11.0,2.0,4,1
C_Iulius_Caesar_AP_Gallic_War_1_1-10,50,"Interea ea legione quam se -cum habebat militibus -que , qui ex provincia convenerant , a lacu Lemanno , qui in flumen Rhodanum influit , ad montem Iuram , qui fines Sequanorum ab Helvetiis dividit , milia passuum XVIIII murum in altitudinem pedum sedecim fossam -que perducit . [ ] [ ] [ ]",49,13.0,7.0,5,4
C_Iulius_Caesar_AP_Gallic_War_1_1-10,51,"Eo opere perfecto praesidia disponit , castella communit , quo facilius , si se invito transire conentur , prohibere possit .",36,11.0,3.0,4,4
C_Iulius_Caesar_AP_Gallic_War_1_1-10,52,"Ubi ea dies quam constituerat cum legatis venit et legati ad eum reverterunt , negat se more et exemplo populi Romani posse iter ulli per provinciam dare et , si vim facere conentur , prohibiturum ostendit .",54,13.0,6.0,6,4
C_Iulius_Caesar_AP_Gallic_War_1_1-10,53,"Helvetii ea spe deiecti navibus iunctis ratibus -que compluribus factis , alii vadis Rhodani , qua minima altitudo fluminis erat , non numquam interdiu , saepius noctu , si perrumpere possent conati , operis munitione et militum concursu et telis repulsi , hoc conatu destiterunt . (conati) [ ] (alii)",38,12.0,2.0,3,4
C_Iulius_Caesar_AP_Gallic_War_1_1-10,54,"Relinquebatur una per Sequanos via , qua Sequanis invitis propter angustias ire non poterant .",29,5.0,0.0,2,3
C_Iulius_Caesar_AP_Gallic_War_1_1-10,55,"His cum sua sponte persuadere non possent , legatos ad Dumnorigem Haeduum mittunt , ut eo deprecatore a Sequanis impetrarent . [ ]",32,9.0,3.0,3,4
C_Iulius_Caesar_AP_Gallic_War_1_1-10,56,"Dumnorix gratia et largitione apud Sequanos plurimum poterat et Helvetiis erat amicus , quod ex ea civitate Orgetorigis filiam in matrimonium duxerat , et cupiditate regni adductus novis rebus studebat et quam plurimas civitates suo beneficio habere obstrictas volebat .",47,13.0,3.0,5,4
C_Iulius_Caesar_AP_Gallic_War_1_1-10,57,"Itaque rem suscipit et a Sequanis impetrat ut per fines suos Helvetios ire patiantur , obsides -que uti inter sese dent perficit :",43,12.0,3.0,5,4
C_Iulius_Caesar_AP_Gallic_War_1_1-10,58,"Sequani , ne itinere Helvetios prohibeant , Helvetii , ut sine maleficio et iniuria transeant . (dederunt obsides) (dederunt obsides)",36,10.0,0.0,2,3
C_Iulius_Caesar_AP_Gallic_War_1_1-10,59,"Caesari renuntiatur Helvetiis esse in animo per agrum Sequanorum et Haeduorum iter in Santonum fines facere , qui non longe a Tolosatium finibus absunt , quae civitas est in provincia .",49,14.0,3.0,3,2
C_Iulius_Caesar_AP_Gallic_War_1_1-10,6,"eorum una pars , quam Gallos obtinere dictum est , initium capit a flumine Rhodano , continetur Garunna flumine , Oceano , finibus Belgarum , attingit etiam ab Sequanis et Helvetiis flumen Rhenum , vergit ad septentriones . [ ] [ ] [ ]",52,8.0,4.0,5,2
C_Iulius_Caesar_AP_Gallic_War_1_1-10,60,"Id si fieret , intellegebat magno cum periculo provinciae futurum ut homines bellicosos , populi Romani inimicos , locis patentibus maxime -que frumentariis finitimos haberet .",49,10.0,0.0,2,4
C_Iulius_Caesar_AP_Gallic_War_1_1-10,61,Ob eas causas ei munitioni quam fecerat T. Labienum legatum praeficit ; [ ],50,6.0,3.0,2,4
C_Iulius_Caesar_AP_Gallic_War_1_1-10,62,"ipse in Italiam magnis itineribus contendit duas -que ibi legiones conscribit et tres , quae circum Aquileiam hiemabant , ex hibernis educit et , qua proximum iter in ulteriorem Galliam per Alpes erat , cum his quinque legionibus ire contendit .",28,14.0,1.0,6,3
C_Iulius_Caesar_AP_Gallic_War_1_1-10,63,Ibi Ceutrones et Graioceli et Caturiges locis superioribus occupatis itinere exercitum prohibere conantur .,36,5.0,3.0,1,2
C_Iulius_Caesar_AP_Gallic_War_1_1-10,64,"Compluribus his proeliis pulsis ab Ocelo , quod est oppidum citerioris provinciae extremum , in fines Vocontiorum ulterioris provinciae die septimo pervenit ;",49,12.0,5.0,2,3
C_Iulius_Caesar_AP_Gallic_War_1_1-10,65,"inde in Allobrogum fines , ab Allobrogibus in Segusiavos exercitum ducit .",31,5.0,4.0,1,1
C_Iulius_Caesar_AP_Gallic_War_1_1-10,66,Hi sunt extra provinciam trans Rhodanum primi .,49,4.0,3.0,1,1
C_Iulius_Caesar_AP_Gallic_War_1_1-10,7,"Belgae ab extremis Galliae finibus oriuntur , pertinent ad inferiorem partem fluminis Rheni , spectant in septentrionem et orientem solem . [ ]",36,10.0,5.0,3,2
C_Iulius_Caesar_AP_Gallic_War_1_1-10,8,"Aquitania a Garunna flumine ad Pyrenaeos montes et eam partem Oceani , quae est ad Hispaniam , pertinet , spectat inter occasum solis et septentriones . [ ]",30,12.0,7.0,3,1
C_Iulius_Caesar_AP_Gallic_War_1_1-10,9,Apud Helvetios longe nobilissimus fuit et ditissimus Orgetorix .,47,5.0,2.0,1,3
C_Iulius_Caesar_AP_Gallic_War_5_24-5_48,1,"Subductis navibus concilio -que Gallorum Samarobrivae peracto , quod eo anno frumentum in Gallia propter siccitates angustius provenerat , coactus est aliter ac superioribus annis exercitum in hibernis collocare legiones -que in plures civitates distribuere . (fecit)",53,10.0,5.0,2,4
C_Iulius_Caesar_AP_Gallic_War_5_24-5_48,10,"Erat in Carnutibus summo loco natus Tasgetius , cuius maiores in sua civitate regnum obtinuerant .",43,7.0,5.0,2,4
C_Iulius_Caesar_AP_Gallic_War_5_24-5_48,100,Nulla pars nocturni temporis ad laborem intermittitur ;,53,4.0,0.0,1,2
C_Iulius_Caesar_AP_Gallic_War_5_24-5_48,101,"non aegris , non vulneratis facultas quietis datur .",23,5.0,2.0,1,2
C_Iulius_Caesar_AP_Gallic_War_5_24-5_48,102,Quaecumque ad proximi diei oppugnationem opus sunt noctu comparantur ;,18,6.0,1.0,2,2
C_Iulius_Caesar_AP_Gallic_War_5_24-5_48,103,"multae praeustae sudes , magnus muralium pilorum numerus instituitur ;",17,5.0,0.0,1,2
C_Iulius_Caesar_AP_Gallic_War_5_24-5_48,104,"turres contabulantur , pinnae loricae -que ex cratibus attexuntur .",48,5.0,3.0,2,2
C_Iulius_Caesar_AP_Gallic_War_5_24-5_48,105,"Ipse Cicero , cum tenuissima valetudine esset , ne nocturnum quidem sibi tempus ad quietem relinquebat , ut ultro militum concursu ac vocibus sibi parcere cogeretur .",53,8.0,2.0,3,5
C_Iulius_Caesar_AP_Gallic_War_5_24-5_48,106,Tunc duces principes -que Nerviorum qui aliquem sermonis aditum causam -que amicitiae cum Cicerone habebant colloqui sese velle dicunt .,50,7.0,5.0,2,2
C_Iulius_Caesar_AP_Gallic_War_5_24-5_48,107,Facta potestate eadem quae Ambiorix cum Titurio egerat commemorant : omnem esse in armis Galliam ; Germanos Rhenum transisse ; Caesaris reliquorum -que hiberna oppugnari .,31,9.0,5.0,2,4
C_Iulius_Caesar_AP_Gallic_War_5_24-5_48,108,Addunt etiam de Sabini morte ;,15,4.0,3.0,1,1
C_Iulius_Caesar_AP_Gallic_War_5_24-5_48,109,Ambiorigem ostentant fidei faciendae causa .,50,4.0,3.0,1,1
C_Iulius_Caesar_AP_Gallic_War_5_24-5_48,11,"Huic Caesar pro eius virtute atque in se benevolentia , quod in omnibus bellis singulari eius opera fuerat usus , maiorum locum restituerat .",49,10.0,5.0,2,4
C_Iulius_Caesar_AP_Gallic_War_5_24-5_48,110,"Errare eos dicunt , si quidquam ab his praesidi sperent , qui suis rebus diffidant ; sese tamen hoc esse in Ciceronem populum -que Romanum animo , ut nihil ni -si hiberna recusent atque hanc inveterascere consuetudinem nolint : licere illis incolumibus per se ex hibernis discedere et quascumque in partes velint sine metu proficisci . (recusent)",49,16.0,0.0,6,3
C_Iulius_Caesar_AP_Gallic_War_5_24-5_48,111,"Cicero ad haec unum modo respondit : non esse consuetudinem populi Romani accipere ab hoste armato condicionem ; si ab armis discedere velint , se adiutore utantur legatos -que ad Caesarem mittant ; sperare pro eius iustitia , quae petierint , impetraturos . [ ]",40,12.0,6.0,5,5
C_Iulius_Caesar_AP_Gallic_War_5_24-5_48,112,Ab hac spe repulsi Nervii vallo pedum IX et fossa pedum XV hiberna cingunt .,38,9.0,4.0,1,1
C_Iulius_Caesar_AP_Gallic_War_5_24-5_48,113,"Haec et superiorum annorum consuetudine ab nobis cognoverant et , quos clam de exercitu habebant captivos , ab eis docebantur ;",48,11.0,2.0,3,4
C_Iulius_Caesar_AP_Gallic_War_5_24-5_48,114,"sed nulla ferramentorum copia quae esset ad hunc usum idonea , gladiis caespites circumcidere , manibus sagulis -que terram exhaurire nitebantur . (erat)",26,12.0,2.0,2,4
C_Iulius_Caesar_AP_Gallic_War_5_24-5_48,115,"Qua quidem ex re hominum multitudo cognosci potuit : nam minus horis tribus milium pedum XV in circuitu munitionem perfecerunt reliquis -que diebus turres ad altitudinem valli , falces testudines -que , quas idem captivi docuerant , parare ac facere coeperunt .",48,13.0,5.0,4,4
C_Iulius_Caesar_AP_Gallic_War_5_24-5_48,116,"Septimo oppugnationis die maximo coorto vento ferventes fusili ex argilla glandes fundis et fervefacta iacula in casas , quae more Gallico stramentis erant tectae , iacere coeperunt .",46,10.0,6.0,2,3
C_Iulius_Caesar_AP_Gallic_War_5_24-5_48,117,Hae celeriter ignem comprehenderunt et venti magnitudine in omnem locum castrorum distulerunt .,48,6.0,4.0,2,3
C_Iulius_Caesar_AP_Gallic_War_5_24-5_48,118,Hostes maximo clamore sicuti parta iam atque explorata victoria turres testudines -que agere et scalis vallum ascendere coeperunt . (egerunt),48,8.0,3.0,1,3
C_Iulius_Caesar_AP_Gallic_War_5_24-5_48,119,"At tanta militum virtus atque ea praesentia animi fuit , ut , cum undique flamma torrerentur maxima -que telorum multitudine premerentur sua -que omnia impedimenta atque omnes fortunas conflagrare intellegerent , non modo demigrandi causa de vallo decederet nemo , sed paene ne respiceret quidem quisquam , ac tum omnes acerrime fortissime -que pugnarent .",50,12.0,0.0,7,5
C_Iulius_Caesar_AP_Gallic_War_5_24-5_48,12,"Tertium iam hunc annum regnantem inimici , multis palam ex civitate eius auctoribus , eum interfecerunt .",37,8.0,4.0,1,3
C_Iulius_Caesar_AP_Gallic_War_5_24-5_48,120,Hic dies nostris longe gravissimus fuit ;,18,4.0,2.0,1,3
C_Iulius_Caesar_AP_Gallic_War_5_24-5_48,121,"sed tamen hunc habuit eventum , ut eo die maximus numerus hostium vulneraretur atque interficeretur , ut se sub ipso vallo constipaverant recessum -que primis ultimi non dabant .",37,10.0,0.0,5,5
C_Iulius_Caesar_AP_Gallic_War_5_24-5_48,122,"Paulum quidem intermissa flamma et quodam loco turri adacta et contingente vallum tertiae cohortis centuriones ex eo , quo stabant , loco recesserunt suos -que omnes removerunt , nutu vocibus -que hostes , si introire vellent , vocare coeperunt ;",51,12.0,2.0,5,4
C_Iulius_Caesar_AP_Gallic_War_5_24-5_48,123,quorum progredi ausus est nemo .,40,3.0,1.0,1,1
C_Iulius_Caesar_AP_Gallic_War_5_24-5_48,124,"Tum ex omni parte lapidibus coniectis deturbati , turris -que succensa est .",48,7.0,2.0,1,1
C_Iulius_Caesar_AP_Gallic_War_5_24-5_48,125,"Erant in ea legione fortissimi viri , centuriones , qui primis ordinibus appropinquarent , Titus Pullo et Lucius Vorenus .",40,8.0,5.0,2,4
C_Iulius_Caesar_AP_Gallic_War_5_24-5_48,126,"Hi perpetuas inter se controversias habebant , quinam anteferretur , omnibus -que annis de locis summis simultatibus contendebant .",18,9.0,5.0,2,2
C_Iulius_Caesar_AP_Gallic_War_5_24-5_48,127,"Ex his Pullo , cum acerrime ad munitiones pugnaretur , "" Quid dubitas , "" inquit , "" Vorene ? aut quem locum tuae probandae virtutis exspectas ?",41,9.0,3.0,4,5
C_Iulius_Caesar_AP_Gallic_War_5_24-5_48,128,"hic dies de nostris controversiis iudicabit . """,18,5.0,3.0,1,5
C_Iulius_Caesar_AP_Gallic_War_5_24-5_48,129,"Haec cum dixisset , procedit extra munitiones quaque pars hostium confertissima est visa , irrumpit .",28,8.0,5.0,4,6
C_Iulius_Caesar_AP_Gallic_War_5_24-5_48,13,Defertur ea res ad Caesarem .,21,4.0,2.0,1,2
C_Iulius_Caesar_AP_Gallic_War_5_24-5_48,130,"Ne Vorenus quidem tum sese vallo continet , sed omnium veritus existimationem subsequitur .",44,7.0,2.0,2,2
C_Iulius_Caesar_AP_Gallic_War_5_24-5_48,131,Mediocri spatio relicto Pullo pilum in hostes immittit atque unum ex multitudine procurrentem traicit ;,47,7.0,4.0,2,1
C_Iulius_Caesar_AP_Gallic_War_5_24-5_48,132,"quo percusso et exanimato hunc scutis protegunt , in hostem tela universi coniciunt ne -que dant regrediendi facultatem .",36,7.0,4.0,3,1
C_Iulius_Caesar_AP_Gallic_War_5_24-5_48,133,Transfigitur scutum Pulloni et verutum in balteo defigitur .,35,5.0,3.0,2,2
C_Iulius_Caesar_AP_Gallic_War_5_24-5_48,134,"Avertit hic casus vaginam et gladium educere conanti dextram moratur manum , impeditum -que hostes circumsistunt .",44,7.0,2.0,3,2
C_Iulius_Caesar_AP_Gallic_War_5_24-5_48,135,Succurrit inimicus illi Vorenus et laboranti subvenit .,24,5.0,3.0,2,1
C_Iulius_Caesar_AP_Gallic_War_5_24-5_48,136,Ad hunc se confestim a Pullone omnis multitudo convertit ;,25,4.0,2.0,1,1
C_Iulius_Caesar_AP_Gallic_War_5_24-5_48,137,illum veruto arbitrantur occisum .,4,2.0,0.0,1,2
C_Iulius_Caesar_AP_Gallic_War_5_24-5_48,138,Gladio comminus rem gerit Vorenus atque uno interfecto reliquos paulum propellit ;,37,5.0,2.0,2,1
C_Iulius_Caesar_AP_Gallic_War_5_24-5_48,139,"dum cupidius instat , in locum deiectus inferiorem concidit .",14,6.0,0.0,2,1
C_Iulius_Caesar_AP_Gallic_War_5_24-5_48,14,"Ille veritus , quod ad plures pertinebat , ne civitas eorum impulsu deficeret , Lucium Plancum cum legione ex Belgio celeriter in Carnutes proficisci iubet ibi -que hiemare quorum -que opera cognoverat Tasgetium interfectum , hos comprehensos ad se mittere .",48,13.0,6.0,4,4
C_Iulius_Caesar_AP_Gallic_War_5_24-5_48,140,"Huic rursus circumvento fert subsidium Pullo , atque ambo incolumes compluribus interfectis summa cum laude sese intra munitiones recipiunt .",53,7.0,3.0,2,1
C_Iulius_Caesar_AP_Gallic_War_5_24-5_48,141,"Sic fortuna in contentione et certamine utrumque versavit , ut alter alteri inimicus auxilio saluti -que esset , ne -que diiudicari posset , uter utri virtute anteferendus videretur .",53,10.0,3.0,4,5
C_Iulius_Caesar_AP_Gallic_War_5_24-5_48,142,"Quanto erat in dies gravior atque asperior oppugnatio , et maxime quod magna parte militum confecta vulneribus res ad paucitatem defensorum pervenerat , tanto crebriores litterae nuntii -que ad Caesarem mittebantur ;",32,12.0,2.0,3,4
C_Iulius_Caesar_AP_Gallic_War_5_24-5_48,143,quorum pars deprehensa in conspectu nostrorum militum cum cruciatu necabatur .,28,8.0,2.0,1,3
C_Iulius_Caesar_AP_Gallic_War_5_24-5_48,144,"Erat unus intus Nervius nomine Vertico , loco natus honesto , qui a prima obsidione ad Ciceronem perfugerat suam -que ei fidem praestiterat .",43,9.0,6.0,3,4
C_Iulius_Caesar_AP_Gallic_War_5_24-5_48,145,"Hic servo spe libertatis magnis -que persuadet praemiis , ut litteras ad Caesarem deferat .",31,7.0,3.0,2,3
C_Iulius_Caesar_AP_Gallic_War_5_24-5_48,146,Has ille in iaculo illigatas effert et Gallus inter Gallos sine ulla suspicione versatus ad Caesarem pervenit .,27,10.0,6.0,2,1
C_Iulius_Caesar_AP_Gallic_War_5_24-5_48,147,Ab eo de periculis Ciceronis legionis -que cognoscitur .,15,6.0,4.0,1,2
C_Iulius_Caesar_AP_Gallic_War_5_24-5_48,148,"Caesar acceptis litteris hora circiter XI diei statim nuntium in Bellovacos ad M. Crassum quaestorem mittit , cuius hiberna aberant ab eo milia passuum XXV ; []",18,8.0,5.0,2,2
C_Iulius_Caesar_AP_Gallic_War_5_24-5_48,149,iubet media nocte legionem proficisci celeriter -que ad se venire .,36,6.0,4.0,1,1
C_Iulius_Caesar_AP_Gallic_War_5_24-5_48,15,"Interim ab omnibus legatis quaestore -que , quibus legiones tradiderat , certior factus est in hiberna perventum locum -que hibernis esse munitum .",33,9.0,4.0,2,4
C_Iulius_Caesar_AP_Gallic_War_5_24-5_48,150,Exit cum nuntio Crassus .,28,3.0,2.0,1,1
C_Iulius_Caesar_AP_Gallic_War_5_24-5_48,151,"Alterum ad Gaium Fabium legatum mittit , ut in Atrebatium fines legionem adducat , qua sibi iter faciendum sciebat . []",34,12.0,3.0,3,3
C_Iulius_Caesar_AP_Gallic_War_5_24-5_48,152,"Scribit Labieno , si rei publicae commodo facere posset , cum legione ad fines Nerviorum veniat .",31,8.0,4.0,3,4
C_Iulius_Caesar_AP_Gallic_War_5_24-5_48,153,"Reliquam partem exercitus , quod paulo aberat longius , non putat exspectandam ;",47,7.0,1.0,2,2
C_Iulius_Caesar_AP_Gallic_War_5_24-5_48,154,equites circiter quadringentos ex proximis hibernis colligit .,31,6.0,3.0,1,1
C_Iulius_Caesar_AP_Gallic_War_5_24-5_48,155,Hora circiter tertia ab antecursoribus de Crassi adventu certior factus eo die milia passuum XX procedit .,33,7.0,2.0,1,1
C_Iulius_Caesar_AP_Gallic_War_5_24-5_48,156,"Crassum Samarobrivae praeficit legionem -que attribuit , quod ibi impedimenta exercitus , obsides civitatum , litteras publicas frumentum -que omne quod eo tolerandae hiemis causa devexerat relinquebat .",50,10.0,2.0,4,4
C_Iulius_Caesar_AP_Gallic_War_5_24-5_48,157,"Fabius , ut imperatum erat , non ita multum moratus in itinere cum legione occurrit .",43,7.0,3.0,2,2
C_Iulius_Caesar_AP_Gallic_War_5_24-5_48,158,"Labienus interitu Sabini et caede cohortium cognita , cum omnes ad eum Treverorum copiae venissent , veritus ne , si ex hibernis fugae similem profectionem fecisset , hostium impetum sustinere non posset , praesertim quos recenti victoria efferri sciret , litteras Caesari remittit , quanto cum periculo legionem ex hibernis educturus esset ;",50,14.0,5.0,6,6
C_Iulius_Caesar_AP_Gallic_War_5_24-5_48,159,rem gestam in Eburonibus perscribit ;,21,4.0,2.0,1,1
C_Iulius_Caesar_AP_Gallic_War_5_24-5_48,16,"Diebus circiter XV , quibus in hiberna ventum est , initium repentini tumultus ac defectionis ortum est ab Ambiorige et Catuvolco , qui , cum ad fines regni sui Sabino Cottae -que praesto fuissent frumentum -que in hiberna comportavissent , Indutiomari Treveri nuntiis impulsi suos concitaverunt subito -que oppressis lignatoribus magna manu ad castra oppugnatum venerunt .",52,16.0,8.0,6,6
C_Iulius_Caesar_AP_Gallic_War_5_24-5_48,160,docet omnes equitatus peditatus -que copias Treverorum tria milia passuum longe ab suis castris consedisse .,18,7.0,0.0,1,1
C_Iulius_Caesar_AP_Gallic_War_5_24-5_48,161,"Caesar consilio eius probato , etsi opinione trium legionum deiectus ad duas redierat , tamen unum communis salutis auxilium in celeritate ponebat .",53,9.0,3.0,2,4
C_Iulius_Caesar_AP_Gallic_War_5_24-5_48,162,Venit magnis itineribus in Nerviorum fines .,31,5.0,3.0,1,1
C_Iulius_Caesar_AP_Gallic_War_5_24-5_48,163,"Ibi ex captivis cognoscit , quae apud Ciceronem gerantur , quanto -que in periculo res sit .",48,7.0,3.0,3,4
C_Iulius_Caesar_AP_Gallic_War_5_24-5_48,164,Tum cuidam ex equitibus Gallis magnis praemiis persuadet uti ad Ciceronem epistolam deferat .,31,8.0,4.0,2,3
C_Iulius_Caesar_AP_Gallic_War_5_24-5_48,165,"Hanc Graecis conscriptam litteris mittit , ne intercepta epistola nostra ab hostibus consilia cognoscantur .",15,6.0,3.0,2,4
C_Iulius_Caesar_AP_Gallic_War_5_24-5_48,166,"Si adire non possit , monet ut tragulam cum epistola ad amentum deligata intra munitionem castrorum abiciat .",38,11.0,8.0,3,3
C_Iulius_Caesar_AP_Gallic_War_5_24-5_48,167,In litteris scribit se cum legionibus profectum celeriter adfore ;,40,7.0,5.0,1,1
C_Iulius_Caesar_AP_Gallic_War_5_24-5_48,168,hortatur ut pristinam virtutem retineat .,29,4.0,2.0,2,3
C_Iulius_Caesar_AP_Gallic_War_5_24-5_48,169,"Gallus periculum veritus , ut erat praeceptum , tragulam mittit .",36,6.0,3.0,2,2
C_Iulius_Caesar_AP_Gallic_War_5_24-5_48,17,"Cum celeriter nostri arma cepissent vallum -que adscendissent atque una ex parte Hispanis equitibus emissis equestri proelio superiores fuissent , desperata re hostes suos ab oppugnatione reduxerunt .",32,9.0,4.0,4,6
C_Iulius_Caesar_AP_Gallic_War_5_24-5_48,170,"Haec casu ad turrim adhaesit ne -que ab nostris biduo animadversa tertio die a quodam milite conspicitur , dempta ad Ciceronem defertur .",48,8.0,3.0,3,3
C_Iulius_Caesar_AP_Gallic_War_5_24-5_48,171,Ille perlectam in conventu militum recitat maxima -que omnes laetitia adficit .,20,7.0,2.0,2,1
C_Iulius_Caesar_AP_Gallic_War_5_24-5_48,172,Tum fumi incendiorum procul videbantur ;,15,3.0,2.0,1,3
C_Iulius_Caesar_AP_Gallic_War_5_24-5_48,173,quae res omnem dubitationem adventus legionum expulit .,31,5.0,3.0,1,3
C_Iulius_Caesar_AP_Gallic_War_5_24-5_48,18,"Tum suo more conclamaverunt , uti aliqui ex nostris ad colloquium prodiret : habere sese , quae de re communi dicere vellent , quibus rebus controversias minui posse sperarent .",41,12.0,8.0,4,4
C_Iulius_Caesar_AP_Gallic_War_5_24-5_48,19,"Mittitur ad eos colloquendi causa Gaius Arpineius , eques Romanus , familiaris Quinti Tituri , et Quintus Iunius ex Hispania quidam , qui iam ante missu Caesaris ad Ambiorigem ventitare consuerat .",50,10.0,7.0,2,4
C_Iulius_Caesar_AP_Gallic_War_5_24-5_48,2,"Ex quibus unam in Morinos ducendam Gaio Fabio legato dedit , alteram in Nervios Quinto Ciceroni , tertiam in Esubios Lucio Roscio ; [ ] (dedit) (dedit) quartam in Remis cum Tito Labieno in confinio Treverorum hiemare iussit . (ducendam) (ducendam)",32,11.0,5.0,2,3
C_Iulius_Caesar_AP_Gallic_War_5_24-5_48,20,"apud quos Ambiorix ad hunc modum locutus est : Sese pro Caesaris in se beneficiis plurimum ei confiteri debere , quod eius opera stipendio liberatus esset , quod Aduatucis , finitimis suis , pendere consuesset , quod -que ei et filius et fratris filius ab Caesare remissi essent , quos Aduatuci obsidum numero missos apud se in servitute et catenis tenuissent ; ne -que id , quod fecerit de oppugnatione castrorum , aut iudicio aut voluntate sua fecisse , sed coactu civitatis , sua -que esse eiusmodi imperia , ut non minus haberet iuris in se multitudo quam ipse in multitudinem . (haberet)",52,19.0,7.0,7,6
C_Iulius_Caesar_AP_Gallic_War_5_24-5_48,21,"Civitati porro hanc fuisse belli causam , quod repentinae Gallorum coniurationi resistere non potuerit . (locutus)",50,7.0,0.0,1,5
C_Iulius_Caesar_AP_Gallic_War_5_24-5_48,22,"Id se facile ex humilitate sua probare posse , quod non adeo sit imperitus rerum ut suis copiis populum Romanum superari posse confidat . (locutus)",41,12.0,0.0,2,3
C_Iulius_Caesar_AP_Gallic_War_5_24-5_48,23,"Sed esse Galliae commune consilium : (locutus) omnibus hibernis Caesaris oppugnandis hunc esse dictum diem , ne qua legio alterae legioni subsidio venire posset .",29,9.0,5.0,1,4
C_Iulius_Caesar_AP_Gallic_War_5_24-5_48,24,"Non facile Gallos Gallis negare potuisse , praesertim cum de recuperanda communi libertate consilium initum videretur . (locutus)",41,9.0,0.0,1,5
C_Iulius_Caesar_AP_Gallic_War_5_24-5_48,25,"Quibus quoniam pro pietate satisfecerit , habere nunc se rationem officii pro beneficiis Caesaris : (locutus) monere , orare Titurium pro hospitio , ut suae ac militum saluti consulat .",53,12.0,0.0,2,5
C_Iulius_Caesar_AP_Gallic_War_5_24-5_48,26,Magnam manum Germanorum conductam Rhenum transisse ; hanc adfore biduo . (locutus),18,5.0,0.0,0,0
C_Iulius_Caesar_AP_Gallic_War_5_24-5_48,27,"Ipsorum esse consilium , velint -ne priusquam finitimi sentiant eductos ex hibernis milites aut ad Ciceronem aut ad Labienum deducere , quorum alter milia passuum circiter quinquaginta , alter paulo amplius ab eis absit . (locutus) (absit)",46,11.0,8.0,3,3
C_Iulius_Caesar_AP_Gallic_War_5_24-5_48,28,Illud se polliceri et iure iurando confirmare tutum iter per fines daturum . (locutus) [ ],53,7.0,0.0,0,0
C_Iulius_Caesar_AP_Gallic_War_5_24-5_48,29,"Quod cum faciat , et civitati sese consulere , quod hibernis levetur , et Caesari pro eius meritis gratiam referre . (locutus)",28,8.0,0.0,2,4
C_Iulius_Caesar_AP_Gallic_War_5_24-5_48,3,Tres in Belgis collocavit :,47,3.0,2.0,1,3
C_Iulius_Caesar_AP_Gallic_War_5_24-5_48,30,Hac oratione habita discedit Ambiorix .,17,4.0,1.0,1,1
C_Iulius_Caesar_AP_Gallic_War_5_24-5_48,31,"Arpineius et Iunius , quae audierunt , ad legatos deferunt .",32,4.0,2.0,2,3
C_Iulius_Caesar_AP_Gallic_War_5_24-5_48,32,"Illi repentina re perturbati , etsi ab hoste ea dicebantur , tamen non neglegenda existimabant maxime -que hac re permovebantur , quod civitatem ignobilem atque humilem Eburonum sua sponte populo Romano bellum facere ausam vix erat credendum .",40,13.0,5.0,4,3
C_Iulius_Caesar_AP_Gallic_War_5_24-5_48,33,Ita -que ad consilium rem deferunt magna -que inter eos exsistit controversia .,43,6.0,0.0,2,1
C_Iulius_Caesar_AP_Gallic_War_5_24-5_48,34,Lucius Aurunculeius complures -que tribuni militum et primorum ordinum centuriones nihil temere agendum ne -que ex hibernis iniussu Caesaris discedendum existimabant :,44,9.0,4.0,1,2
C_Iulius_Caesar_AP_Gallic_War_5_24-5_48,35,"quantasvis magnas copias etiam Germanorum sustineri posse munitis hibernis docebant : rem esse testimonio , quod primum hostium impetum multis ultro vulneribus illatis fortissime sustinuerint : re frumentaria non premi ; interea et ex proximis hibernis et a Caesare conventura subsidia : postremo quid esse levius aut turpius , quam auctore hoste de summis rebus capere consilium ? (est)",40,15.0,0.0,2,5
C_Iulius_Caesar_AP_Gallic_War_5_24-5_48,36,"Contra ea Titurius sero facturos clamitabat , cum maiores manus hostium adiunctis Germanis convenissent aut cum aliquid calamitatis in proximis hibernis esset acceptum .",28,9.0,7.0,3,6
C_Iulius_Caesar_AP_Gallic_War_5_24-5_48,37,Brevem consulendi esse occasionem . (clamitabat),25,3.0,0.0,0,0
C_Iulius_Caesar_AP_Gallic_War_5_24-5_48,38,"Caesarem arbitrari profectum in Italiam ; ne -que aliter Carnutes interficiendi Tasgeti consilium fuisse capturos , ne -que Eburones , si ille adesset , tanta contemptione nostri ad castra venturos esse . (clamitabat)",40,8.0,0.0,1,4
C_Iulius_Caesar_AP_Gallic_War_5_24-5_48,39,"Non hostem auctorem , sed rem spectare : subesse Rhenum ; magno esse Germanis dolori Ariovisti mortem et superiores nostras victorias ; ardere Galliam tot contumeliis acceptis sub populi Romani imperium redactam superiore gloria rei militaris exstincta . (clamitabat) [ ]",35,11.0,0.0,0,0
C_Iulius_Caesar_AP_Gallic_War_5_24-5_48,4,eis Marcum Crassum quaestorem et Lucium Munatium Plancum et Gaium Trebonium legatos praefecit . [ ] [ ],32,7.0,3.0,1,3
C_Iulius_Caesar_AP_Gallic_War_5_24-5_48,40,"Postremo quis hoc sibi persuaderet , sine certa re Ambiorigem ad eiusmodi consilium descendisse ? (clamitabat)",40,6.0,0.0,1,4
C_Iulius_Caesar_AP_Gallic_War_5_24-5_48,41,"Suam sententiam in utramque partem esse tutam : si nihil esset durius , nullo cum periculo ad proximam legionem perventuros ; si Gallia omnis cum Germanis consentiret , unam esse in celeritate positam salutem . (clamitabat)",53,11.0,0.0,2,4
C_Iulius_Caesar_AP_Gallic_War_5_24-5_48,42,"Cottae quidem atque eorum , qui dissentirent , consilium quem habere exitum ? (clamitabat) In quo si non praesens periculum , at certe longinqua obsidione fames esset timenda . (timendum)",50,11.0,0.0,2,4
C_Iulius_Caesar_AP_Gallic_War_5_24-5_48,43,"Hac in utramque partem disputatione habita , cum a Cotta primis -que ordinibus acriter resisteretur , "" Vincite , "" inquit , "" si ita vultis , "" Sabinus , et id clariore voce , ut magna pars militum exaudiret , "" ne -que is sum , "" inquit , "" qui gravissime ex vobis mortis periculo terrear : hi sapient ; si gravius quid acciderit , abs te rationem reposcent , qui , si per te liceat , perendino die cum proximis hibernis coniuncti communem cum reliquis belli casum sustineant , non reiecti et relegati longe ab ceteris aut ferro aut fame intereant . (qui)",49,18.0,6.0,13,5
C_Iulius_Caesar_AP_Gallic_War_5_24-5_48,44,"Consurgitur ex consilio ; comprehendunt utrumque et orant , ne sua dissensione et pertinacia rem in summum periculum deducant : facilem esse rem , seu maneant , seu proficiscantur , si modo unum omnes sentiant ac probent ; contra in dissensione nullam se salutem perspicere .",53,12.0,6.0,8,4
C_Iulius_Caesar_AP_Gallic_War_5_24-5_48,45,Res disputatione ad mediam noctem perducitur .,21,4.0,3.0,1,2
C_Iulius_Caesar_AP_Gallic_War_5_24-5_48,46,Tandem dat Cotta permotus manus ; superat sententia Sabini .,17,6.0,3.0,2,1
C_Iulius_Caesar_AP_Gallic_War_5_24-5_48,47,Pronuntiatur prima luce ituros .,13,3.0,0.0,1,2
C_Iulius_Caesar_AP_Gallic_War_5_24-5_48,48,"Consumitur vigiliis reliqua pars noctis , cum sua quisque miles circumspiceret , quid se -cum portare posset , quid ex instrumento hibernorum relinquere cogeretur .",40,11.0,2.0,4,5
C_Iulius_Caesar_AP_Gallic_War_5_24-5_48,49,"Omnia excogitantur , quare ne -c sine periculo maneatur , et languore militum et vigiliis periculum augeatur .",27,6.0,0.0,3,4
C_Iulius_Caesar_AP_Gallic_War_5_24-5_48,5,"Unam legionem , quam proxime trans Padum conscripserat , et cohortes V in Eburones , quorum pars maxima est inter Mosam ac Rhenum , qui sub imperio Ambiorigis et Catuvolci erant , misit .",35,13.0,0.0,4,4
C_Iulius_Caesar_AP_Gallic_War_5_24-5_48,50,"Prima luce sic ex castris proficiscuntur , ut quibus esset persuasum non ab hoste , sed ab homine amicissimo Ambiorige consilium datum , longissimo agmine maximis -que impedimentis . [ ]",36,10.0,7.0,2,4
C_Iulius_Caesar_AP_Gallic_War_5_24-5_48,51,"At hostes , posteaquam ex nocturno fremitu vigiliis -que de profectione eorum senserunt , collocatis insidiis bipertito in silvis opportuno atque occulto loco a milibus passuum circiter duobus Romanorum adventum exspectabant , et cum se maior pars agminis in magnam convallem demisisset , ex utraque parte eius vallis subito se ostenderunt novissimos -que premere et primos prohibere ascensu atque iniquissimo nostris loco proelium committere coeperunt .",53,15.0,0.0,5,6
C_Iulius_Caesar_AP_Gallic_War_5_24-5_48,52,"Tum demum Titurius , qui nihil ante providisset , trepidare et concursare cohortes -que disponere , haec tamen ipsa timide atque ut eum omnia deficere viderentur ; (facere) quod plerumque eis accidere consuevit , qui in ipso negotio consilium capere coguntur .",44,13.0,9.0,4,6
C_Iulius_Caesar_AP_Gallic_War_5_24-5_48,53,"At Cotta , qui cogitasset haec posse in itinere accidere atque ob eam causam profectionis auctor non fuisset , nulla in re communi saluti deerat et in appellandis cohortandis -que militibus imperatoris et in pugna militis officia praestabat . (officia) (praestabat)",53,12.0,0.0,4,6
C_Iulius_Caesar_AP_Gallic_War_5_24-5_48,54,"Cum propter longitudinem agminis minus facile omnia per se obire et , quid quoque loco faciendum esset , providere possent , iusserunt pronuntiare , ut impedimenta relinquerent atque in orbem consisterent .",40,13.0,4.0,5,4
C_Iulius_Caesar_AP_Gallic_War_5_24-5_48,55,"Quod consilium etsi in eiusmodi casu reprehendendum non est , tamen incommode accidit .",17,7.0,5.0,2,3
C_Iulius_Caesar_AP_Gallic_War_5_24-5_48,56,"nam et nostris militibus spem minuit et hostes ad pugnam alacriores effecit , quod non sine summo timore et desperatione id factum videbatur .",26,11.0,4.0,3,3
C_Iulius_Caesar_AP_Gallic_War_5_24-5_48,57,"Praeterea accidit , quod fieri necesse erat , ut vulgo milites ab signis discederent , quae quisque eorum carissima haberet , ab impedimentis petere atque arripere properaret , clamore et fletu omnia complerentur .",45,10.0,5.0,6,5
C_Iulius_Caesar_AP_Gallic_War_5_24-5_48,58,At barbaris consilium non defuit .,45,2.0,0.0,1,3
C_Iulius_Caesar_AP_Gallic_War_5_24-5_48,59,"Nam duces eorum tota acie pronuntiare iusserunt , ne quis ab loco discederet : illorum esse praedam atque illis reservari quaecumque Romani reliquissent : proinde omnia in victoria posita existimarent .",54,11.0,6.0,4,6
C_Iulius_Caesar_AP_Gallic_War_5_24-5_48,6,Eis militibus Quintum Titurium Sabinum et Lucium Aurunculeium Cottam legatos praeesse iussit . [ ],32,7.0,0.0,1,3
C_Iulius_Caesar_AP_Gallic_War_5_24-5_48,60,"Erant et virtute et studio pugnandi pares ; nostri , tametsi ab duce et a fortuna deserebantur , tamen omnem spem salutis in virtute ponebant , et quotiens quaeque cohors procurrerat , ab ea parte magnus numerus hostium cadebat .",53,12.0,5.0,5,4
C_Iulius_Caesar_AP_Gallic_War_5_24-5_48,61,"Qua re animadversa Ambiorix pronuntiari iubet , ut procul tela coniciant ne -u propius accedant et , quam in partem Romani impetum fecerint , cedant ( levitate armorum et cotidiana exercitatione nihil eis noceri posse ) , rursus se ad signa recipientes insequantur .",44,11.0,1.0,6,5
C_Iulius_Caesar_AP_Gallic_War_5_24-5_48,62,"Quo praecepto ab eis diligentissime observato , cum quaepiam cohors ex orbe excesserat atque impetum fecerat , hostes velocissime refugiebant .",51,8.0,1.0,3,4
C_Iulius_Caesar_AP_Gallic_War_5_24-5_48,63,Interim eam partem nudari necesse erat et ab latere aperto tela recipi .,35,7.0,5.0,1,2
C_Iulius_Caesar_AP_Gallic_War_5_24-5_48,64,"Rursus cum in eum locum unde erant egressi reverti coeperant , et ab eis qui cesserant et ab eis qui proximi steterant circumveniebantur ;",44,14.0,6.0,5,4
C_Iulius_Caesar_AP_Gallic_War_5_24-5_48,65,"sin autem locum tenere vellent , ne -c virtuti locus relinquebatur , ne -que ab tanta multitudine coniecta tela conferti vitare poterant .",47,12.0,3.0,3,4
C_Iulius_Caesar_AP_Gallic_War_5_24-5_48,66,"Tamen tot incommodis conflictati , multis vulneribus acceptis resistebant et magna parte diei consumpta , cum a prima luce ad horam octavam pugnaretur , nihil quod ipsis esset indignum committebant .",44,10.0,5.0,4,5
C_Iulius_Caesar_AP_Gallic_War_5_24-5_48,67,"Tum Tito Balventio , qui superiore anno primum pilum duxerat , viro forti et magnae auctoritatis , utrumque femur tragula traicitur ;",47,8.0,5.0,2,4
C_Iulius_Caesar_AP_Gallic_War_5_24-5_48,68,"Quintus Lucanius , eiusdem ordinis , fortissime pugnans , dum circumvento filio subvenit , interficitur ;",37,7.0,3.0,2,2
C_Iulius_Caesar_AP_Gallic_War_5_24-5_48,69,Lucius Cotta legatus omnes cohortes ordines -que adhortans in adversum os funda vulneratur . [],32,7.0,3.0,1,2
C_Iulius_Caesar_AP_Gallic_War_5_24-5_48,7,Ad hunc modum distributis legionibus facillime inopiae frumentariae sese mederi posse existimavit .,52,7.0,0.0,1,3
C_Iulius_Caesar_AP_Gallic_War_5_24-5_48,70,"His rebus permotus Quintus Titurius , cum procul Ambiorigem suos cohortantem conspexisset , interpretem suum Gnaeum Pompeium ad eum mittit rogatum ut sibi militibus -que parcat . []",42,10.0,3.0,3,6
C_Iulius_Caesar_AP_Gallic_War_5_24-5_48,71,"Ille appellatus respondit : si velit se -cum colloqui , licere ; a multitudine impetrari posse , quod ad militum salutem pertineat ; ipsi vero nihil nocitum iri , in -que eam rem se suam fidem interponere .",53,12.0,6.0,3,3
C_Iulius_Caesar_AP_Gallic_War_5_24-5_48,72,"Ille cum Cotta saucio communicat , si videatur , pugna ut excedant et cum Ambiorige una colloquantur : sperare ab eo de sua ac militum salute impetrari posse .",53,12.0,3.0,4,4
C_Iulius_Caesar_AP_Gallic_War_5_24-5_48,73,Cotta se ad armatum hostem iturum negat atque in eo perseverat .,41,8.0,3.0,2,1
C_Iulius_Caesar_AP_Gallic_War_5_24-5_48,74,"Sabinus quos in praesentia tribunos militum circum se habebat et primorum ordinum centuriones se sequi iubet et , cum propius Ambiorigem accessisset , iussus arma abicere imperatum facit suis -que ut idem faciant imperat .",38,11.0,5.0,6,6
C_Iulius_Caesar_AP_Gallic_War_5_24-5_48,75,"Interim , dum de condicionibus inter se agunt longior -que consulto ab Ambiorige instituitur sermo , paulatim circumventus interficitur .",41,7.0,2.0,3,2
C_Iulius_Caesar_AP_Gallic_War_5_24-5_48,76,Tum vero suo more victoriam conclamant atque ululatum tollunt impetu -que in nostros facto ordines perturbant .,32,8.0,4.0,3,1
C_Iulius_Caesar_AP_Gallic_War_5_24-5_48,77,Ibi Lucius Cotta pugnans interficitur cum maxima parte militum .,37,5.0,3.0,1,2
C_Iulius_Caesar_AP_Gallic_War_5_24-5_48,78,Reliqui se in castra recipiunt unde erant egressi .,36,6.0,5.0,2,2
C_Iulius_Caesar_AP_Gallic_War_5_24-5_48,79,"Ex quibus Lucius Petrosidius aquilifer , cum magna multitudine hostium premeretur , aquilam intra vallum proiecit ; []",28,7.0,2.0,2,5
C_Iulius_Caesar_AP_Gallic_War_5_24-5_48,8,"Atque harum tamen omnium legionum hiberna praeter eam , quam Lucio Roscio in pacatissimam et quietissimam partem ducendam dederat , milibus passuum centum continebantur .",32,14.0,0.0,2,4
C_Iulius_Caesar_AP_Gallic_War_5_24-5_48,80,ipse pro castris fortissime pugnans occiditur .,15,4.0,4.0,1,2
C_Iulius_Caesar_AP_Gallic_War_5_24-5_48,81,Illi aegre ad noctem oppugnationem sustinent ;,9,3.0,2.0,1,1
C_Iulius_Caesar_AP_Gallic_War_5_24-5_48,82,noctu ad unum omnes desperata salute se ipsi interficiunt .,53,4.0,2.0,1,1
C_Iulius_Caesar_AP_Gallic_War_5_24-5_48,83,Pauci ex proelio lapsi incertis itineribus per silvas ad Titum Labienum legatum in hiberna perveniunt atque eum de rebus gestis certiorem faciunt . [],33,10.0,5.0,2,1
C_Iulius_Caesar_AP_Gallic_War_5_24-5_48,84,"Hac victoria sublatus Ambiorix statim cum equitatu in Aduatucos , qui erant eius regno finitimi , proficiscitur ;",36,10.0,4.0,2,2
C_Iulius_Caesar_AP_Gallic_War_5_24-5_48,85,ne -que noctem ne -que diem intermittit peditatum -que subsequi iubet . (intermittit),18,5.0,3.0,2,1
C_Iulius_Caesar_AP_Gallic_War_5_24-5_48,86,"Re demonstrata Aduatucis -que concitatis postero die in Nervios pervenit hortatur -que , ne sui in perpetuum liberandi atque ulciscendi Romanos pro eis quas acceperint iniuriis occasionem dimittant ; interfectos esse legatos duos magnam -que partem exercitus interisse demonstrat ; nihil esse negoti subito oppressam legionem quae cum Cicerone hiemet interfici ; se ad eam rem profitetur adiutorem .",44,19.0,4.0,7,5
C_Iulius_Caesar_AP_Gallic_War_5_24-5_48,87,Facile hac oratione Nerviis persuadet .,20,3.0,2.0,1,1
C_Iulius_Caesar_AP_Gallic_War_5_24-5_48,88,"Ita -que confestim dimissis nuntiis ad Ceutrones , Grudios , Levacos , Pleumoxios , Geidumnos , qui omnes sub eorum imperio sunt , quam maximas manus possunt cogunt et de improviso ad Ciceronis hiberna advolant nondum ad eum fama de Tituri morte perlata .",43,13.0,0.0,4,1
C_Iulius_Caesar_AP_Gallic_War_5_24-5_48,89,"Huic quoque accidit , quod fuit necesse , ut nonnulli milites , qui lignationis munitionis -que causa in silvas discessissent , repentino equitum adventu interciperentur .",50,9.0,5.0,4,6
C_Iulius_Caesar_AP_Gallic_War_5_24-5_48,9,"Ipse interea , quoad legiones collocatas munita -que hiberna cognovisset , in Gallia morari constituit .",47,8.0,3.0,2,6
C_Iulius_Caesar_AP_Gallic_War_5_24-5_48,90,"His circumventis magna manu Eburones , Nervii , Aduatuci atque horum omnium socii et clientes legionem oppugnare incipiunt .",32,7.0,3.0,1,1
C_Iulius_Caesar_AP_Gallic_War_5_24-5_48,91,"Nostri celeriter ad arma concurrunt , vallum conscendunt .",11,5.0,3.0,2,1
C_Iulius_Caesar_AP_Gallic_War_5_24-5_48,92,"Aegre is dies sustentatur , quod omnem spem hostes in celeritate ponebant atque hanc adepti victoriam in perpetuum se fore victores confidebant .",32,9.0,2.0,3,2
C_Iulius_Caesar_AP_Gallic_War_5_24-5_48,93,"Mittuntur ad Caesarem confestim ab Cicerone litterae magnis propositis praemiis , si pertulissent :",53,6.0,2.0,2,6
C_Iulius_Caesar_AP_Gallic_War_5_24-5_48,94,obsessis omnibus viis missi intercipiuntur .,47,4.0,3.0,1,2
C_Iulius_Caesar_AP_Gallic_War_5_24-5_48,95,"Noctu ex materia , quam munitionis causa comportaverant , turres admodum CXX excitantur incredibili celeritate ;",50,8.0,5.0,2,4
C_Iulius_Caesar_AP_Gallic_War_5_24-5_48,96,"quae deesse operi videbantur , perficiuntur .",43,3.0,0.0,2,3
C_Iulius_Caesar_AP_Gallic_War_5_24-5_48,97,"Hostes postero die multo maioribus coactis copiis castra oppugnant , fossam complent .",32,7.0,2.0,2,1
C_Iulius_Caesar_AP_Gallic_War_5_24-5_48,98,"Eadem ratione , qua pridie , ab nostris resistitur . (resistitur)",31,5.0,2.0,1,2
C_Iulius_Caesar_AP_Gallic_War_5_24-5_48,99,Hoc idem reliquis deinceps fit diebus .,31,4.0,2.0,1,1
C_Iulius_Caesar_AP_Gallic_War_6_13-6_20,1,"In omni Gallia eorum hominum , qui aliquo sunt numero atque honore , genera sunt duo .",43,8.0,3.0,2,1
C_Iulius_Caesar_AP_Gallic_War_6_13-6_20,10,"Hoc mortuo aut si qui ex reliquis excellit dignitate succedit , aut , si sunt plures pares , suffragio druidum , nonnumquam etiam armis de principatu contendunt . (contendunt)",51,11.0,6.0,5,1
C_Iulius_Caesar_AP_Gallic_War_6_13-6_20,11,"Hi certo anni tempore in finibus Carnutum , quae regio totius Galliae media habetur , considunt in loco consecrato .",33,9.0,5.0,2,2
C_Iulius_Caesar_AP_Gallic_War_6_13-6_20,12,"Huc omnes undique , qui controversias habent , conveniunt eorum -que decretis iudiciis -que parent .",23,7.0,1.0,3,1
C_Iulius_Caesar_AP_Gallic_War_6_13-6_20,13,"Disciplina in Britannia reperta atque inde in Galliam translata esse existimatur , et nunc , qui diligentius eam rem cognoscere volunt , plerumque illo discendi causa proficiscuntur .",50,10.0,5.0,3,2
C_Iulius_Caesar_AP_Gallic_War_6_13-6_20,14,Druides a bello abesse consuerunt ne -que tributa una cum reliquis pendunt ;,28,7.0,3.0,2,3
C_Iulius_Caesar_AP_Gallic_War_6_13-6_20,15,militiae vacationem omnium -que rerum habent immunitatem .,42,5.0,0.0,1,1
C_Iulius_Caesar_AP_Gallic_War_6_13-6_20,16,Tantis excitati praemiis et sua sponte multi in disciplinam conveniunt et a parentibus propinquis -que mittuntur .,35,9.0,4.0,2,2
C_Iulius_Caesar_AP_Gallic_War_6_13-6_20,17,Magnum ibi numerum versuum ediscere dicuntur .,17,3.0,0.0,1,2
C_Iulius_Caesar_AP_Gallic_War_6_13-6_20,18,Itaque annos nonnulli vicenos in disciplina permanent .,43,4.0,2.0,1,1
C_Iulius_Caesar_AP_Gallic_War_6_13-6_20,19,"Ne -que fas esse existimant ea litteris mandare , cum in reliquis fere rebus , publicis privatis -que rationibus Graecis litteris utantur .",49,10.0,0.0,2,4
C_Iulius_Caesar_AP_Gallic_War_6_13-6_20,2,"Nam plebes paene servorum habetur loco , quae nihil audet per se , nullo adhibetur consilio .",44,7.0,5.0,3,2
C_Iulius_Caesar_AP_Gallic_War_6_13-6_20,20,"Id mihi duabus de causis instituisse videntur , quod ne -que in vulgum disciplinam efferri velint ne -que eos , qui discunt , litteris confisos minus memoriae studere : quod fere plerisque accidit , ut praesidio litterarum diligentiam in perdiscendo ac memoriam remittant .",50,14.0,1.0,5,3
C_Iulius_Caesar_AP_Gallic_War_6_13-6_20,21,"In primis hoc volunt persuadere , non interire animas , sed ab aliis post mortem transire ad alios , atque hoc maxime ad virtutem excitari putant metu mortis neglecto .",47,11.0,4.0,2,1
C_Iulius_Caesar_AP_Gallic_War_6_13-6_20,22,"Multa praeterea de sideribus atque eorum motu , de mundi ac terrarum magnitudine , de rerum natura , de deorum immortalium vi ac potestate disputant et iuventuti tradunt .",32,8.0,6.0,2,1
C_Iulius_Caesar_AP_Gallic_War_6_13-6_20,23,Alterum genus est equitum .,31,3.0,1.0,1,1
C_Iulius_Caesar_AP_Gallic_War_6_13-6_20,24,"Hi , cum est usus atque aliquod bellum incidit ( quod fere ante Caesaris adventum quotannis accidere solebat , uti aut ipsi iniurias inferrent aut illatas propulsarent ) , omnes in bello versantur , atque eorum ut quisque est genere copiis -que amplissimus , ita plurimos circum se ambactos clientes -que habet .",46,18.0,3.0,7,4
C_Iulius_Caesar_AP_Gallic_War_6_13-6_20,25,Hanc unam gratiam potentiam -que noverunt .,15,2.0,0.0,1,3
C_Iulius_Caesar_AP_Gallic_War_6_13-6_20,26,"Natio est omnis Gallorum admodum dedita religionibus , atque ob eam causam , qui sunt adfecti gravioribus morbis qui -que in proeliis periculis -que versantur , aut pro victimis homines immolant aut se immolaturos vovent administris -que ad ea sacrificia druidibus utuntur , quod , pro vita hominis ni -si hominis vita reddatur , non posse deorum immortalium numen placari arbitrantur , publice -que eiusdem generis habent instituta sacrificia . [ ]",52,14.0,6.0,9,4
C_Iulius_Caesar_AP_Gallic_War_6_13-6_20,27,"Alii immani magnitudine simulacra habent , quorum contexta viminibus membra vivis hominibus complent ;",28,6.0,5.0,2,1
C_Iulius_Caesar_AP_Gallic_War_6_13-6_20,28,quibus succensis circumventi flamma exanimantur homines .,15,4.0,2.0,1,2
C_Iulius_Caesar_AP_Gallic_War_6_13-6_20,29,Supplicia eorum qui in furto aut in latrocinio aut aliqua noxia sint comprehensi gratiora dis immortalibus esse arbitrantur ;,48,11.0,0.0,2,3
C_Iulius_Caesar_AP_Gallic_War_6_13-6_20,3,"Plerique , cum aut aere alieno aut magnitudine tributorum aut iniuria potentiorum premuntur , sese in servitutem dicant nobilibus : in hos eadem omnia sunt iura , quae dominis in servos . (sunt)",31,11.0,5.0,4,2
C_Iulius_Caesar_AP_Gallic_War_6_13-6_20,30,"sed , cum eius generis copia defecit , etiam ad innocentium supplicia descendunt .",28,8.0,0.0,2,3
C_Iulius_Caesar_AP_Gallic_War_6_13-6_20,31,Deum maxime Mercurium colunt . [],12,3.0,1.0,1,1
C_Iulius_Caesar_AP_Gallic_War_6_13-6_20,32,"Huius sunt plurima simulacra : hunc omnium inventorem artium ferunt , hunc viarum atque itinerum ducem , hunc ad quaestus pecuniae mercaturas -que habere vim maximam arbitrantur . (esse) (esse)",54,13.0,0.0,3,2
C_Iulius_Caesar_AP_Gallic_War_6_13-6_20,33,Post hunc Apollinem et Martem et Iovem et Minervam . (colunt),19,4.0,2.0,1,1
C_Iulius_Caesar_AP_Gallic_War_6_13-6_20,34,"De his eandem fere , quam reliquae gentes , habent opinionem : Apollinem morbos depellere , Minervam operum atque artificiorum initia tradere , Iovem imperium caelestium tenere , Martem bella regere . (habent)",52,11.0,5.0,2,1
C_Iulius_Caesar_AP_Gallic_War_6_13-6_20,35,"Huic , cum proelio dimicare constituerunt , ea quae bello ceperint plerumque devovent : cum superaverunt , animalia capta immolant reliquas -que res in unum locum conferunt .",28,10.0,5.0,6,5
C_Iulius_Caesar_AP_Gallic_War_6_13-6_20,36,Multis in civitatibus harum rerum exstructos tumulos locis consecratis conspicari licet ;,54,7.0,0.0,1,1
C_Iulius_Caesar_AP_Gallic_War_6_13-6_20,37,"ne -que saepe accidit , ut neglecta quispiam religione aut capta apud se occultare aut posita tollere auderet , gravissimum -que ei rei supplicium cum cruciatu constitutum est .",52,11.0,0.0,3,4
C_Iulius_Caesar_AP_Gallic_War_6_13-6_20,38,Galli se omnes ab Dite patre prognatos praedicant id -que ab druidibus proditum dicunt . [],38,9.0,2.0,2,1
C_Iulius_Caesar_AP_Gallic_War_6_13-6_20,39,Ob eam causam spatia omnis temporis non numero dierum sed noctium finiunt ; (numero),50,6.0,3.0,1,1
C_Iulius_Caesar_AP_Gallic_War_6_13-6_20,4,"Sed de his duobus generibus alterum est druidum , alterum equitum . (est)",31,7.0,0.0,2,1
C_Iulius_Caesar_AP_Gallic_War_6_13-6_20,40,dies natales et mensum et annorum initia sic observant ut noctem dies subsequatur .,52,7.0,3.0,2,4
C_Iulius_Caesar_AP_Gallic_War_6_13-6_20,41,"In reliquis vitae institutis hoc fere ab reliquis differunt , quod suos liberos , ni -si cum adoleverunt , ut munus militiae sustinere possint , palam ad se adire non patiuntur filium -que puerili aetate in publico in conspectu patris adsistere turpe ducunt . (esse) (adeunt)",49,17.0,4.0,5,3
C_Iulius_Caesar_AP_Gallic_War_6_13-6_20,42,"Viri , quantas pecunias ab uxoribus dotis nomine acceperunt , tantas ex suis bonis aestimatione facta cum dotibus communicant .",28,7.0,4.0,2,3
C_Iulius_Caesar_AP_Gallic_War_6_13-6_20,43,"Huius omnis pecuniae coniunctim ratio habetur fructus -que servantur : uter eorum vita superarit , ad eum pars utriusque cum fructibus superiorum temporum pervenit .",29,11.0,5.0,4,6
C_Iulius_Caesar_AP_Gallic_War_6_13-6_20,44,"Viri in uxores , sicuti in liberos , vitae necis -que habent potestatem ; (habent)",29,7.0,4.0,1,1
C_Iulius_Caesar_AP_Gallic_War_6_13-6_20,45,"et cum pater familiae illustriore loco natus decessit , eius propinqui conveniunt et , de morte si res in suspicionem venit , de uxoribus in servilem modum quaestionem habent et , si compertum est , igni atque omnibus tormentis excruciatas interficiunt .",52,12.0,0.0,6,3
C_Iulius_Caesar_AP_Gallic_War_6_13-6_20,46,Funera sunt pro cultu Gallorum magnifica et sumptuosa ;,1,5.0,3.0,1,1
C_Iulius_Caesar_AP_Gallic_War_6_13-6_20,47,"omnia -que quae vivis cordi fuisse arbitrantur in ignem inferunt , etiam animalia , ac paulo supra hanc memoriam servi et clientes , quos ab eis dilectos esse constabat , iustis funeribus confectis una cremabantur .",53,12.0,0.0,4,3
C_Iulius_Caesar_AP_Gallic_War_6_13-6_20,48,"Quae civitates commodius suam rem publicam administrare existimantur , habent legibus sanctum , si quis quid de re publica a finitimis rumore aut fama acceperit , uti ad magistratum deferat ne -ve cum quo alio communicet , quod saepe homines temerarios atque imperitos falsis rumoribus terreri et ad facinus impelli et de summis rebus consilium capere cognitum est .",33,16.0,2.0,6,5
C_Iulius_Caesar_AP_Gallic_War_6_13-6_20,49,Magistratus quae visa sunt occultant quaeque esse ex usu iudicaverunt multitudini produnt . (et),38,8.0,2.0,4,3
C_Iulius_Caesar_AP_Gallic_War_6_13-6_20,5,"Illi rebus divinis intersunt , sacrificia publica ac privata procurant , religiones interpretantur ; ad hos magnus adulescentium numerus disciplinae causa concurrit , magno -que hi sunt apud eos honore .",52,9.0,4.0,5,2
C_Iulius_Caesar_AP_Gallic_War_6_13-6_20,50,De re publica ni -si per concilium loqui non conceditur . (conceditur),36,8.0,1.0,1,2
C_Iulius_Caesar_AP_Gallic_War_6_13-6_20,6,"Nam fere de omnibus controversiis publicis privatis -que constituunt , et , si quod est admissum facinus , si caedes facta , si de hereditate , de finibus controversia est , idem decernunt , praemia poenas -que constituunt ; si qui aut privatus aut populus eorum decreto non stetit , sacrificiis interdicunt .",52,15.0,5.0,7,3
C_Iulius_Caesar_AP_Gallic_War_6_13-6_20,7,Haec poena apud eos est gravissima .,47,4.0,2.0,1,1
C_Iulius_Caesar_AP_Gallic_War_6_13-6_20,8,"Quibus ita est interdictum : hi numero impiorum ac sceleratorum habentur , his omnes decedunt , aditum sermonem -que defugiunt , ne quid ex contagione incommodi accipiant , ne -que his petentibus ius redditur ne -que honos ullus communicatur .",43,10.0,6.0,7,3
C_Iulius_Caesar_AP_Gallic_War_6_13-6_20,9,"His autem omnibus druidibus praeest unus , qui summam inter eos habet auctoritatem .",47,6.0,0.0,2,1
C_Iulius_Caesar_Augustus_Res_Gestae_Divi_Augusti_Res_Gestae,1,"Rerum gestarum divi Augusti , quibus orbem terrarum imperio populi Romani subiecit , et impensarum quas in rem publicam populum -que Romanum fecit , incisarum in duabus aheneis pilis , quae sunt Romae positae , exemplar subiectum .",27,11.0,0.0,3,3
C_Iulius_Caesar_Augustus_Res_Gestae_Divi_Augusti_Res_Gestae,10,"Ex quibus deduxi in colonias aut remisi in municipia sua stipendis emeritis millia aliquanto plura quam trecenta , et iis omnibus agros adsignavi aut pecuniam pro praemiis militiae dedi .",42,10.0,5.0,4,3
C_Iulius_Caesar_Augustus_Res_Gestae_Divi_Augusti_Res_Gestae,100,"Pannoniorum gentes , quas ante me principem populi Romani exercitus nunquam adit , devictas per Ti. Neronem , qui tum erat privignus et legatus meus , imperio populi Romani subieci , protuli -que fines Illyrici ad ripam fluminis Danui . [ ] [ ]",49,13.0,5.0,4,3
C_Iulius_Caesar_Augustus_Res_Gestae_Divi_Augusti_Res_Gestae,101,"Citra quod Dacorum transgressus exercitus meis auspicis victus profligatus -que est , et postea trans Danuvium ductus exercitus meus Dacorum gentes imperia populi Romani perferre coegit .",49,10.0,5.0,2,3
C_Iulius_Caesar_Augustus_Res_Gestae_Divi_Augusti_Res_Gestae,102,Ad me ex India regum legationes saepe missae sunt non visae ante id tempus apud quemquam Romanorum ducem .,47,7.0,5.0,1,1
C_Iulius_Caesar_Augustus_Res_Gestae_Divi_Augusti_Res_Gestae,103,"Nostram amicitiam appetiverunt per legatos Bastarnae Scythae -que et Sarmatarum qui sunt citra flumen Tanaim et ultra reges , Albanorum -que rex et Hiberorum et Medorum . [ ] (rex) (rex)",49,10.0,5.0,2,3
C_Iulius_Caesar_Augustus_Res_Gestae_Divi_Augusti_Res_Gestae,104,"Ad me supplices confugerunt reges Parthorum Tiridates et postea Phrates regis Phratis filius , Medorum Artavasdes , Adiabenorum Artaxares , Britannorum Dumnobellaunus et Tincommius , Sugambrorum Maelo , Marcomanorum Sueborum ...rus . [ ] [ ] [ ] [ ]",47,9.0,5.0,1,3
C_Iulius_Caesar_Augustus_Res_Gestae_Divi_Augusti_Res_Gestae,105,"Ad me rex Parthorum Phrates Orodis filius filios suos nepotes -que omnes misit in Italiam non bello superatus , sed amicitiam nostram per liberorum suorum pignora petens . [ ]",17,10.0,7.0,1,3
C_Iulius_Caesar_Augustus_Res_Gestae_Divi_Augusti_Res_Gestae,106,Plurimae -que aliae gentes expertae sunt p . R . fidem me principe quibus antea cum populo Romano nullum extiterat legationum et amicitiae commercium .,49,9.0,0.0,2,4
C_Iulius_Caesar_Augustus_Res_Gestae_Divi_Augusti_Res_Gestae,107,"A me gentes Parthorum et Medorum per legatos principes earum gentium reges petitos acceperunt : Parthi Vononem , regis Phratis filium , regis Orodis nepotem , Medi Ariobarzanem , regis Artavazdis filium , regis Ariobarzanis nepotem . (acceperunt) (acceperunt) [ ] [ ] [ ] [ ]",49,12.0,3.0,1,3
C_Iulius_Caesar_Augustus_Res_Gestae_Divi_Augusti_Res_Gestae,108,"In consulatu sexto et septimo , postquam bella civilia exstinxeram , per consensum universorum potitus rerum omnium , rem publicam ex mea potestate in senatus populi -que Romani arbitrium transtuli .",27,9.0,4.0,2,4
C_Iulius_Caesar_Augustus_Res_Gestae_Divi_Augusti_Res_Gestae,109,"Quo pro merito meo senatus consulto Augustus appellatus sum et laureis postes aedium mearum vestiti publice corona -que civica super ianuam meam fixa est et clupeus aureus in curia Iulia positus , quem mihi senatum populum -que Romanum dare virtutis clementiae -que et iustitiae et pietatis caussa testatum est per eius clupei inscriptionem .",52,14.0,8.0,3,1
C_Iulius_Caesar_Augustus_Res_Gestae_Divi_Augusti_Res_Gestae,11,"Naves cepi sescentas praeter eas , si quae minores quam triremes fuerunt .",25,9.0,7.0,2,3
C_Iulius_Caesar_Augustus_Res_Gestae_Divi_Augusti_Res_Gestae,110,"Post id tempus auctoritate omnibus praestiti , potestatis autem nihilo amplius habui quam ceteri qui mihi quoque in magistratu conlegae fuerunt . (habuerunt)",47,13.0,1.0,3,3
C_Iulius_Caesar_Augustus_Res_Gestae_Divi_Augusti_Res_Gestae,111,"Tertium decimum consulatum cum gerebam , senatus et equester ordo populus -que Romanus universus appellavit me patrem patriae , id -que in vestibulo aedium mearum inscribendum et in curia Iulia et in foro Aug. sub quadrigis quae mihi ex s . c . positae sunt censuit .",35,16.0,3.0,4,3
C_Iulius_Caesar_Augustus_Res_Gestae_Divi_Augusti_Res_Gestae,112,Cum scripsi haec annum agebam septuagensumum sextum .,28,5.0,3.0,2,3
C_Iulius_Caesar_Augustus_Res_Gestae_Divi_Augusti_Res_Gestae,113,Summa pecuniae quam dedit vel in aerarium vel Plebei Romanae vel dimissis militibus : denarium sexiens milliens .,40,7.0,5.0,1,3
C_Iulius_Caesar_Augustus_Res_Gestae_Divi_Augusti_Res_Gestae,114,"Opera fecit nova aedem Martis , Iovis Tonantis et Feretri , Apollinis , divi Iuli , Quirini , Minervae , Iunonis Reginae , Iovis Libertatis , Larum , deum Penatium , Iuventatis , Matris Magnae , Lupercal , pulvinar ad circum , curiam cum Chalcidico , forum Augustum , basilicam Iuliam , theatrum Marcelli , porticum Octaviam , nemus trans Tiberim Caesarum . [ ] [ ]",31,8.0,0.0,1,3
C_Iulius_Caesar_Augustus_Res_Gestae_Divi_Augusti_Res_Gestae,115,"Refecit Capitolium sacras -que aedes numero octoginta duas , theatrum Pompei , aquarum rivos , viam Flaminiam . [ ]",26,5.0,0.0,1,3
C_Iulius_Caesar_Augustus_Res_Gestae_Divi_Augusti_Res_Gestae,116,"Impensa praestita in spectacula scaenica et munera gladiatorum atque athletas et venationes et naumachiam et donata pecunia colonis , municipiis , oppidis terrae motu incendio -que consumptis aut viritim amicis senatoribus -que quorum census explevit innumerabilis . (fuit)",46,16.0,1.0,1,3
C_Iulius_Caesar_Augustus_Res_Gestae_Divi_Augusti_Res_Gestae,12,"Bis ovans triumphavi , tris egi curulis triumphos et appellatus sum viciens et semel imperator .",51,6.0,3.0,3,3
C_Iulius_Caesar_Augustus_Res_Gestae_Divi_Augusti_Res_Gestae,13,"Cum autem pluris triumphos mihi senatus decrevisset , iis supersedi .",48,5.0,0.0,2,6
C_Iulius_Caesar_Augustus_Res_Gestae_Divi_Augusti_Res_Gestae,14,"Laurum de fascibus deposui in Capitolio , votis quae quoque bello nuncupaveram solutis .",46,8.0,5.0,2,4
C_Iulius_Caesar_Augustus_Res_Gestae_Divi_Augusti_Res_Gestae,15,Ob res a me aut per legatos meos auspicis meis terra mari -que prospere gestas quinquagiens et quinquiens decrevit senatus supplicandum esse dis immortalibus .,32,10.0,5.0,1,3
C_Iulius_Caesar_Augustus_Res_Gestae_Divi_Augusti_Res_Gestae,16,"Dies autem , per quos ex senatus consulto supplicatum est , fuere DCCCLXXXX .",47,6.0,0.0,2,3
C_Iulius_Caesar_Augustus_Res_Gestae_Divi_Augusti_Res_Gestae,17,In triumphis meis ducti sunt ante currum meum reges aut regum liberi novem .,48,6.0,3.0,1,1
C_Iulius_Caesar_Augustus_Res_Gestae_Divi_Augusti_Res_Gestae,18,"Consul fueram terdeciens , cum scribebam haec , et agebam septimum et tricensimum tribuniciae potestatis .",28,8.0,4.0,3,4
C_Iulius_Caesar_Augustus_Res_Gestae_Divi_Augusti_Res_Gestae,19,"Dictaturam et apsenti et praesenti mihi delatam et a populo et a senatu , M. Marcello et L. Arruntio consulibus non recepi .",50,6.0,5.0,1,3
C_Iulius_Caesar_Augustus_Res_Gestae_Divi_Augusti_Res_Gestae,2,"Annos undeviginti natus exercitum privato consilio et privata impensa comparavi , per quem rem publicam a dominatione factionis oppressam in libertatem vindicavi .",43,10.0,7.0,2,3
C_Iulius_Caesar_Augustus_Res_Gestae_Divi_Augusti_Res_Gestae,20,"Non recusavi in summa frumenti penuria curationem annonae , quam ita administravi , ut intra paucos dies metu et periclo praesenti populum universam liberarem impensa et cura mea .",50,10.0,7.0,3,4
C_Iulius_Caesar_Augustus_Res_Gestae_Divi_Augusti_Res_Gestae,21,Consulatum quoque tum annuum et perpetuum mihi delatum non recepi .,32,4.0,3.0,1,3
C_Iulius_Caesar_Augustus_Res_Gestae_Divi_Augusti_Res_Gestae,22,"Consulibus M. Vinicio et Q. Lucretio et postea P. Lentulo et Cn. Lentulo et tertium Paullo Fabio Maximo et Q. Tuberone senatu populo -que Romano consentientibus ut curator legum et morum summa potestate solus crearer , nullum magistratum contra morem maiorum delatum recepi .",32,11.0,6.0,2,5
C_Iulius_Caesar_Augustus_Res_Gestae_Divi_Augusti_Res_Gestae,23,"Quae tum per me geri senatus voluit , per tribuniciam potestatem perfeci , cuius potestatis conlegam et ipse ultro quinquiens a senatu depoposci et accepi .",27,10.0,5.0,4,3
C_Iulius_Caesar_Augustus_Res_Gestae_Divi_Augusti_Res_Gestae,24,Triumvirum rei publicae constituendae fui per continuos annos decem .,21,6.0,3.0,1,3
C_Iulius_Caesar_Augustus_Res_Gestae_Divi_Augusti_Res_Gestae,25,Princeps senatus fui usque ad eum diem quo scripseram haec per annos quadraginta .,18,7.0,4.0,2,4
C_Iulius_Caesar_Augustus_Res_Gestae_Divi_Augusti_Res_Gestae,26,"Pontifex maximus , augur , XV virum sacris faciundis , VII virum epulonum , frater arvalis , sodalis Titius , fetialis fui .",9,5.0,0.0,1,3
C_Iulius_Caesar_Augustus_Res_Gestae_Divi_Augusti_Res_Gestae,27,Patriciorum numerum auxi consul quintum iussu populi et senatus .,27,5.0,3.0,1,3
C_Iulius_Caesar_Augustus_Res_Gestae_Divi_Augusti_Res_Gestae,28,"Senatum ter legi , et in consulatu sexto censum populi conlega M. Agrippa egi .",51,6.0,4.0,2,3
C_Iulius_Caesar_Augustus_Res_Gestae_Divi_Augusti_Res_Gestae,29,"Lustrum post annum alterum et quadragensimum feci , quo lustro civium Romanorum censa sunt capita quadragiens centum millia et sexaginta tria millia .",29,11.0,6.0,2,3
C_Iulius_Caesar_Augustus_Res_Gestae_Divi_Augusti_Res_Gestae,3,"Eo nomine senatus decretis honorificis in ordinem suum me adlegit , C. Pansa et A. Hirtio consulibus , consularem locum sententiae dicendae tribuens , et imperium mihi dedit .",24,9.0,3.0,2,3
C_Iulius_Caesar_Augustus_Res_Gestae_Divi_Augusti_Res_Gestae,30,"Tum iterum consulari cum imperio lustrum solus feci C. Censonno et C. Asinio cos. , quo lustro censa sunt civium Romanorum capita quadragiens centum millia et ducenta triginta tria millia .",28,10.0,6.0,2,3
C_Iulius_Caesar_Augustus_Res_Gestae_Divi_Augusti_Res_Gestae,31,"Et tertium consulari cum imperio lustrum conlega Tib. Caesare filio meo feci Sex. Pompeio et Sex. Appuleio cos. , quo lustro censa sunt civium Romanorum capitum quadragiens centum millia et nongenta triginta et septem millia . [0]",28,9.0,0.0,2,3
C_Iulius_Caesar_Augustus_Res_Gestae_Divi_Augusti_Res_Gestae,32,Legibus novis me auctore latis multa exempla maiorum exolescentia iam ex nostro saeculo reduxi et ipse multarum rerum exempla imitanda posteris tradidi .,49,10.0,3.0,2,3
C_Iulius_Caesar_Augustus_Res_Gestae_Divi_Augusti_Res_Gestae,33,Vota pro valetudine mea suscipi per consules et sacerdotes quinto quoque anno senatus decrevit .,46,6.0,1.0,1,3
C_Iulius_Caesar_Augustus_Res_Gestae_Divi_Augusti_Res_Gestae,34,"Ex iis votis saepe fecerunt vivo me ludos aliquotiens sacerdotum quattuor amplissima collegia , aliquotiens consules . (fecerunt)",46,6.0,3.0,1,3
C_Iulius_Caesar_Augustus_Res_Gestae_Divi_Augusti_Res_Gestae,35,Privatim etiam et municipatim universi cives unanimiter continenter apud omnia pulvinaria pro valetudine mea supplicaverunt .,47,6.0,3.0,1,3
C_Iulius_Caesar_Augustus_Res_Gestae_Divi_Augusti_Res_Gestae,36,"Nomen meum senatus consulto inclusum est in saliare carmen , et sacrosanctus in perpetum ut essem et , quoad viverem , tribunicia potestas mihi esset , per legem sanctum est .",29,10.0,6.0,5,4
C_Iulius_Caesar_Augustus_Res_Gestae_Divi_Augusti_Res_Gestae,37,"Pontifex maximus ne fierem in vivi conlegae mei locum , populo id sacerdotium deferente mihi quod pater meus habuerat , recusavi .",28,11.0,5.0,3,4
C_Iulius_Caesar_Augustus_Res_Gestae_Divi_Augusti_Res_Gestae,38,"Quod sacerdotium aliquod post annos , eo mortuo qui civilis motus occasione occupaverat , cuncta ex Italia ad comitia mea confluente multitudine , quanta Romae nunquam fertur ante id tempus fuisse , recepi , P. Sulpicio C. Valgio consulibus .",54,12.0,7.0,3,4
C_Iulius_Caesar_Augustus_Res_Gestae_Divi_Augusti_Res_Gestae,39,"Aram Fortunae Reducis ante aedes Honoris et Virtutis ad portam Capenam pro reditu meo senatus consacravit , in qua pontifices et virgines Vestales anniversarium sacrificium facere iussit eo die quo , consulibus Q. Lucretio et M. Vinicio , in urbem ex Syria redieram , et diem Augustalia ex cognomine nostro appellavit .",52,13.0,4.0,4,4
C_Iulius_Caesar_Augustus_Res_Gestae_Divi_Augusti_Res_Gestae,4,"Res publica ne quid detrimenti caperet , me pro praetore simul cum consulibus providere iussit .",46,6.0,1.0,2,4
C_Iulius_Caesar_Augustus_Res_Gestae_Divi_Augusti_Res_Gestae,40,"Ex senatus auctoritate pars praetorum et tribunorum plebi cum consule Q. Lucretio et principibus viris obviam mihi missa est in Campaniam , qui honos ad hoc tempus nemini praeter me est decretus . [ ]",44,9.0,4.0,2,1
C_Iulius_Caesar_Augustus_Res_Gestae_Divi_Augusti_Res_Gestae,41,"Cum ex Hispania Gallia -que , rebus in iis provincis prospere gestis , Romam redi , Ti. Nerone P. Quintilio consulibus , aram Pacis Augustae senatus pro reditu meo consacrandam censuit ad campum Martium , in qua magistratus et sacerdotes virgines -que Vestales anniversarium sacrificium facere iussit . [ ]",52,12.0,6.0,3,3
C_Iulius_Caesar_Augustus_Res_Gestae_Divi_Augusti_Res_Gestae,42,"Ianum Quirinum , quem claussum esse maiores nostri voluerunt cum per totum imperium populi Romani terra mari -que esset parta victoriis pax , cum priusquam nascerer , a condita urbe bis omnino clausum fuisse prodatur memoriae , ter me principe senatus claudendum esse censuit .",51,16.0,3.0,4,4
C_Iulius_Caesar_Augustus_Res_Gestae_Divi_Augusti_Res_Gestae,43,"Filios meos , quos iuvenes mihi eripuit fortuna , Gaium et Lucium Caesares honoris mei caussa senatus populus -que Romanus annum quintum et decimum agentis consules designavit , ut eum magistratum inirent post quinquennium , et ex eo die quo deducti sunt in forum ut interessent consiliis publicis decrevit senatus . [ ]",50,15.0,2.0,6,4
C_Iulius_Caesar_Augustus_Res_Gestae_Divi_Augusti_Res_Gestae,44,Equites autem Romani universi principem iuventutis utrumque eorum parmis et hastis argenteis donatum appellaverunt .,47,6.0,0.0,1,3
C_Iulius_Caesar_Augustus_Res_Gestae_Divi_Augusti_Res_Gestae,45,"Plebei Romanae viritim HS trecenos numeravi ex testamento patris mei et nomine meo HS quadringenos ex bellorum manibiis consul quintum dedi , iterum autem in consulatu decimo ex patrimonio meo HS quadringenos congiari viritim pernumeravi , et consul undecimum duodecim frumentationes frumento privatim coempto emensus sum , et tribunicia potestate duodecimum quadringenos nummos tertium viritim dedi .",47,11.0,5.0,5,3
C_Iulius_Caesar_Augustus_Res_Gestae_Divi_Augusti_Res_Gestae,46,Quae mea congiaria pervenerunt ad hominum millia numquam minus quinquaginta et ducenta . (quam),26,8.0,4.0,1,3
C_Iulius_Caesar_Augustus_Res_Gestae_Divi_Augusti_Res_Gestae,47,"Tribuniciae potestatis duodevicensimum , consul XII , trecentis et viginti millibus plebis urbanae sexagenos denarios viritim dedi .",27,6.0,3.0,1,3
C_Iulius_Caesar_Augustus_Res_Gestae_Divi_Augusti_Res_Gestae,48,Et colonis militum meorum consul quintum ex manibiis viritim millia nummum singula dedi ;,15,5.0,0.0,1,3
C_Iulius_Caesar_Augustus_Res_Gestae_Divi_Augusti_Res_Gestae,49,acceperunt id triumphale congiarium in colonis hominum circiter centum et viginti millia .,14,5.0,3.0,1,3
C_Iulius_Caesar_Augustus_Res_Gestae_Divi_Augusti_Res_Gestae,5,"Populus autem eodem anno me consulem , cum cos. uterque bello cecidisset , et triumvirum rei publicae constituendae creavit . (creavit)",47,9.0,0.0,2,6
C_Iulius_Caesar_Augustus_Res_Gestae_Divi_Augusti_Res_Gestae,50,Consul tertium decimum sexagenos denarios plebei quae tum frumentum publicum accipiebat dedi ; [ ],16,7.0,4.0,2,3
C_Iulius_Caesar_Augustus_Res_Gestae_Divi_Augusti_Res_Gestae,51,ea millia hominum paullo plura quam ducenta fuerunt .,25,5.0,3.0,1,3
C_Iulius_Caesar_Augustus_Res_Gestae_Divi_Augusti_Res_Gestae,52,Pecuniam pro agris quos in consulatu meo quarto et postea consulibus M. Crasso et Cn. Lentulo Augure adsignavi militibus solvi municipis ;,28,8.0,7.0,2,3
C_Iulius_Caesar_Augustus_Res_Gestae_Divi_Augusti_Res_Gestae,53,"ea summa sestertium circiter sexsiens milliens fuit quam pro Italicis praedis numeravi , et circiter bis milliens et sescentiens quod pro agris provincialibus solvi . (fuit)",51,11.0,5.0,3,3
C_Iulius_Caesar_Augustus_Res_Gestae_Divi_Augusti_Res_Gestae,54,Id primus et solus omnium qui deduxerunt colonias militum in Italia aut in provincis ad memoriam aetatis meae feci .,49,9.0,6.0,2,3
C_Iulius_Caesar_Augustus_Res_Gestae_Divi_Augusti_Res_Gestae,55,"Et postea , Ti. Nerone et Cn. Pisone consulibus item -que C. Antistio et D. Laelio cos. et C. Calvisio et L. Pasieno consulibus et L. Lentulo et M. Messalla consulibus et L. Caninio et Q. Fabricio cos. , militibus quos emeriteis stipendis in sua municipia deduxi praemia numerato persolvi , quam in rem sestertium quater milliens circiter impendi .",24,9.0,0.0,3,3
C_Iulius_Caesar_Augustus_Res_Gestae_Divi_Augusti_Res_Gestae,56,"Quater pecunia mea iuvi aerarium , ita ut sestertium milliens et quingentiens ad eos qui praerant aerario detulerim .",43,8.0,6.0,3,5
C_Iulius_Caesar_Augustus_Res_Gestae_Divi_Augusti_Res_Gestae,57,"Et M. Lepido et L. Arruntio cos. in aerarium militare , quod ex consilio meo constitutum est ex quo praemia darentur militibus qui vicena aut plura stipendia emeruissent , HS milliens et septingentiens ex patrimonio meo detuli .",40,11.0,0.0,4,6
C_Iulius_Caesar_Augustus_Res_Gestae_Divi_Augusti_Res_Gestae,58,"Ab eo anno quo Cn. et P. Lentuli consules fuerunt , cum deficerent vectigalia , tum centum milibus hominum tum pluribus multo frumentarios et nummarios tributus ex horreo et patrimonio meo edidi . (edidi) [ ]",28,9.0,4.0,3,4
C_Iulius_Caesar_Augustus_Res_Gestae_Divi_Augusti_Res_Gestae,59,"Curiam et continens ei Chalcidicum templum -que Apollinis in Palatio cum porticibus , aedem divi Iuli , Lupercal , porticum ad circum Flaminium , quam sum appellari passus ex nomine eius qui priorem eodem in solo fecerat , Octaviam , pulvinar ad circum maximum , aedes in Capitolio Iovis Feretri Iovis Tonantis , aedem Quirini , aedes Minervae et Iunonis Reginae et Iovis Libertatis in Aventino , aedem Larum in summa sacra via , aedem deum Penatium in Velia , aedem Iuventatis , aedem Matris Magnae in Palatio feci . [ ]",36,14.0,0.0,3,4
C_Iulius_Caesar_Augustus_Res_Gestae_Divi_Augusti_Res_Gestae,6,"Qui parentem meum trucidaverunt , eos in exilium expuli iudiciis legitimis ultus eorum facinus , et postea bellum inferentis rei publicae vici bis acie .",54,9.0,4.0,3,3
C_Iulius_Caesar_Augustus_Res_Gestae_Divi_Augusti_Res_Gestae,60,Capitolium et Pompeium theatrum utrumque opus impensa grandi refeci sine ulla inscriptione nominis mei . [ ],27,8.0,4.0,1,3
C_Iulius_Caesar_Augustus_Res_Gestae_Divi_Augusti_Res_Gestae,61,"Rivos aquarum compluribus locis vetustate labentes refeci , et aquam quae Marcia appellatur duplicavi fonte novo in rivum eius inmisso .",20,11.0,6.0,3,3
C_Iulius_Caesar_Augustus_Res_Gestae_Divi_Augusti_Res_Gestae,62,"Forum Iulium et basilicam quae fuit inter aedem Castoris et aedem Saturni , coepta profligata -que opera a patre meo , perfeci et eandem basilicam consumptam incendio , ampliato eius solo , sub titulo nominis filiorum meorum incohavi , et , si vivus non perfecissem , perfici ab heredibus meis iussi . [ ]",35,16.0,7.0,5,6
C_Iulius_Caesar_Augustus_Res_Gestae_Divi_Augusti_Res_Gestae,63,Duo et octoginta templa deum in urbe consul sextum ex auctoritate senatus refeci nullo praetermisso quod eo tempore refici debebat .,44,8.0,5.0,2,3
C_Iulius_Caesar_Augustus_Res_Gestae_Divi_Augusti_Res_Gestae,64,Consul septimum viam Flaminiam ab urbe Ariminum refeci pontes -que omnes praeter Mulvium et Minucium .,15,7.0,5.0,1,3
C_Iulius_Caesar_Augustus_Res_Gestae_Divi_Augusti_Res_Gestae,65,In privato solo Martis Ultoris templum forum -que Augustum ex manibiis feci . [ ],11,7.0,3.0,1,3
C_Iulius_Caesar_Augustus_Res_Gestae_Divi_Augusti_Res_Gestae,66,"Theatrum ad aedem Apollinis in solo magna ex parte a privatis empto feci , quod sub nomine M. Marcelli generi mei esset . [ ]",43,13.0,7.0,2,4
C_Iulius_Caesar_Augustus_Res_Gestae_Divi_Augusti_Res_Gestae,67,"Dona ex manibiis in Capitolio et in aede divi Iuli et in aede Apollinis et in aede Vestae et in templo Martis Ultoris consacravi , quae mihi constiterunt HS circiter milliens . [ ]",30,10.0,5.0,2,3
C_Iulius_Caesar_Augustus_Res_Gestae_Divi_Augusti_Res_Gestae,68,"Auri coronari pondo triginta et quinque millia municipiis et colonis Italiae conferentibus ad triumphos meos quintum consul remisi , et postea , quotienscumque imperator appellatus sum , aurum coronarium non accepi decernentibus municipiis et colonis aeque benigne adque antea decreverant .",48,12.0,7.0,4,4
C_Iulius_Caesar_Augustus_Res_Gestae_Divi_Augusti_Res_Gestae,69,"Ter munus gladiatorium dedi meo nomine et quinquiens filiorum meorum aut nepotum nomine , quibus muneribus depugnaverunt hominum circiter decem millia . (dedi)",51,9.0,5.0,2,3
C_Iulius_Caesar_Augustus_Res_Gestae_Divi_Augusti_Res_Gestae,7,"Bella terra et mari civilia externa -que toto in orbe terrarum saepe gessi , victor -que omnibus veniam petentibus civibus peperci .",42,7.0,3.0,2,3
C_Iulius_Caesar_Augustus_Res_Gestae_Divi_Augusti_Res_Gestae,70,Bis athletarum undique accitorum spectaculum populo praebui meo nomine et tertium nepotis mei nomine . (praebui),51,8.0,4.0,1,3
C_Iulius_Caesar_Augustus_Res_Gestae_Divi_Augusti_Res_Gestae,71,"Ludos feci meo nomine quater , aliorum autem magistratuum vicem ter et viciens . (feci) (nomine)",51,7.0,3.0,1,3
C_Iulius_Caesar_Augustus_Res_Gestae_Divi_Augusti_Res_Gestae,72,Pro conlegio XV virorum magister conlegii collega M. Agrippa ludos saeclares C. Furnio C. Silano cos. feci . [ ],15,7.0,4.0,1,3
C_Iulius_Caesar_Augustus_Res_Gestae_Divi_Augusti_Res_Gestae,73,Consul XIII ludos Martiales primus feci quos post id tempus deinceps insequentibus annis s . c . et lege fecerunt consules .,25,8.0,5.0,2,3
C_Iulius_Caesar_Augustus_Res_Gestae_Divi_Augusti_Res_Gestae,74,"Venationes bestiarum Africanarum meo nomine aut filiorum meorum et nepotum in circo aut in foro aut in amphitheatris populo dedi sexiens et viciens , quibus confecta sunt bestiarum circiter tria millia et quingentae . (nomine)",21,9.0,5.0,2,3
C_Iulius_Caesar_Augustus_Res_Gestae_Divi_Augusti_Res_Gestae,75,"Navalis proeli spectaclum populo dedi trans Tiberim in quo loco nunc nemus est Caesarum , cavato solo in longitudinem mille et octingentos pedes , in latitudinem mille et ducenti , in quo triginta rostratae naves triremes aut biremes , plures autem minores inter se conflixerunt ; (pedes) [ ]",47,11.0,5.0,3,3
C_Iulius_Caesar_Augustus_Res_Gestae_Divi_Augusti_Res_Gestae,76,quibus in classibus pugnaverunt praeter remiges millia hominum tria circiter .,47,7.0,3.0,1,3
C_Iulius_Caesar_Augustus_Res_Gestae_Divi_Augusti_Res_Gestae,77,In templis omnium civitatium provinciae Asiae victor ornamenta reposui quae spoliatis templis is cum quo bellum gesseram privatim possederat . [ ],49,11.0,6.0,3,4
C_Iulius_Caesar_Augustus_Res_Gestae_Divi_Augusti_Res_Gestae,78,"Statuae meae pedestres et equestres et in quadrigeis argenteae steterunt in urbe XXC circiter , quas ipse sustuli , ex -que ea pecunia dona aurea in aede Apollinis meo nomine et illorum qui mihi statuarum honorem habuerunt posui . (illae)",52,13.0,4.0,4,3
C_Iulius_Caesar_Augustus_Res_Gestae_Divi_Augusti_Res_Gestae,79,Mare pacavi a praedonibus .,7,3.0,2.0,1,3
C_Iulius_Caesar_Augustus_Res_Gestae_Divi_Augusti_Res_Gestae,8,"Externas gentes , quibus tuto ignosci potuit , conservare quam excidere malui .",49,7.0,2.0,2,3
C_Iulius_Caesar_Augustus_Res_Gestae_Divi_Augusti_Res_Gestae,80,Eo bello servorum qui fugerant a dominis suis et arma contra rem publicam ceperant triginta fere millia capta dominis ad supplicium sumendum tradidi .,25,10.0,3.0,3,4
C_Iulius_Caesar_Augustus_Res_Gestae_Divi_Augusti_Res_Gestae,81,"Iuravit in mea verba tota Italia sponte sua , et me belli quo vici ad Actium ducem depoposcit ;",14,10.0,6.0,3,3
C_Iulius_Caesar_Augustus_Res_Gestae_Divi_Augusti_Res_Gestae,82,"iuraverunt in eadem verba provinciae Galliae , Hispaniae , Africa , Sicilia , Sardinia . [ ]",49,6.0,3.0,1,3
C_Iulius_Caesar_Augustus_Res_Gestae_Divi_Augusti_Res_Gestae,83,"Qui sub signis meis tum militaverint fuerunt senatores plures quam DCC , in iis qui vel antea vel postea consules facti sunt ad eum diem quo scripta sunt haec LXXXIII , sacerdotes circiter CLXX . (fuerunt) (fuerunt)",35,12.0,5.0,4,5
C_Iulius_Caesar_Augustus_Res_Gestae_Divi_Augusti_Res_Gestae,84,Omnium provinciarum populi Romani quibus finitimae fuerunt gentes quae non parerent imperio nostro fines auxi .,49,7.0,0.0,3,4
C_Iulius_Caesar_Augustus_Res_Gestae_Divi_Augusti_Res_Gestae,85,"Gallias et Hispanias provincias , item Germaniam , qua includit Oceanus a Gadibus ad ostium Albis fluminis pacavi . [ ] [ ]",49,8.0,6.0,2,3
C_Iulius_Caesar_Augustus_Res_Gestae_Divi_Augusti_Res_Gestae,86,Alpes a regione ea quae proxima est Hadriano mari ad Tuscum pacificavi nulli genti bello per iniuriam inlato .,49,9.0,6.0,2,3
C_Iulius_Caesar_Augustus_Res_Gestae_Divi_Augusti_Res_Gestae,87,"Classis mea per Oceanum ab ostio Rheni ad solis orientis regionem usque ad fines Cimbrorum navigavit , quo ne -que terra ne -que mari quisquam Romanus ante id tempus adit , Cimbri -que et Charydes et Semnones et eiusdem tractus alii Germanorum populi per legatos amicitiam meam et populi Romani petierunt .",47,12.0,5.0,3,3
C_Iulius_Caesar_Augustus_Res_Gestae_Divi_Augusti_Res_Gestae,88,"Meo iussu et auspicio ducti sunt duo exercitus eodem fere tempore in Aethiopiam et in Arabiam quae appellatur Eudaemon , magnae -que hostium gentis utriusque copiae caesae sunt in acie et complura oppida capta .",54,11.0,2.0,3,2
C_Iulius_Caesar_Augustus_Res_Gestae_Divi_Augusti_Res_Gestae,89,"In Aethiopiam usque ad oppidum Nabata perventum est , cui proxima est Meroe ; [ ]",26,8.0,6.0,2,1
C_Iulius_Caesar_Augustus_Res_Gestae_Divi_Augusti_Res_Gestae,9,Millia civium Romanorum sub sacramento meo fuerunt circiter quingenta .,35,6.0,4.0,1,3
C_Iulius_Caesar_Augustus_Res_Gestae_Divi_Augusti_Res_Gestae,90,in Arabiam usque in fines Sabaeorum processit exercitus ad oppidum Mariba . [ ],31,6.0,3.0,1,3
C_Iulius_Caesar_Augustus_Res_Gestae_Divi_Augusti_Res_Gestae,91,Aegyptum imperio populi Romani adieci .,12,4.0,3.0,1,3
C_Iulius_Caesar_Augustus_Res_Gestae_Divi_Augusti_Res_Gestae,92,"Armeniam maiorem interfecto rege eius Artaxe cum possem facere provinciam malui maiorum nostrorum exemplo regnum id Tigrani regis Artavasdis filio , nepoti autem Tigranis regis , per Ti. Neronem tradere , qui tum mihi privignus erat . [ ] [ ] [ ]",49,12.0,6.0,3,4
C_Iulius_Caesar_Augustus_Res_Gestae_Divi_Augusti_Res_Gestae,93,"Et eandem gentem postea desciscentem et rebellantem domitam per Gaium filium meum regi Ariobarzani regis Medorum Artabazi filio regendam tradidi , et post eius mortem filio eius Artavasdi ; [ ] [ ] [ ] [ ] (tradidi)",49,12.0,0.0,1,3
C_Iulius_Caesar_Augustus_Res_Gestae_Divi_Augusti_Res_Gestae,94,quo interfecto Tigranem qui erat ex regio genere Armeniorum oriundus in id regnum misi .,37,9.0,6.0,2,3
C_Iulius_Caesar_Augustus_Res_Gestae_Divi_Augusti_Res_Gestae,95,"Provincias omnis quae trans Hadrianum mare vergunt ad orientem Cyrenas -que , iam ex parte magna regibus ea possidentibus , et antea Siciliam et Sardiniam occupatas bello servili reciperavi . (reciperavi)",49,13.0,5.0,2,3
C_Iulius_Caesar_Augustus_Res_Gestae_Divi_Augusti_Res_Gestae,96,"Colonias in Africa , Sicilia , Macedonia , utraque Hispania , Achaia , Asia , Syria , Gallia Narbonensi , Pisidia militum deduxi Italia autem XXVIII colonias quae vivo me celeberrimae et frequentissimae fuerunt mea auctoritate deductas habet .",47,11.0,5.0,3,3
C_Iulius_Caesar_Augustus_Res_Gestae_Divi_Augusti_Res_Gestae,97,Signa militaria complura per alios duces amissa devictis hostibus recepi ex Hispania et Gallia et a Dalmateis .,35,9.0,5.0,1,3
C_Iulius_Caesar_Augustus_Res_Gestae_Divi_Augusti_Res_Gestae,98,Parthos trium exercitum Romanorum spolia et signa reddere mihi supplices -que amicitiam populi Romani petere coegi .,32,8.0,5.0,1,3
C_Iulius_Caesar_Augustus_Res_Gestae_Divi_Augusti_Res_Gestae,99,Ea autem signa in penetrali quod est in templo Martis Ultoris reposui . [ ],47,9.0,0.0,2,3
C_Iulius_Caesar_Commentarii_de_Bello_Gallico_Book_1_1_11-1_20,1,Helvetii iam per angustias et fines Sequanorum suas copias traduxerant et in Haeduorum fines pervenerant eorum -que agros populabantur .,31,10.0,5.0,3,4
C_Iulius_Caesar_Commentarii_de_Bello_Gallico_Book_1_1_11-1_20,10,Eos impeditos et inopinantes adgressus magnam partem eorum concidit ;,26,6.0,2.0,1,3
C_Iulius_Caesar_Commentarii_de_Bello_Gallico_Book_1_1_11-1_20,11,reliqui sese fugae mandarunt atque in proximas silvas abdiderunt .,32,6.0,4.0,2,3
C_Iulius_Caesar_Commentarii_de_Bello_Gallico_Book_1_1_11-1_20,12,Is pagus appellabatur Tigurinus ;,20,3.0,1.0,1,3
C_Iulius_Caesar_Commentarii_de_Bello_Gallico_Book_1_1_11-1_20,13,nam omnis civitas Helvetia in quattuor pagos divisa est .,7,5.0,3.0,1,1
C_Iulius_Caesar_Commentarii_de_Bello_Gallico_Book_1_1_11-1_20,14,"Hic pagus unus , cum domo exisset , patrum nostrorum memoria L. Cassium consulem interfecerat et eius exercitum sub iugum miserat . [ ]",37,7.0,3.0,3,6
C_Iulius_Caesar_Commentarii_de_Bello_Gallico_Book_1_1_11-1_20,15,"Ita si -ve casu si -ve consilio deorum immortalium quae pars civitatis Helvetiae insignem calamitatem populo Romano intulerat , ea princeps poenam persolvit . (persolvit) (persolvit)",43,11.0,6.0,2,4
C_Iulius_Caesar_Commentarii_de_Bello_Gallico_Book_1_1_11-1_20,16,"Qua in re Caesar non solum publicas , sed etiam privatas iniurias ultus est , quod eius soceri L. Pisonis avum , L. Pisonem legatum , Tigurini eodem proelio quo Cassium interfecerant . (ultus est) (interfecerant) [ ]",37,13.0,7.0,2,4
C_Iulius_Caesar_Commentarii_de_Bello_Gallico_Book_1_1_11-1_20,17,"Hoc proelio facto , reliquas copias Helvetiorum ut consequi posset , pontem in Arari faciendum curat atque ita exercitum traducit .",43,8.0,2.0,3,4
C_Iulius_Caesar_Commentarii_de_Bello_Gallico_Book_1_1_11-1_20,18,"Helvetii repentino eius adventu commoti cum id quod ipsi diebus XX aegerrime confecerant , ut flumen transirent , illum uno die fecisse intellegerent , legatos ad eum mittunt ;",32,12.0,3.0,4,4
C_Iulius_Caesar_Commentarii_de_Bello_Gallico_Book_1_1_11-1_20,19,"cuius legationis Divico princeps fuit , qui bello Cassiano dux Helvetiorum fuerat .",11,7.0,4.0,2,4
C_Iulius_Caesar_Commentarii_de_Bello_Gallico_Book_1_1_11-1_20,2,"Haedui , cum se sua -que ab iis defendere non possent , legatos ad Caesarem mittunt rogatum auxilium :",32,7.0,2.0,2,4
C_Iulius_Caesar_Commentarii_de_Bello_Gallico_Book_1_1_11-1_20,20,Is ita cum Caesare egit :,43,3.0,2.0,1,3
C_Iulius_Caesar_Commentarii_de_Bello_Gallico_Book_1_1_11-1_20,21,"si pacem populus Romanus cum Helvetiis faceret , in eam partem ituros atque ibi futuros Helvetios ubi eos Caesar constituisset atque esse voluisset ; (Divico dixit)",32,12.0,0.0,3,6
C_Iulius_Caesar_Commentarii_de_Bello_Gallico_Book_1_1_11-1_20,22,"sin bello persequi perseveraret , reminisceretur et veteris incommodi populi Romani et pristinae virtutis Helvetiorum . (Divico dixit)",45,8.0,0.0,2,5
C_Iulius_Caesar_Commentarii_de_Bello_Gallico_Book_1_1_11-1_20,23,"Quod improviso unum pagum adortus esset , cum ii qui flumen transissent suis auxilium ferre non possent , ne ob eam rem aut suae magnopere virtuti tribueret aut ipsos despiceret . (Divico dixit)",34,10.0,0.0,5,6
C_Iulius_Caesar_Commentarii_de_Bello_Gallico_Book_1_1_11-1_20,24,"Se ita a patribus maioribus -que suis didicisse , ut magis virtute contenderent quam dolo aut insidiis niterentur . (Divico dixit)",48,12.0,0.0,2,5
C_Iulius_Caesar_Commentarii_de_Bello_Gallico_Book_1_1_11-1_20,25,Qua -re ne committeret ut is locus ubi constitissent ex calamitate populi Romani et internecione exercitus nomen caperet aut memoriam proderet . (Divico dixit),38,9.0,0.0,4,6
C_Iulius_Caesar_Commentarii_de_Bello_Gallico_Book_1_1_11-1_20,26,His Caesar ita respondit :,43,2.0,1.0,1,3
C_Iulius_Caesar_Commentarii_de_Bello_Gallico_Book_1_1_11-1_20,27,"eo sibi minus dubitationis dari , quod eas res quas legati Helvetii commemorassent memoria teneret , atque eo gravius ferre quo minus merito populi Romani accidissent ; (Caesar respondit)",32,15.0,0.0,3,6
C_Iulius_Caesar_Commentarii_de_Bello_Gallico_Book_1_1_11-1_20,28,"qui si alicuius iniuriae sibi conscius fuisset , non fuisse difficile cavere ; (Caesar respondit)",24,6.0,0.0,1,6
C_Iulius_Caesar_Commentarii_de_Bello_Gallico_Book_1_1_11-1_20,29,"sed eo deceptum , quod ne -que commissum a se intellegeret qua -re timeret ne -que sine causa timendum putaret . (Caesar respondit)",50,10.0,2.0,3,4
C_Iulius_Caesar_Commentarii_de_Bello_Gallico_Book_1_1_11-1_20,3,"ita se omni tempore de populo Romano meritos esse ut paene in conspectu exercitus nostri agri vastari , liberi eorum in servitutem abduci , oppida expugnari non debuerint . (Haedui dixerunt) (non debuerint) (non debuerint)",43,10.0,0.0,0,0
C_Iulius_Caesar_Commentarii_de_Bello_Gallico_Book_1_1_11-1_20,30,"Quod si veteris contumeliae oblivisci vellet , num etiam recentium iniuriarum , quod eo invito iter per provinciam per vim temptassent , quod Haeduos , quod Ambarros , quod Allobrogas vexassent , memoriam deponere posse ? (vexassent) (vexassent) (Caesar interrogavit)",54,11.0,0.0,3,6
C_Iulius_Caesar_Commentarii_de_Bello_Gallico_Book_1_1_11-1_20,31,"Quod sua victoria tam insolenter gloriarentur quod -que tam diu se impune iniurias tulisse admirarentur , eodem pertinere . (Caesar respondit)",41,9.0,0.0,2,5
C_Iulius_Caesar_Commentarii_de_Bello_Gallico_Book_1_1_11-1_20,32,"Consuesse enim deos immortales , quo gravius homines ex commutatione rerum doleant , quos pro scelere eorum ulcisci velint , his secundiores interdum res et diuturniorem impunitatem concedere . (Caesar respondit)",51,11.0,5.0,2,3
C_Iulius_Caesar_Commentarii_de_Bello_Gallico_Book_1_1_11-1_20,33,"Cum ea ita sint , tamen , si obsides ab iis sibi dentur , uti ea quae polliceantur facturos intellegat , et si Haeduis de iniuriis quas ipsis sociis -que eorum intulerint , item si Allobrogibus satis faciunt , sese cum iis pacem esse facturum . (faciunt satis) (Caesar respondit)",53,17.0,0.0,6,5
C_Iulius_Caesar_Commentarii_de_Bello_Gallico_Book_1_1_11-1_20,34,"Divico respondit : ita Helvetios a maioribus suis institutos esse uti obsides accipere , non dare , consuerint ; eius rei populum Romanum esse testem .",43,11.0,6.0,2,5
C_Iulius_Caesar_Commentarii_de_Bello_Gallico_Book_1_1_11-1_20,35,Hoc responso dato discessit .,40,3.0,0.0,1,3
C_Iulius_Caesar_Commentarii_de_Bello_Gallico_Book_1_1_11-1_20,36,Postero die castra ex eo loco movent .,18,5.0,3.0,1,1
C_Iulius_Caesar_Commentarii_de_Bello_Gallico_Book_1_1_11-1_20,37,"Idem facit Caesar equitatum -que omnem , ad numerum quattuor milium , quem ex omni provincia et Haeduis atque eorum sociis coactum habebat , praemittit , qui videant quas in partes hostes iter faciant .",49,13.0,10.0,5,3
C_Iulius_Caesar_Commentarii_de_Bello_Gallico_Book_1_1_11-1_20,38,Qui cupidius novissimum agmen insecuti alieno loco cum equitatu Helvetiorum proelium committunt ;,33,7.0,4.0,1,1
C_Iulius_Caesar_Commentarii_de_Bello_Gallico_Book_1_1_11-1_20,39,et pauci de nostris cadunt .,15,4.0,0.0,1,1
C_Iulius_Caesar_Commentarii_de_Bello_Gallico_Book_1_1_11-1_20,4,"Eodem tempore [ quo Haedui ] Ambarri , necessarii et consanguinei Haeduorum , Caesarem certiorem faciunt sese depopulatis agris non facile ab oppidis vim hostium prohibere .",54,9.0,4.0,1,1
C_Iulius_Caesar_Commentarii_de_Bello_Gallico_Book_1_1_11-1_20,40,"Quo proelio sublati Helvetii , quod quingentis equitibus tantam multitudinem equitum propulerant , audacius subsistere non numquam et novissimo agmine proelio nostros lacessere coeperunt .",31,8.0,3.0,2,4
C_Iulius_Caesar_Commentarii_de_Bello_Gallico_Book_1_1_11-1_20,41,"Caesar suos a proelio continebat , ac satis habebat in praesentia hostem rapinis , pabulationibus populationibus -que prohibere . (esse)",36,8.0,3.0,2,2
C_Iulius_Caesar_Commentarii_de_Bello_Gallico_Book_1_1_11-1_20,42,Ita dies circiter XV iter fecerunt uti inter novissimum hostium agmen et nostrum primum non amplius quinis aut senis milibus passuum interesset .,46,10.0,7.0,2,4
C_Iulius_Caesar_Commentarii_de_Bello_Gallico_Book_1_1_11-1_20,43,"Interim cotidie Caesar Haeduos frumentum , quod essent publice polliciti , flagitare .",53,4.0,3.0,1,4
C_Iulius_Caesar_Commentarii_de_Bello_Gallico_Book_1_1_11-1_20,44,"Nam propter frigora ( quod Gallia sub septentrionibus , ut ante dictum est , posita est , ) non modo frumenta in agris matura non erant , sed ne pabuli quidem satis magna copia suppetebat ; (Gallia frigida est)",46,14.0,8.0,4,2
C_Iulius_Caesar_Commentarii_de_Bello_Gallico_Book_1_1_11-1_20,45,"eo autem frumento quod flumine Arari navibus subvexerat propterea uti minus poterat quod iter ab Arari Helvetii averterant , a quibus discedere nolebat . [ ]",47,12.0,0.0,4,4
C_Iulius_Caesar_Commentarii_de_Bello_Gallico_Book_1_1_11-1_20,46,Diem ex die ducere Haedui :,18,3.0,2.0,0,0
C_Iulius_Caesar_Commentarii_de_Bello_Gallico_Book_1_1_11-1_20,47,"conferri , comportari , adesse dicere . (frumentum)",4,2.0,0.0,0,0
C_Iulius_Caesar_Commentarii_de_Bello_Gallico_Book_1_1_11-1_20,48,"Ubi se diutius duci intellexit et diem instare quo die frumentum militibus metiri oporteret , convocatis eorum principibus , quorum magnam copiam in castris habebat , in his Diviciaco et Lisco , qui summo magistratui praeerat , quem vergobretum appellant Haedui , qui creatur annuus et vitae necis -que in suos habet potestatem , graviter eos accusat , quod , cum ne -que emi ne -que ex agris sumi possit , tam necessario tempore , tam propinquis hostibus ab iis non sublevetur , praesertim cum magna ex parte eorum precibus adductus bellum susceperit ; (possit)",47,21.0,9.0,11,5
C_Iulius_Caesar_Commentarii_de_Bello_Gallico_Book_1_1_11-1_20,49,multo etiam gravius quod sit destitutus queritur .,39,5.0,3.0,2,3
C_Iulius_Caesar_Commentarii_de_Bello_Gallico_Book_1_1_11-1_20,5,"Item Allobroges , qui trans Rhodanum vicos possessiones -que habebant , fuga se ad Caesarem recipiunt et demonstrant sibi praeter agri solum nihil esse reliqui .",44,9.0,5.0,3,2
C_Iulius_Caesar_Commentarii_de_Bello_Gallico_Book_1_1_11-1_20,50,Tum demum Liscus oratione Caesaris adductus quod antea tacuerat proponit :,53,6.0,4.0,2,4
C_Iulius_Caesar_Commentarii_de_Bello_Gallico_Book_1_1_11-1_20,51,"esse non nullos , quorum auctoritas apud plebem plurimum valeat , qui privatim plus possint quam ipsi magistratus . (possint) (Liscus dixit)",47,9.0,7.0,2,3
C_Iulius_Caesar_Commentarii_de_Bello_Gallico_Book_1_1_11-1_20,52,"Hos seditiosa atque improba oratione multitudinem deterrere , ne frumentum conferant quod debeant : (Liscus dixit)",45,8.0,0.0,2,3
C_Iulius_Caesar_Commentarii_de_Bello_Gallico_Book_1_1_11-1_20,53,"praestare , si iam principatum Galliae obtinere non possint , Gallorum quam Romanorum imperia perferre , ne -que dubitare debeant quin , si Helvetios superaverint Romani , una cum reliqua Gallia Haeduis libertatem sint erepturi . ( imperia volunt) (Liscus dixit)",34,13.0,9.0,4,5
C_Iulius_Caesar_Commentarii_de_Bello_Gallico_Book_1_1_11-1_20,54,Ab isdem nostra consilia quaeque in castris gerantur hostibus enuntiari ; (Liscus dixit) [ ],11,6.0,0.0,1,4
C_Iulius_Caesar_Commentarii_de_Bello_Gallico_Book_1_1_11-1_20,55,hos a se coerceri non posse . (Liscus dixit),15,4.0,0.0,0,0
C_Iulius_Caesar_Commentarii_de_Bello_Gallico_Book_1_1_11-1_20,56,"Quin etiam , quod necessariam rem coactus Caesari enuntiarit , intellegere sese quanto id cum periculo fecerit , et ob eam causam quam diu potuerit tacuisse . (Liscus dixit)",50,9.0,0.0,3,5
C_Iulius_Caesar_Commentarii_de_Bello_Gallico_Book_1_1_11-1_20,57,"Caesar hac oratione Lisci Dumnorigem , Diviciaci fratrem , designari sentiebat , sed , quod pluribus praesentibus eas res iactari nolebat , celeriter concilium dimittit , Liscum retinet .",50,11.0,3.0,4,2
C_Iulius_Caesar_Commentarii_de_Bello_Gallico_Book_1_1_11-1_20,58,Quaerit ex solo ea quae in conventu dixerat .,14,6.0,4.0,2,4
C_Iulius_Caesar_Commentarii_de_Bello_Gallico_Book_1_1_11-1_20,59,Dicit liberius atque audacius .,32,2.0,0.0,1,1
C_Iulius_Caesar_Commentarii_de_Bello_Gallico_Book_1_1_11-1_20,6,"Quibus rebus adductus Caesar non expectandum sibi statuit dum , omnibus fortunis sociorum consumptis , in Santonos Helvetii pervenirent .",26,10.0,5.0,2,4
C_Iulius_Caesar_Commentarii_de_Bello_Gallico_Book_1_1_11-1_20,60,Eadem secreto ab aliis quaerit ;,31,3.0,2.0,1,1
C_Iulius_Caesar_Commentarii_de_Bello_Gallico_Book_1_1_11-1_20,61,reperit esse vera :,17,2.0,2.0,1,1
C_Iulius_Caesar_Commentarii_de_Bello_Gallico_Book_1_1_11-1_20,62,"ipsum esse Dumnorigem , summa audacia , magna apud plebem propter liberalitatem gratia , cupidum rerum novarum . (Caesar reperit)",47,8.0,0.0,0,0
C_Iulius_Caesar_Commentarii_de_Bello_Gallico_Book_1_1_11-1_20,63,"Complures annos portoria reliqua -que omnia Haeduorum vectigalia parvo pretio redempta habere , propterea quod illo licente contra liceri audeat nemo . (Caesar reperit)",49,8.0,0.0,1,3
C_Iulius_Caesar_Commentarii_de_Bello_Gallico_Book_1_1_11-1_20,64,His rebus et suam rem familiarem auxisse et facultates ad largiendum magnas comparasse ; (Caesar reperit),27,7.0,0.0,0,0
C_Iulius_Caesar_Commentarii_de_Bello_Gallico_Book_1_1_11-1_20,65,"magnum numerum equitatus suo sumptu semper alere et circum se habere , ne -que solum domi , sed etiam apud finitimas civitates largiter posse , atque huius potentiae causa matrem in Biturigibus homini illic nobilissimo ac potentissimo conlocasse ; (Caesar reperit) (posse)",50,10.0,0.0,0,0
C_Iulius_Caesar_Commentarii_de_Bello_Gallico_Book_1_1_11-1_20,66,"ipsum ex Helvetiis uxorem habere , sororem ex matre et propinquas suas nuptum in alias civitates conlocasse . (Caesar reperit)",30,8.0,0.0,0,0
C_Iulius_Caesar_Commentarii_de_Bello_Gallico_Book_1_1_11-1_20,67,"Favere et cupere Helvetiis propter eam adfinitatem , odisse etiam suo nomine Caesarem et Romanos , quod eorum adventu potentia eius deminuta et Diviciacus frater in antiquum locum gratiae atque honoris sit restitutus . [ ] (Caesar reperit)",54,12.0,0.0,1,3
C_Iulius_Caesar_Commentarii_de_Bello_Gallico_Book_1_1_11-1_20,68,"Si quid accidat Romanis , summam in spem per Helvetios regni obtinendi venire ; (Caesar reperit)",40,7.0,0.0,1,3
C_Iulius_Caesar_Commentarii_de_Bello_Gallico_Book_1_1_11-1_20,69,"imperio populi Romani non modo de regno , sed etiam de ea quam habeat gratia desperare . (Caesar reperit) (desperare)",15,8.0,1.0,1,3
C_Iulius_Caesar_Commentarii_de_Bello_Gallico_Book_1_1_11-1_20,7,"Flumen est Arar , quod per fines Haeduorum et Sequanorum in Rhodanum influit , incredibili lenitate , ita ut oculis in utram partem fluat iudicari non possit . [ ]",46,12.0,0.0,4,3
C_Iulius_Caesar_Commentarii_de_Bello_Gallico_Book_1_1_11-1_20,70,"Reperiebat etiam in quaerendo Caesar , quod proelium equestre adversum paucis ante diebus esset factum , initium eius fugae factum a Dumnorige atque eius equitibus ( nam equitatui , quem auxilio Caesari Haedui miserant , Dumnorix praeerat ) :",52,15.0,9.0,4,4
C_Iulius_Caesar_Commentarii_de_Bello_Gallico_Book_1_1_11-1_20,71,eorum fuga reliquum esse equitatum perterritum . (Caesar reperiebat),28,4.0,0.0,0,0
C_Iulius_Caesar_Commentarii_de_Bello_Gallico_Book_1_1_11-1_20,72,"Quibus rebus cognitis , cum ad has suspiciones certissimae res accederent , quod per fines Sequanorum Helvetios traduxisset , quod obsides inter eos dandos curasset , quod ea omnia non modo iniussu suo et civitatis sed etiam inscientibus ipsis fecisset , quod a magistratu Haeduorum accusaretur , satis esse causae arbitrabatur qua -re in eum aut ipse animadverteret aut civitatem animadvertere iuberet . (fecisset)",50,17.0,10.0,8,6
C_Iulius_Caesar_Commentarii_de_Bello_Gallico_Book_1_1_11-1_20,73,"His omnibus rebus unum repugnabat , quod Diviciaci fratris summum in populum Romanum studium , summam in se voluntatem , egregiam fidem , iustitiam , temperantiam cognoverat ; [ ]",21,10.0,3.0,2,4
C_Iulius_Caesar_Commentarii_de_Bello_Gallico_Book_1_1_11-1_20,74,nam ne eius supplicio Diviciaci animum offenderet verebatur .,36,5.0,4.0,2,4
C_Iulius_Caesar_Commentarii_de_Bello_Gallico_Book_1_1_11-1_20,75,"Itaque prius quam quicquam conaretur , Diviciacum ad se vocari iubet et , cotidianis interpretibus remotis , per C. Valerium Troucillum , principem Galliae provinciae , familiarem suum , cui summam omnium rerum fidem habebat , cum eo conloquitur ;",49,12.0,6.0,4,5
C_Iulius_Caesar_Commentarii_de_Bello_Gallico_Book_1_1_11-1_20,76,"simul commonefacit quae ipso praesente in concilio Gallorum de Dumnorige sint dicta , et ostendit quae separatim quisque de eo apud se dixerit .",47,9.0,4.0,4,5
C_Iulius_Caesar_Commentarii_de_Bello_Gallico_Book_1_1_11-1_20,77,Petit atque hortatur ut sine eius offensione animi vel ipse de eo causa cognita statuat vel civitatem statuere iubeat .,50,8.0,6.0,4,3
C_Iulius_Caesar_Commentarii_de_Bello_Gallico_Book_1_1_11-1_20,78,Diviciacus multis cum lacrimis Caesarem complexus obsecrare coepit ne quid gravius in fratrem statueret :,40,10.0,5.0,2,4
C_Iulius_Caesar_Commentarii_de_Bello_Gallico_Book_1_1_11-1_20,79,"scire se illa esse vera , ne -c quemquam ex eo plus quam se doloris capere , propterea quod , cum ipse gratia plurimum domi atque in reliqua Gallia , ille minimum propter adulescentiam posset , per se crevisset ; (posset) (Diviciacus dixit) (capere) (dixit) quibus opibus ac nervis non solum ad minuendam gratiam , sed paene ad perniciem suam uteretur . (uteretur)",40,14.0,0.0,3,6
C_Iulius_Caesar_Commentarii_de_Bello_Gallico_Book_1_1_11-1_20,8,Id Helvetii ratibus ac lintribus iunctis transibant .,32,4.0,3.0,1,2
C_Iulius_Caesar_Commentarii_de_Bello_Gallico_Book_1_1_11-1_20,80,Sese tamen et amore fraterno et existimatione vulgi commoveri . (Diviciacus dixit),17,4.0,0.0,0,0
C_Iulius_Caesar_Commentarii_de_Bello_Gallico_Book_1_1_11-1_20,81,"Quod si quid ei a Caesare gravius accidisset , cum ipse eum locum amicitiae apud eum teneret , neminem existimaturum non sua voluntate factum ; (Diviciacus dixit)",47,8.0,0.0,2,6
C_Iulius_Caesar_Commentarii_de_Bello_Gallico_Book_1_1_11-1_20,82,qua ex re futurum uti totius Galliae animi a se averterentur . (Diviciacus dixit),44,8.0,0.0,1,5
C_Iulius_Caesar_Commentarii_de_Bello_Gallico_Book_1_1_11-1_20,83,"Haec cum pluribus verbis flens a Caesare peteret , Caesar eius dextram prendit ;",28,6.0,2.0,2,4
C_Iulius_Caesar_Commentarii_de_Bello_Gallico_Book_1_1_11-1_20,84,consolatus rogat finem orandi faciat ;,36,4.0,3.0,2,3
C_Iulius_Caesar_Commentarii_de_Bello_Gallico_Book_1_1_11-1_20,85,tanti eius apud se gratiam esse ostendit uti et rei publicae iniuriam et suum dolorem eius voluntati ac precibus condonet .,47,9.0,0.0,2,3
C_Iulius_Caesar_Commentarii_de_Bello_Gallico_Book_1_1_11-1_20,86,"Dumnorigem ad se vocat , fratrem adhibet ;",7,5.0,2.0,2,1
C_Iulius_Caesar_Commentarii_de_Bello_Gallico_Book_1_1_11-1_20,87,quae in eo reprehendat ostendit ;,14,3.0,0.0,2,3
C_Iulius_Caesar_Commentarii_de_Bello_Gallico_Book_1_1_11-1_20,88,"quae ipse intellegat , quae civitas queratur proponit ;",53,4.0,0.0,3,4
C_Iulius_Caesar_Commentarii_de_Bello_Gallico_Book_1_1_11-1_20,89,monet ut in reliquum tempus omnes suspiciones vitet ;,41,5.0,5.0,2,3
C_Iulius_Caesar_Commentarii_de_Bello_Gallico_Book_1_1_11-1_20,9,"Ubi per exploratores Caesar certior factus est tres iam partes copiarum Helvetios id flumen traduxisse , quartam vero partem citra flumen Ararim reliquam esse , de tertia vigilia cum legionibus tribus e castris profectus ad eam partem pervenit quae nondum flumen transierat . [ ]",40,13.0,9.0,3,4
C_Iulius_Caesar_Commentarii_de_Bello_Gallico_Book_1_1_11-1_20,90,praeterita se Diviciaco fratri condonare dicit . [ ],24,3.0,0.0,1,1
C_Iulius_Caesar_Commentarii_de_Bello_Gallico_Book_1_1_11-1_20,91,"Dumnorigi custodes ponit , ut quae agat , quibus -cum loquatur scire possit .",36,8.0,2.0,4,4
C_Iulius_Caesar_Commentarii_de_Bello_Gallico_Book_1_1_21-1_30,1,"Eodem die ab exploratoribus certior factus hostes sub monte consedisse milia passuum ab ipsius castris octo , qualis esset natura montis et qualis in circuitu ascensus qui cognoscerent misit . (esset)",35,13.0,2.0,3,4
C_Iulius_Caesar_Commentarii_de_Bello_Gallico_Book_1_1_21-1_30,10,"Labienus , ut erat ei praeceptum a Caesare ne proelium committeret , ni -si ipsius copiae prope hostium castra visae essent , ut undique uno tempore in hostes impetus fieret , monte occupato nostros expectabat proelio -que abstinebat .",33,12.0,4.0,5,4
C_Iulius_Caesar_Commentarii_de_Bello_Gallico_Book_1_1_21-1_30,11,Multo denique die per exploratores Caesar cognovit et montem a suis teneri et Helvetios castra movisse et Considium timore perterritum quod non vidisset pro viso sibi renuntiavisse .,26,8.0,5.0,2,6
C_Iulius_Caesar_Commentarii_de_Bello_Gallico_Book_1_1_21-1_30,12,Eo die quo consuerat intervallo hostes sequitur et milia passuum tria ab eorum castris castra ponit . (sequi),36,10.0,2.0,3,4
C_Iulius_Caesar_Commentarii_de_Bello_Gallico_Book_1_1_21-1_30,13,"Postridie eius diei , quod omnino biduum supererat , cum exercitui frumentum metiri oporteret , et quod a Bibracte , oppido Haeduorum longe maximo et copiosissimo , non amplius milibus passuum XVIII aberat , rei frumentariae prospiciendum existimavit ;",46,13.0,8.0,4,4
C_Iulius_Caesar_Commentarii_de_Bello_Gallico_Book_1_1_21-1_30,14,itaque iter ab Helvetiis avertit ac Bibracte ire contendit .,44,6.0,3.0,2,1
C_Iulius_Caesar_Commentarii_de_Bello_Gallico_Book_1_1_21-1_30,15,"Ea res per fugitivos L. Aemilii , decurionis equitum Gallorum , hostibus nuntiatur .",31,8.0,6.0,1,2
C_Iulius_Caesar_Commentarii_de_Bello_Gallico_Book_1_1_21-1_30,16,"Helvetii , se -u quod timore perterritos Romanos discedere a se existimarent , eo magis quod pridie superioribus locis occupatis proelium non commisissent , si -ve eo quod re frumentaria intercludi posse confiderent , commutato consilio atque itinere converso nostros a novissimo agmine insequi ac lacessere coeperunt . (coeperunt insequi) (coeperunt insequi)",33,17.0,5.0,4,6
C_Iulius_Caesar_Commentarii_de_Bello_Gallico_Book_1_1_21-1_30,17,"Postquam id animum advertit , copias suas Caesar in proximum collem subduxit equitatum -que , qui sustineret hostium impetum , misit .",14,9.0,5.0,4,4
C_Iulius_Caesar_Commentarii_de_Bello_Gallico_Book_1_1_21-1_30,18,Ipse interim in colle medio triplicem aciem instruxit legionum quattuor veteranarum ;,54,6.0,3.0,1,3
C_Iulius_Caesar_Commentarii_de_Bello_Gallico_Book_1_1_21-1_30,19,"in summo iugo duas legiones quas in Gallia citeriore proxime conscripserat et omnia auxilia conlocavit , ita ut supra se totum montem hominibus compleret ;",43,11.0,3.0,3,4
C_Iulius_Caesar_Commentarii_de_Bello_Gallico_Book_1_1_21-1_30,2,Renuntiatum est facilem esse .,20,3.0,2.0,1,1
C_Iulius_Caesar_Commentarii_de_Bello_Gallico_Book_1_1_21-1_30,20,impedimenta sarcinas -que in unum locum conferri et eum ab iis qui in superiore acie constiterant muniri iussit . (iussit),54,13.0,0.0,2,4
C_Iulius_Caesar_Commentarii_de_Bello_Gallico_Book_1_1_21-1_30,21,Helvetii cum omnibus suis carris secuti impedimenta in unum locum contulerunt ;,36,8.0,5.0,1,3
C_Iulius_Caesar_Commentarii_de_Bello_Gallico_Book_1_1_21-1_30,22,"ipsi confertissima acie , reiecto nostro equitatu , phalange facta sub primam nostram aciem successerunt .",54,7.0,3.0,1,3
C_Iulius_Caesar_Commentarii_de_Bello_Gallico_Book_1_1_21-1_30,23,"Caesar primum suo , deinde omnium ex conspectu remotis equis , ut aequato omnium periculo spem fugae tolleret , cohortatus suos proelium commisit . (equitatu) (remoto)",33,9.0,6.0,2,4
C_Iulius_Caesar_Commentarii_de_Bello_Gallico_Book_1_1_21-1_30,24,Milites loco superiore pilis missis facile hostium phalangem perfregerunt .,20,5.0,3.0,1,3
C_Iulius_Caesar_Commentarii_de_Bello_Gallico_Book_1_1_21-1_30,25,Ea disiecta gladiis destrictis in eos impetum fecerunt .,14,4.0,2.0,1,3
C_Iulius_Caesar_Commentarii_de_Bello_Gallico_Book_1_1_21-1_30,26,"Gallis magno ad pugnam erat impedimento quod pluribus eorum scutis uno ictu pilorum transfixis et conligatis , cum ferrum se inflexisset , ne -que evellere ne -que sinistra impedita satis commode pugnare poterant , multi ut diu iactato bracchio praeoptarent scutum manu emittere et nudo corpore pugnare . (poterant)",35,14.0,6.0,4,6
C_Iulius_Caesar_Commentarii_de_Bello_Gallico_Book_1_1_21-1_30,27,"Tandem vulneribus defessi et pedem referre et , quod mons suberit circiter mille passuum spatio , eo se recipere coeperunt . [ ]",36,9.0,3.0,2,5
C_Iulius_Caesar_Commentarii_de_Bello_Gallico_Book_1_1_21-1_30,28,"Capto monte et succedentibus nostris , Boi et Tulingi , qui hominum milibus circiter XV agmen hostium claudebant et novissimis praesidio erant , ex itinere nostros ab latere aperto adgressi circumvenire , et id conspicati Helvetii , qui in montem sese receperant , rursus instare et proelium redintegrare coeperunt .",35,11.0,4.0,4,4
C_Iulius_Caesar_Commentarii_de_Bello_Gallico_Book_1_1_21-1_30,29,"Romani conversa signa bipertito intulerunt : prima et secunda acies , ut victis ac submotis resisteret , tertia , ut venientes sustineret . (intulit signa) (intulit signa)",54,9.0,2.0,3,4
C_Iulius_Caesar_Commentarii_de_Bello_Gallico_Book_1_1_21-1_30,3,"De tertia vigilia T. Labienum , legatum pro praetore , cum duabus legionibus et iis ducibus qui iter cognoverant summum iugum montis ascendere iubet ;",28,10.0,6.0,2,4
C_Iulius_Caesar_Commentarii_de_Bello_Gallico_Book_1_1_21-1_30,30,Ita ancipiti proelio diu atque acriter pugnatum est .,43,4.0,2.0,1,1
C_Iulius_Caesar_Commentarii_de_Bello_Gallico_Book_1_1_21-1_30,31,"Diutius cum sustinere nostrorum impetus non possent , alteri se , ut coeperant , in montem receperunt , alteri ad impedimenta et carros suos se contulerunt .",32,10.0,5.0,4,4
C_Iulius_Caesar_Commentarii_de_Bello_Gallico_Book_1_1_21-1_30,32,"Nam hoc toto proelio , cum ab hora septima ad vesperum pugnatum sit , aversum hostem videre nemo potuit .",44,8.0,2.0,2,3
C_Iulius_Caesar_Commentarii_de_Bello_Gallico_Book_1_1_21-1_30,33,"Ad multam noctem etiam ad impedimenta pugnatum est , propterea quod pro vallo carros obiecerunt et e loco superiore in nostros venientes tela coiciebant et non nulli inter carros rotas -que mataras ac tragulas subiciebant nostros -que vulnerabant .",38,10.0,6.0,5,3
C_Iulius_Caesar_Commentarii_de_Bello_Gallico_Book_1_1_21-1_30,34,"Diu cum esset pugnatum , impedimentis castris -que nostri potiti sunt .",28,5.0,2.0,2,4
C_Iulius_Caesar_Commentarii_de_Bello_Gallico_Book_1_1_21-1_30,35,Ibi Orgetorigis filia atque unus e filiis captus est .,32,5.0,4.0,1,1
C_Iulius_Caesar_Commentarii_de_Bello_Gallico_Book_1_1_21-1_30,36,Ex eo proelio circiter hominum milia CXXX superfuerunt ea -que tota nocte continenter ierunt .,15,7.0,2.0,2,3
C_Iulius_Caesar_Commentarii_de_Bello_Gallico_Book_1_1_21-1_30,37,"nullam partem noctis itinere intermisso in fines Lingonum die quarto pervenerunt , cum et propter vulnera militum et propter sepulturam occisorum nostri triduum morati eos sequi non potuissent .",36,9.0,6.0,2,6
C_Iulius_Caesar_Commentarii_de_Bello_Gallico_Book_1_1_21-1_30,38,"Caesar ad Lingonas litteras nuntios -que misit , ne eos frumento ne -ve alia re iuvarent : (iuvarent)",21,8.0,5.0,2,4
C_Iulius_Caesar_Commentarii_de_Bello_Gallico_Book_1_1_21-1_30,39,"qui si iuvissent , se eodem loco quo Helvetios habiturum . (habeat) (Caesar per litteras dixit)",31,6.0,0.0,1,6
C_Iulius_Caesar_Commentarii_de_Bello_Gallico_Book_1_1_21-1_30,4,quid sui consilii sit ostendit .,14,4.0,0.0,2,3
C_Iulius_Caesar_Commentarii_de_Bello_Gallico_Book_1_1_21-1_30,40,Ipse triduo intermisso cum omnibus copiis eos sequi coepit .,36,6.0,4.0,1,3
C_Iulius_Caesar_Commentarii_de_Bello_Gallico_Book_1_1_21-1_30,41,Helvetii omnium rerum inopia adducti legatos de deditione ad eum miserunt .,21,8.0,3.0,1,3
C_Iulius_Caesar_Commentarii_de_Bello_Gallico_Book_1_1_21-1_30,42,"Qui cum eum in itinere convenissent se -que ad pedes proiecissent suppliciter -que locuti flentes pacem petissent , atque eos in eo loco quo tum essent suum adventum expectare iussisset , paruerunt .",36,10.0,8.0,6,6
C_Iulius_Caesar_Commentarii_de_Bello_Gallico_Book_1_1_21-1_30,43,"Eo postquam Caesar pervenit , obsides , arma , servos qui ad eos perfugissent , poposcit .",26,8.0,5.0,3,6
C_Iulius_Caesar_Commentarii_de_Bello_Gallico_Book_1_1_21-1_30,44,"Dum ea conquiruntur et conferuntur , nocte intermissa circiter hominum milia VI eius pagi qui Verbigenus appellatur , si -ve timore perterriti , ne armis traditis supplicio adficerentur , si -ve spe salutis inducti , quod in tanta multitudine dediticiorum suam fugam aut occultari aut omnino ignorari posse existimarent , prima nocte e castris Helvetiorum egressi ad Rhenum fines -que Germanorum contenderunt .",53,16.0,5.0,6,5
C_Iulius_Caesar_Commentarii_de_Bello_Gallico_Book_1_1_21-1_30,45,"Quod ubi Caesar resciit , quorum per fines ierant his uti conquirerent et reducerent , si sibi purgati esse vellent , imperavit ;",31,9.0,3.0,6,4
C_Iulius_Caesar_Commentarii_de_Bello_Gallico_Book_1_1_21-1_30,46,reductos in hostium numero habuit ;,17,4.0,3.0,1,3
C_Iulius_Caesar_Commentarii_de_Bello_Gallico_Book_1_1_21-1_30,47,"reliquos omnes obsidibus , armis , perfugis traditis in deditionem accepit .",28,5.0,2.0,1,3
C_Iulius_Caesar_Commentarii_de_Bello_Gallico_Book_1_1_21-1_30,48,"Helvetios , Tulingos , Latobrigos in fines suos , unde erant profecti , reverti iussit , et , quod omnibus frugibus amissis domi nihil erat quo famem tolerarent , Allobrogibus imperavit ut iis frumenti copiam facerent ;",47,13.0,5.0,6,4
C_Iulius_Caesar_Commentarii_de_Bello_Gallico_Book_1_1_21-1_30,49,"ipsos oppida vicos -que , quos incenderant , restituere iussit .",49,5.0,1.0,2,4
C_Iulius_Caesar_Commentarii_de_Bello_Gallico_Book_1_1_21-1_30,5,Ipse de quarta vigilia eodem itinere quo hostes ierant ad eos contendit equitatum -que omnem ante se mittit .,40,7.0,4.0,3,4
C_Iulius_Caesar_Commentarii_de_Bello_Gallico_Book_1_1_21-1_30,50,"Id ea maxime ratione fecit , quod noluit eum locum unde Helvetii discesserant vacare , ne propter bonitatem agrorum Germani , qui trans Rhenum incolunt , ex suis finibus in Helvetiorum fines transirent et finitimi Galliae provinciae Allobrogibus -que essent . [ ]",49,12.0,5.0,6,4
C_Iulius_Caesar_Commentarii_de_Bello_Gallico_Book_1_1_21-1_30,51,"Boios petentibus Haeduis , quod egregia virtute erant cogniti , ut in finibus suis conlocarent , concessit ;",31,11.0,1.0,3,4
C_Iulius_Caesar_Commentarii_de_Bello_Gallico_Book_1_1_21-1_30,52,quibus illi agros dederunt quos -que postea in parem iuris libertatis -que condicionem atque ipsi erant receperunt .,32,9.0,7.0,3,3
C_Iulius_Caesar_Commentarii_de_Bello_Gallico_Book_1_1_21-1_30,53,"In castris Helvetiorum tabulae repertae sunt litteris Graecis confectae et ad Caesarem relatae , quibus in tabulis nominatim ratio confecta erat , qui numerus domo exisset eorum qui arma ferre possent , et item separatim , quot pueri , senes mulieres -que . (exissent) (confecta)",47,13.0,4.0,4,6
C_Iulius_Caesar_Commentarii_de_Bello_Gallico_Book_1_1_21-1_30,54,"Quarum omnium rerum summa erat capitum Helvetiorum milia CCLXIII , Tulingorum milia XXXVI , Latobrigorum XIIII , Rauracorum XXIII , Boiorum XXXII ; (milia) (milia) (milia)",26,7.0,3.0,1,2
C_Iulius_Caesar_Commentarii_de_Bello_Gallico_Book_1_1_21-1_30,55,ex his qui arma ferre possent ad milia nonaginta duo . (fuerunt),15,8.0,5.0,1,4
C_Iulius_Caesar_Commentarii_de_Bello_Gallico_Book_1_1_21-1_30,56,Summa omnium fuerunt ad milia CCCLXVIII .,7,5.0,3.0,1,3
C_Iulius_Caesar_Commentarii_de_Bello_Gallico_Book_1_1_21-1_30,57,"Eorum qui domum redierunt censu habito , ut Caesar imperaverat , repertus est numerus milium C et X .",29,8.0,2.0,3,4
C_Iulius_Caesar_Commentarii_de_Bello_Gallico_Book_1_1_21-1_30,58,"Bello Helvetiorum confecto totius fere Galliae legati , principes civitatum , ad Caesarem gratulatum convenerunt :",32,8.0,3.0,1,3
C_Iulius_Caesar_Commentarii_de_Bello_Gallico_Book_1_1_21-1_30,59,"intellegere sese , tametsi pro veteribus Helvetiorum iniuriis populi Romani ab his poenas bello repetisset , tamen eam rem non minus ex usu terrae Galliae quam populi Romani accidisse , propterea quod eo consilio florentissimis rebus domos suas Helvetii reliquissent uti toti Galliae bellum inferrent imperio -que potirentur , locum -que domicilio ex magna copia deligerent quem ex omni Gallia oportunissimum ac fructuosissimum iudicassent , reliquas -que civitates stipendiarias haberent . (legati dixerunt) (acciderat usu) [ ] [ ] [ ]",32,17.0,8.0,6,6
C_Iulius_Caesar_Commentarii_de_Bello_Gallico_Book_1_1_21-1_30,6,"P. Considius , qui rei militaris peritissimus habebatur et in exercitu L. Sullae et postea in M. Crassi fuerat , cum exploratoribus praemittitur . (exercitu) (fuerat)",35,10.0,2.0,3,4
C_Iulius_Caesar_Commentarii_de_Bello_Gallico_Book_1_1_21-1_30,60,Petierunt uti sibi concilium totius Galliae in diem certam indicere id -que Caesaris facere voluntate liceret :,49,7.0,5.0,2,4
C_Iulius_Caesar_Commentarii_de_Bello_Gallico_Book_1_1_21-1_30,61,sese habere quasdam res quas ex communi consensu ab eo petere vellent . (legati dixerunt),49,6.0,0.0,1,4
C_Iulius_Caesar_Commentarii_de_Bello_Gallico_Book_1_1_21-1_30,62,"Ea re permissa diem concilio constituerunt et iure iurando ne quis enuntiaret , ni -si quibus communi consilio mandatum esset , inter se sanxerunt .",40,11.0,4.0,4,4
C_Iulius_Caesar_Commentarii_de_Bello_Gallico_Book_1_1_21-1_30,7,"Prima luce , cum summus mons a [ Lucio ] Labieno teneretur , ipse ab hostium castris non longius mille et quingentis passibus abesset ne -que , ut postea ex captivis comperit , aut ipsius adventus aut Labieni cognitus esset , Considius equo admisso ad eum accurrit , dicit montem , quem a Labieno occupari voluerit , ab hostibus teneri :",54,14.0,7.0,7,5
C_Iulius_Caesar_Commentarii_de_Bello_Gallico_Book_1_1_21-1_30,8,id se a Gallicis armis atque insignibus cognovisse . (Considius dicit),32,4.0,0.0,0,0
C_Iulius_Caesar_Commentarii_de_Bello_Gallico_Book_1_1_21-1_30,9,"Caesar suas copias in proximum collem subducit , aciem instruit .",54,6.0,4.0,2,1
C_Iulius_Caesar_Commentarii_de_Bello_Gallico_Book_1_1_31-1_40,1,"Eo concilio dimisso , idem principes civitatum qui ante fuerant ad Caesarem reverterunt petierunt -que uti sibi secreto in occulto de sua omnium -que salute cum eo agere liceret .",53,11.0,6.0,4,4
C_Iulius_Caesar_Commentarii_de_Bello_Gallico_Book_1_1_31-1_40,10,nunc esse in Gallia ad C et XX milium numerum . (Diviciacus locutus est),17,5.0,0.0,0,0
C_Iulius_Caesar_Commentarii_de_Bello_Gallico_Book_1_1_31-1_40,11,Cum his Haeduos eorum -que clientes semel atque iterum armis contendisse ; (Diviciacus locutus est),51,5.0,0.0,0,0
C_Iulius_Caesar_Commentarii_de_Bello_Gallico_Book_1_1_31-1_40,12,"magnam calamitatem pulsos accepisse , omnem nobilitatem , omnem senatum , omnem equitatum amisisse . (Diviciacus locutus est)",15,7.0,0.0,0,0
C_Iulius_Caesar_Commentarii_de_Bello_Gallico_Book_1_1_31-1_40,13,"Quibus proeliis calamitatibus -que fractos , qui et sua virtute et populi Romani hospitio atque amicitia plurimum ante in Gallia potuissent , coactos esse Sequanis obsides dare nobilissimos civitatis et iure iurando civitatem obstringere sese ne -que obsides repetituros ne -que auxilium a populo Romano imploraturos ne -que recusaturos quo minus perpetuo sub illorum dicione atque imperio essent . (Diviciacus locutus est)",35,15.0,0.0,2,6
C_Iulius_Caesar_Commentarii_de_Bello_Gallico_Book_1_1_31-1_40,14,Unum se esse ex omni civitate Haeduorum qui adduci non potuerit ut iuraret aut liberos suos obsides daret . [ ] (Diviciacus locutus est),29,11.0,0.0,3,5
C_Iulius_Caesar_Commentarii_de_Bello_Gallico_Book_1_1_31-1_40,15,"Ob eam rem se ex civitate profugisse et Romam ad senatum venisse auxilium postulatum , quod solus ne -que iure iurando ne -que obsidibus teneretur . (teneretur) (Diviciacus locutus est)",35,8.0,0.0,1,5
C_Iulius_Caesar_Commentarii_de_Bello_Gallico_Book_1_1_31-1_40,16,"Sed peius victoribus Sequanis quam Haeduis victis accidisse , propterea quod Ariovistus , rex Germanorum , in eorum finibus consedisset tertiam -que partem agri Sequani , qui esset optimus totius Galliae , occupavisset et nunc de altera parte tertia Sequanos decedere iuberet , propterea quod paucis mensibus ante Harudum milia hominum XXIIII ad eum venissent , quibus locus ac sedes pararentur . (id quod accidit) [ ] (Diviciacus locutus est)",33,17.0,9.0,6,6
C_Iulius_Caesar_Commentarii_de_Bello_Gallico_Book_1_1_31-1_40,17,Futurum esse paucis annis uti omnes ex Galliae finibus pellerentur atque omnes Germani Rhenum transirent ; (Diviciacus locutus est),32,8.0,5.0,2,5
C_Iulius_Caesar_Commentarii_de_Bello_Gallico_Book_1_1_31-1_40,18,ne -que enim conferendum esse Gallicum cum Germanorum agro ne -que hanc consuetudinem victus cum illa comparandam . (Diviciacus locutus est),28,7.0,4.0,0,0
C_Iulius_Caesar_Commentarii_de_Bello_Gallico_Book_1_1_31-1_40,19,"Ariovistum autem , ut semel Gallorum copias proelio vicerit , quod proelium factum sit ad Magetobrigam , superbe et crudeliter imperare , obsides nobilissimi cuiusque liberos poscere et in eos omnia exempla cruciatus -que edere , si qua res non ad nutum aut ad voluntatem eius facta sit . [ ] (Diviciacus locutus est)",51,13.0,0.0,3,5
C_Iulius_Caesar_Commentarii_de_Bello_Gallico_Book_1_1_31-1_40,2,Ea re impetrata sese omnes flentes Caesari ad pedes proiecerunt :,36,5.0,2.0,1,3
C_Iulius_Caesar_Commentarii_de_Bello_Gallico_Book_1_1_31-1_40,20,"Hominem esse barbarum , iracundum , temerarium : (Diviciacus locutus est)",10,3.0,0.0,0,0
C_Iulius_Caesar_Commentarii_de_Bello_Gallico_Book_1_1_31-1_40,21,"non posse eius imperia , diutius sustineri . (Diviciacus locutus est)",14,4.0,0.0,0,0
C_Iulius_Caesar_Commentarii_de_Bello_Gallico_Book_1_1_31-1_40,22,"Ni -si quid in Caesare populo -que Romano sit auxilii , omnibus Gallis idem esse faciendum quod Helvetii fecerint , ut domo emigrent , aliud domicilium , alias sedes , remotas a Germanis , petant fortunam -que , quaecumque accidat , experiantur . (Diviciacus locutus est)",31,15.0,0.0,6,5
C_Iulius_Caesar_Commentarii_de_Bello_Gallico_Book_1_1_31-1_40,23,"Haec si enuntiata Ariovisto sint , non dubitare quin de omnibus obsidibus qui apud eum sint gravissimum supplicium sumat . (Diviciacus locutus est)",47,10.0,0.0,3,3
C_Iulius_Caesar_Commentarii_de_Bello_Gallico_Book_1_1_31-1_40,24,"Caesarem vel auctoritate sua atque exercitus vel recenti victoria vel nomine populi Romani deterrere posse ne maior multitudo Germanorum Rhenum traducatur , Galliam -que omnem ab Ariovisti iniuria posse defendere . (Diviciacus locutus est)",44,11.0,0.0,1,4
C_Iulius_Caesar_Commentarii_de_Bello_Gallico_Book_1_1_31-1_40,25,Hac oratione ab Diviciaco habita omnes qui aderant magno fletu auxilium a Caesare petere coeperunt .,40,6.0,3.0,2,3
C_Iulius_Caesar_Commentarii_de_Bello_Gallico_Book_1_1_31-1_40,26,Animadvertit Caesar unos ex omnibus Sequanos nihil earum rerum facere quas ceteri facerent sed tristes capite demisso terram intueri .,48,8.0,4.0,2,4
C_Iulius_Caesar_Commentarii_de_Bello_Gallico_Book_1_1_31-1_40,27,Eius rei quae causa esset miratus ex ipsis quaesiit .,50,7.0,2.0,2,4
C_Iulius_Caesar_Commentarii_de_Bello_Gallico_Book_1_1_31-1_40,28,"Nihil Sequani respondere , sed in eadem tristitia taciti permanere .",44,6.0,4.0,0,0
C_Iulius_Caesar_Commentarii_de_Bello_Gallico_Book_1_1_31-1_40,29,"Cum ab his saepius quaereret ne -que ullam omnino vocem exprimere posset , idem Diviciacus Haeduus respondit : hoc esse miseriorem et graviorem fortunam Sequanorum quam reliquorum , quod soli ne in occulto quidem queri ne -que auxilium implorare auderent absentis -que Ariovisti crudelitatem , velut si cora adesset , horrerent , propterea quod reliquis tamen fugae facultas daretur , Sequanis vero , qui intra fines suos Ariovistum recepissent , quorum oppida omnia in potestate eius essent , omnes cruciatus essent perferendi . (auderent) (horrerent) (fortuna est)",44,20.0,4.0,10,6
C_Iulius_Caesar_Commentarii_de_Bello_Gallico_Book_1_1_31-1_40,3,"non minus se id contendere et laborare ne ea quae dixissent enuntiarentur quam uti ea quae vellent impetrarent , propterea quod , si enuntiatum esset , summum in cruciatum se venturos viderent . (principes dixerunt) (contendere et laborare) (dixerunt)",25,15.0,0.0,6,6
C_Iulius_Caesar_Commentarii_de_Bello_Gallico_Book_1_1_31-1_40,30,His rebus cognitis Caesar Gallorum animos verbis confirmavit pollicitus -que est sibi eam rem curae futuram ;,53,7.0,4.0,2,3
C_Iulius_Caesar_Commentarii_de_Bello_Gallico_Book_1_1_31-1_40,31,magnam se habere spem et beneficio suo et auctoritate adductum Ariovistum finem iniuriis facturum . (Caesar dixit),44,7.0,0.0,0,0
C_Iulius_Caesar_Commentarii_de_Bello_Gallico_Book_1_1_31-1_40,32,"Hac oratione habita , concilium dimisit .",17,4.0,1.0,1,3
C_Iulius_Caesar_Commentarii_de_Bello_Gallico_Book_1_1_31-1_40,33,"Et secundum ea multae res eum hortabantur qua -re sibi eam rem cogitandam et suscipiendam putaret , in primis quod Haeduos , fratres consanguineos -que saepe numero a senatu appellatos , in servitute atque in dicione videbat Germanorum teneri eorum -que obsides esse apud Ariovistum ac Sequanos intellegebat ;",47,13.0,0.0,5,4
C_Iulius_Caesar_Commentarii_de_Bello_Gallico_Book_1_1_31-1_40,34,quod in tanto imperio populi Romani turpissimum sibi et rei publicae esse arbitrabatur .,40,8.0,0.0,1,3
C_Iulius_Caesar_Commentarii_de_Bello_Gallico_Book_1_1_31-1_40,35,"Paulatim autem Germanos consuescere Rhenum transire et in Galliam magnam eorum multitudinem venire populo Romano periculosum videbat , ne -que sibi homines feros ac barbaros temperaturos existimabat quin , cum omnem Galliam occupavissent , ut ante Cimbri Teutoni -que fecissent , in provinciam exirent atque inde in Italiam contenderent , praesertim cum Sequanos a provincia nostra Rhodanus divideret ; (esse)",49,15.0,7.0,7,6
C_Iulius_Caesar_Commentarii_de_Bello_Gallico_Book_1_1_31-1_40,36,quibus rebus quam maturrime occurrendum putabat .,47,5.0,1.0,1,2
C_Iulius_Caesar_Commentarii_de_Bello_Gallico_Book_1_1_31-1_40,37,"Ipse autem Ariovistus tantos sibi spiritus , tantam arrogantiam sumpserat , ut ferendus non videretur .",47,8.0,6.0,2,5
C_Iulius_Caesar_Commentarii_de_Bello_Gallico_Book_1_1_31-1_40,38,"Quam ob rem placuit ei ut ad Ariovistum legatos mitteret , qui ab eo postularent uti aliquem locum medium utrisque conloquio deligeret :",41,12.0,7.0,4,4
C_Iulius_Caesar_Commentarii_de_Bello_Gallico_Book_1_1_31-1_40,39,velle sese de re publica et summis utriusque rebus cum eo agere . (Caesar dixit),29,6.0,6.0,0,0
C_Iulius_Caesar_Commentarii_de_Bello_Gallico_Book_1_1_31-1_40,4,Locutus est pro his Diviciacus Haeduus :,36,4.0,2.0,1,1
C_Iulius_Caesar_Commentarii_de_Bello_Gallico_Book_1_1_31-1_40,40,"Ei legationi Ariovistus respondit : si quid ipsi a Caesare opus esset , sese ad eum venturum fuisse ; si quid ille se velit , illum ad se venire oportere .",40,9.0,5.0,3,4
C_Iulius_Caesar_Commentarii_de_Bello_Gallico_Book_1_1_31-1_40,41,"Praeterea se ne -que sine exercitu in eas partes Galliae venire audere quas Caesar possideret , ne -que exercitum sine magno commeatu atque molimento in unum locum contrahere posse . (Ariovistus respondit)",46,12.0,6.0,1,4
C_Iulius_Caesar_Commentarii_de_Bello_Gallico_Book_1_1_31-1_40,42,"Sibi autem mirum videri quid in sua Gallia , quam bello vicisset , aut Caesari aut omnino populo Romano negotii esset . (Ariovistus respondit)",47,7.0,0.0,2,6
C_Iulius_Caesar_Commentarii_de_Bello_Gallico_Book_1_1_31-1_40,43,"His responsis ad Caesarem relatis , iterum ad eum Caesar legatos cum his mandatis mittit : quoniam tanto suo populi -que Romani beneficio adfectus , cum in consulatu suo rex atque amicus a senatu appellatus esset , hanc sibi populo -que Romano gratiam referret ut in conloquium venire invitatus gravaretur ne -que de communi re dicendum sibi et cognoscendum putaret , haec esse quae ab eo postularet : primum ne quam multitudinem hominum amplius trans Rhenum in Galliam traduceret ; deinde obsides quos haberet ab Haeduis redderet Sequanis -que permitteret ut quos illi haberent voluntate eius reddere illis liceret ; ne -ve Haeduos iniuria lacesseret ne -ve his sociis -que eorum bellum inferret . [ ]",49,18.0,13.0,12,5
C_Iulius_Caesar_Commentarii_de_Bello_Gallico_Book_1_1_31-1_40,44,"Si id ita fecisset , sibi populo -que Romano perpetuam gratiam atque amicitiam cum eo futuram ; (Caesar per legatos dixit)",43,6.0,0.0,1,6
C_Iulius_Caesar_Commentarii_de_Bello_Gallico_Book_1_1_31-1_40,45,"si non impetraret , sese , quoniam M. Messala , M. Pisone consulibus senatus censuisset uti quicumque Galliam provinciam obtineret , quod commodo rei publicae facere posset , Haeduos ceteros -que amicos populi Romani defenderet , se Haeduorum iniurias non neglecturum . [ ] (Caesar per legatos dixit) (tantum)",49,14.0,0.0,5,6
C_Iulius_Caesar_Commentarii_de_Bello_Gallico_Book_1_1_31-1_40,46,Ad haec Ariovistus respondit : ius esse belli ut qui vicissent iis quos vicissent quem ad modum vellent imperarent .,52,9.0,6.0,5,6
C_Iulius_Caesar_Commentarii_de_Bello_Gallico_Book_1_1_31-1_40,47,"Item populum Romanum victis non ad alterius praescriptum , sed ad suum arbitrium imperare consuesse . (Ariovistus respondit) (consuisse imperare)",29,9.0,0.0,0,0
C_Iulius_Caesar_Commentarii_de_Bello_Gallico_Book_1_1_31-1_40,48,"Si ipse populo Romano non praescriberet quem ad modum suo iure uteretur , non oportere se a populo Romano in suo iure impediri . (Ariovistus respondit)",52,10.0,0.0,2,5
C_Iulius_Caesar_Commentarii_de_Bello_Gallico_Book_1_1_31-1_40,49,"Haeduos sibi , quoniam belli fortunam temptassent et armis congressi ac superati essent , stipendiarios esse factos . (Ariovistus respondit)",32,6.0,0.0,2,6
C_Iulius_Caesar_Commentarii_de_Bello_Gallico_Book_1_1_31-1_40,5,Galliae totius factiones esse duas ; (Diviciacus locutus est),5,4.0,0.0,0,0
C_Iulius_Caesar_Commentarii_de_Bello_Gallico_Book_1_1_31-1_40,50,"Magnam Caesarem iniuriam facere , qui suo adventu vectigalia sibi deteriora faceret . (Ariovistus respondit)",29,6.0,0.0,1,4
C_Iulius_Caesar_Commentarii_de_Bello_Gallico_Book_1_1_31-1_40,51,"Haeduis se obsides redditurum non esse ne -que his ne -que eorum sociis iniuria bellum inlaturum , si in eo manerent quod convenisset stipendium -que quotannis penderent ; (Ariovistus respondit) (bellum inlaturum)",34,10.0,0.0,3,6
C_Iulius_Caesar_Commentarii_de_Bello_Gallico_Book_1_1_31-1_40,52,"si id non fecissent , longe iis fraternum nomen populi Romani afuturum . (Ariovistus respondit)",18,6.0,0.0,1,6
C_Iulius_Caesar_Commentarii_de_Bello_Gallico_Book_1_1_31-1_40,53,"Quod sibi Caesar denuntiaret se Haeduorum iniurias non neglecturum , neminem se -cum sine sua pernicie contendisse . (Ariovistus respondit)",28,8.0,0.0,1,4
C_Iulius_Caesar_Commentarii_de_Bello_Gallico_Book_1_1_31-1_40,54,"Cum vellet , congrederetur : (Ariovistus respondit)",28,4.0,0.0,2,5
C_Iulius_Caesar_Commentarii_de_Bello_Gallico_Book_1_1_31-1_40,55,"intellecturum quid invicti Germani , exercitatissimi in armis , qui inter annos XIIII tectum non subissent , virtute possent . (Ariovistus respondit)",20,7.0,7.0,2,6
C_Iulius_Caesar_Commentarii_de_Bello_Gallico_Book_1_1_31-1_40,56,Haec eodem tempore Caesari mandata referebantur et legati ab Haeduis et a Treveris veniebant :,32,7.0,4.0,2,3
C_Iulius_Caesar_Commentarii_de_Bello_Gallico_Book_1_1_31-1_40,57,"Haedui questum quod Harudes , qui nuper in Galliam transportati essent , fines eorum popularentur : (veniebant) sese ne obsidibus quidem datis pacem Ariovisti redimere potuisse ;",44,11.0,8.0,2,5
C_Iulius_Caesar_Commentarii_de_Bello_Gallico_Book_1_1_31-1_40,58,"Treveri autem , pagos centum Sueborum ad ripas Rheni consedisse , qui Rhenum transire conarentur ; (veniebant) (questum) his praeesse Nasuam et Cimberium fratres . [ ]",47,10.0,1.0,1,5
C_Iulius_Caesar_Commentarii_de_Bello_Gallico_Book_1_1_31-1_40,59,"Quibus rebus Caesar vehementer commotus maturandum sibi existimavit , ne , si nova manus Sueborum cum veteribus copiis Ariovisti sese coniunxisset , minus facile resisti posset .",40,12.0,2.0,3,6
C_Iulius_Caesar_Commentarii_de_Bello_Gallico_Book_1_1_31-1_40,6,"harum alterius principatum tenere Haeduos , alterius Arvernos . (tenere) (Diviciacus locutus est) (principatum)",29,7.0,0.0,0,0
C_Iulius_Caesar_Commentarii_de_Bello_Gallico_Book_1_1_31-1_40,60,Itaque re frumentaria quam celerrime potuit comparata magnis itineribus ad Ariovistum contendit .,43,6.0,3.0,2,3
C_Iulius_Caesar_Commentarii_de_Bello_Gallico_Book_1_1_31-1_40,61,"Cum tridui viam processisset , nuntiatum est ei Ariovistum cum suis omnibus copiis ad occupandum Vesontionem , quod est oppidum maximum Sequanorum , contendere tridui -que viam a suis finibus processisse .",32,11.0,7.0,3,6
C_Iulius_Caesar_Commentarii_de_Bello_Gallico_Book_1_1_31-1_40,62,"Id ne accideret , magnopere sibi praecavendum Caesar existimabat .",24,5.0,1.0,2,4
C_Iulius_Caesar_Commentarii_de_Bello_Gallico_Book_1_1_31-1_40,63,"Nam -que omnium rerum quae ad bellum usui erant summa erat in eo oppido facultas , id -que natura loci sic muniebatur ut magnam ad ducendum bellum daret facultatem , propterea quod flumen Dubis ut circino circumductum paene totum oppidum cingit , reliquum spatium , quod est non amplius pedum MDC , qua flumen intermittit , mons continet magna altitudine , ita ut radices eius montis ex utraque parte ripae fluminis contingant , hunc murus circumdatus arcem efficit et cum oppido coniungit . (quam) [ ] (spatium est)",46,17.0,0.0,11,4
C_Iulius_Caesar_Commentarii_de_Bello_Gallico_Book_1_1_31-1_40,64,Huc Caesar magnis nocturnis diurnis -que itineribus contendit occupato -que oppido ibi praesidium conlocat .,53,7.0,3.0,2,1
C_Iulius_Caesar_Commentarii_de_Bello_Gallico_Book_1_1_31-1_40,65,"Dum paucos dies ad Vesontionem rei frumentariae commeatus -que causa moratur , ex percontatione nostrorum vocibus -que Gallorum ac mercatorum , qui ingenti magnitudine corporum Germanos , incredibili virtute atque exercitatione in armis esse praedicabant ( saepe numero sese cum his congressos ne vultum quidem atque aciem oculorum dicebant ferre potuisse ) , tantus subito timor omnem exercitum occupavit ut non mediocriter omnium mentes animos -que perturbaret . [ ]",54,17.0,11.0,5,4
C_Iulius_Caesar_Commentarii_de_Bello_Gallico_Book_1_1_31-1_40,66,"Hic primum ortus est a tribunis militum , praefectis , reliquis -que qui ex urbe amicitiae causa Caesarem secuti non magnum in re militari usum habebant :",50,9.0,8.0,2,2
C_Iulius_Caesar_Commentarii_de_Bello_Gallico_Book_1_1_31-1_40,67,"quorum alius alia causa inlata , quam sibi ad proficiscendum necessariam esse diceret , petebat ut eius voluntate discedere liceret ;",50,11.0,3.0,3,4
C_Iulius_Caesar_Commentarii_de_Bello_Gallico_Book_1_1_31-1_40,68,"non nulli pudore adducti , ut timoris suspicionem vitarent , remanebant .",43,7.0,1.0,2,4
C_Iulius_Caesar_Commentarii_de_Bello_Gallico_Book_1_1_31-1_40,69,Hi ne -que vultum fingere ne -que interdum lacrimas tenere poterant : (poterant),39,6.0,3.0,1,2
C_Iulius_Caesar_Commentarii_de_Bello_Gallico_Book_1_1_31-1_40,7,"Hi cum tantopere de potentatu inter se multos annos contenderent , factum esse uti ab Arvernis Sequanis -que Germani mercede arcesserentur . (Diviciacus locutus est)",30,9.0,0.0,2,5
C_Iulius_Caesar_Commentarii_de_Bello_Gallico_Book_1_1_31-1_40,70,abditi in tabernaculis aut suum fatum querebantur aut cum familiaribus suis commune periculum miserabantur .,40,7.0,4.0,0,0
C_Iulius_Caesar_Commentarii_de_Bello_Gallico_Book_1_1_31-1_40,71,Vulgo totis castris testamenta obsignabantur .,11,3.0,2.0,1,3
C_Iulius_Caesar_Commentarii_de_Bello_Gallico_Book_1_1_31-1_40,72,"Horum vocibus ac timore paulatim etiam ii qui magnum in castris usum habebant , milites centuriones -que qui -que equitatui praeerant , perturbabantur .",41,7.0,4.0,3,3
C_Iulius_Caesar_Commentarii_de_Bello_Gallico_Book_1_1_31-1_40,73,"Qui se ex his minus timidos existimari volebant , non se hostem vereri , sed angustias itineris et magnitudinem silvarum quae intercederent inter ipsos atque Ariovistum , aut rem frumentariam , ut satis commode supportari posset , timere dicebant .",36,14.0,2.0,4,4
C_Iulius_Caesar_Commentarii_de_Bello_Gallico_Book_1_1_31-1_40,74,"Non nulli etiam Caesari nuntiabant , cum castra moveri ac signa ferri iussisset , non fore dicto audientes milites ne -que propter timorem signa laturos . (iussisset)",32,8.0,3.0,2,6
C_Iulius_Caesar_Commentarii_de_Bello_Gallico_Book_1_1_31-1_40,75,"Haec cum animadvertisset , convocato consilio omnium -que ordinum ad id consilium adhibitis centurionibus , vehementer eos incusavit :",28,8.0,5.0,2,6
C_Iulius_Caesar_Commentarii_de_Bello_Gallico_Book_1_1_31-1_40,76,"primum , quod aut quam in partem aut quo consilio ducerentur sibi quaerendum aut cogitandum putarent . (Caesar incusavit)",47,9.0,1.0,2,5
C_Iulius_Caesar_Commentarii_de_Bello_Gallico_Book_1_1_31-1_40,77,Ariovistum se consule cupidissime populi Romani amicitiam adpetisse ; (Caesar dixit),15,5.0,0.0,0,0
C_Iulius_Caesar_Commentarii_de_Bello_Gallico_Book_1_1_31-1_40,78,cur hunc tam temere quisquam ab officio discessurum iudicaret ? (Caesar dixit),31,4.0,0.0,1,4
C_Iulius_Caesar_Commentarii_de_Bello_Gallico_Book_1_1_31-1_40,79,Sibi quidem persuaderi cognitis suis postulatis atque aequitate condicionum perspecta eum ne -que suam ne -que populi Romani gratiam repudiaturum . (Caesar dixit) (repudiaturum),44,8.0,0.0,0,0
C_Iulius_Caesar_Commentarii_de_Bello_Gallico_Book_1_1_31-1_40,8,Horum primo circiter milia XV Rhenum transisse ; (Diviciacus locutus est),18,4.0,0.0,0,0
C_Iulius_Caesar_Commentarii_de_Bello_Gallico_Book_1_1_31-1_40,80,"Quod si furore atque amentia impulsum bellum intulisset , quid tandem vererentur ? (Caesar dixit)",36,8.0,5.0,1,6
C_Iulius_Caesar_Commentarii_de_Bello_Gallico_Book_1_1_31-1_40,81,Aut cur de sua virtute aut de ipsius diligentia desperarent ? (Caesar dixit),25,6.0,0.0,1,4
C_Iulius_Caesar_Commentarii_de_Bello_Gallico_Book_1_1_31-1_40,82,Factum eius hostis periculum patrum nostrorum memoria Cimbris et Teutonis a C. Mario pulsis cum non minorem laudem exercitus quam ipse imperator meritus videbatur ; (Caesar dixit) (videbatur meritus),28,13.0,5.0,1,3
C_Iulius_Caesar_Commentarii_de_Bello_Gallico_Book_1_1_31-1_40,83,"factum etiam nuper in Italia servili tumultu , quos tamen aliquid usus ac disciplina , quam a nobis accepissent , sublevarint . (Caesar dixit)",35,10.0,9.0,2,6
C_Iulius_Caesar_Commentarii_de_Bello_Gallico_Book_1_1_31-1_40,84,"Ex quo iudicari posse quantum haberet in se boni constantia , propterea quod quos aliquam diu inermes sine causa timuissent hos postea armatos ac victores superassent . (Caesar dixit)",50,9.0,0.0,3,6
C_Iulius_Caesar_Commentarii_de_Bello_Gallico_Book_1_1_31-1_40,85,"Denique hos esse eosdem Germanos quibus -cum saepe numero Helvetii congressi non solum in suis sed etiam in illorum finibus plerumque superarint , qui tamen pares esse nostro exercitui non potuerint . (finibus) (Caesar dixit) (congressi)",31,10.0,0.0,2,5
C_Iulius_Caesar_Commentarii_de_Bello_Gallico_Book_1_1_31-1_40,86,"Si quos adversum proelium et fuga Gallorum commoveret , hos , si quaererent , reperire posse diuturnitate belli defatigatis Gallis Ariovistum , cum multos menses castris se ac paludibus tenuisset ne -que sui potestatem fecisset , desperantes iam de pugna et dispersos subito adortum magis ratione et consilio quam virtute vicisse . (Gallos) (vicit) (Caesar dixit)",33,14.0,0.0,4,6
C_Iulius_Caesar_Commentarii_de_Bello_Gallico_Book_1_1_31-1_40,87,"Cui rationi contra homines barbaros atque imperitos locus fuisset , hac ne ipsum quidem sperare nostros exercitus capi posse . (Caesar dixit)",44,11.0,0.0,1,6
C_Iulius_Caesar_Commentarii_de_Bello_Gallico_Book_1_1_31-1_40,88,"Qui suum timorem in rei frumentariae simulationem angustias -que itineris conferrent , facere arroganter , cum aut de officio imperatoris desperare aut praescribere viderentur . (Caesar dixit)",31,12.0,0.0,2,5
C_Iulius_Caesar_Commentarii_de_Bello_Gallico_Book_1_1_31-1_40,89,Haec sibi esse curae ; (Caesar dixit),15,2.0,0.0,0,0
C_Iulius_Caesar_Commentarii_de_Bello_Gallico_Book_1_1_31-1_40,9,"postea quam agros et cultum et copias Gallorum homines feri ac barbari adamassent , traductos plures ; (Diviciacus locutus est)",32,7.0,0.0,1,6
C_Iulius_Caesar_Commentarii_de_Bello_Gallico_Book_1_1_31-1_40,90,"frumentum Sequanos , Leucos , Lingones subministrare , iam -que esse in agris frumenta matura ; (Caesar dixit)",16,6.0,0.0,0,0
C_Iulius_Caesar_Commentarii_de_Bello_Gallico_Book_1_1_31-1_40,91,de itinere ipsos brevi tempore iudicaturos . (Caesar dixit),25,4.0,0.0,0,0
C_Iulius_Caesar_Commentarii_de_Bello_Gallico_Book_1_1_31-1_40,92,"Quod non fore dicto audientes ne -que signa laturi dicantur , nihil se ea re commoveri : (Caesar dixit)",44,8.0,0.0,1,4
C_Iulius_Caesar_Commentarii_de_Bello_Gallico_Book_1_1_31-1_40,93,"scire enim , quibuscumque exercitus dicto audiens non fuerit , aut male re gesta fortunam defuisse aut aliquo facinore comperto avaritiam esse convictam . (Caesar dixit) (quorum)",43,8.0,4.0,1,5
C_Iulius_Caesar_Commentarii_de_Bello_Gallico_Book_1_1_31-1_40,94,"Suam innocentiam perpetua vita , felicitatem Helvetiorum bello esse perspectam . (perspectam) (Caesar dixit)",29,6.0,4.0,0,0
C_Iulius_Caesar_Commentarii_de_Bello_Gallico_Book_1_1_31-1_40,95,"Itaque se quod in longiorem diem conlaturus fuisset repraesentaturum et proxima nocte de quarta vigilia castra moturum , ut quam primum intellegere posset utrum apud eos pudor atque officium an timor plus valeret . (valeret) (Caesar dixit)",47,12.0,0.0,3,6
C_Iulius_Caesar_Commentarii_de_Bello_Gallico_Book_1_1_31-1_40,96,"Quod si praeterea nemo sequatur , tamen se cum sola decima legione iturum , de qua non dubitet , sibi -que eam praetoriam cohortem futuram . (Caesar dixit)",34,9.0,8.0,1,3
C_Iulius_Caesar_Commentarii_de_Bello_Gallico_Book_1_1_31-1_40,97,Huic legioni Caesar et indulserat praecipue et propter virtutem confidebat maxime .,29,5.0,3.0,2,4
C_Iulius_Caesar_Commentarii_de_Bello_Gallico_Book_1_1_41-1_50,1,"Hac oratione habita mirum in modum conversae sunt omnium mentes summa -que alacritas et cupiditas belli gerendi innata est , princeps -que X . legio per tribunos militum ei gratias egit quod de se optimum iudicium fecisset , se -que esse ad bellum gerendum paratissimam confirmavit .",52,12.0,6.0,5,6
C_Iulius_Caesar_Commentarii_de_Bello_Gallico_Book_1_1_41-1_50,10,"Interim saepe cum legati ultro citro -que inter eos mitterentur , Ariovistus postulavit ne quem peditem ad conloquium Caesar adduceret :",41,8.0,4.0,3,5
C_Iulius_Caesar_Commentarii_de_Bello_Gallico_Book_1_1_41-1_50,11,vereri se ne per insidias ab eo circumveniretur ; (Ariovistus dixit),36,5.0,5.0,1,5
C_Iulius_Caesar_Commentarii_de_Bello_Gallico_Book_1_1_41-1_50,12,uterque cum equitatu veniret : (Ariovistus postulavit),28,3.0,0.0,1,4
C_Iulius_Caesar_Commentarii_de_Bello_Gallico_Book_1_1_41-1_50,13,alia ratione sese non esse venturum . (Ariovistus dixit),5,3.0,0.0,0,0
C_Iulius_Caesar_Commentarii_de_Bello_Gallico_Book_1_1_41-1_50,14,"Caesar , quod ne -que conloquium interposita causa tolli volebat ne -que salutem suam Gallorum equitatui committere audebat , commodissimum esse statuit omnibus equis Gallis equitibus detractis eo legionarios milites legionis X . , cui quam maxime confidebat , imponere , ut praesidium quam amicissimum , si quid opus facto esset , haberet .",53,14.0,7.0,6,4
C_Iulius_Caesar_Commentarii_de_Bello_Gallico_Book_1_1_41-1_50,15,"Quod cum fieret , non inridicule quidam ex militibus X . legionis dixit : plus quam pollicitus esset Caesarem facere ; pollicitum se in cohortis praetoriae loco X . legionem habiturum ad equum rescribere .",53,14.0,8.0,3,4
C_Iulius_Caesar_Commentarii_de_Bello_Gallico_Book_1_1_41-1_50,16,Planities erat magna et in ea tumulus terrenus satis grandis . (erat),54,7.0,4.0,1,2
C_Iulius_Caesar_Commentarii_de_Bello_Gallico_Book_1_1_41-1_50,17,Hic locus aequum fere spatium a castris Ariovisti et Caesaris aberat .,30,7.0,4.0,1,2
C_Iulius_Caesar_Commentarii_de_Bello_Gallico_Book_1_1_41-1_50,18,"Eo , ut erat dictum , ad conloquium venerunt .",41,5.0,2.0,2,3
C_Iulius_Caesar_Commentarii_de_Bello_Gallico_Book_1_1_41-1_50,19,"Legionem Caesar , quam equis devexerat , passibus CC ab eo tumulo constituit .",54,7.0,4.0,2,4
C_Iulius_Caesar_Commentarii_de_Bello_Gallico_Book_1_1_41-1_50,2,Deinde reliquae legiones cum tribunis militum et primorum ordinum centurionibus egerunt uti Caesari satis facerent :,35,8.0,4.0,2,4
C_Iulius_Caesar_Commentarii_de_Bello_Gallico_Book_1_1_41-1_50,20,Item equites Ariovisti pari intervallo constiterunt .,31,4.0,2.0,1,3
C_Iulius_Caesar_Commentarii_de_Bello_Gallico_Book_1_1_41-1_50,21,Ariovistus ex equis ut conloquerentur et praeter se denos ad conloquium adducerent postulavit .,41,7.0,5.0,2,4
C_Iulius_Caesar_Commentarii_de_Bello_Gallico_Book_1_1_41-1_50,22,"Ubi eo ventum est , Caesar initio orationis sua senatus -que in eum beneficia commemoravit , quod rex appellatus esset a senatu , quod amicus , quod munera amplissime missa ; (appellatus)",52,8.0,5.0,3,4
C_Iulius_Caesar_Commentarii_de_Bello_Gallico_Book_1_1_41-1_50,23,quam rem et paucis contigisse et pro magnis hominum officiis consuesse tribui docebat ;,31,7.0,0.0,1,2
C_Iulius_Caesar_Commentarii_de_Bello_Gallico_Book_1_1_41-1_50,24,"illum , cum ne -que aditum ne -que causam postulandi iustam haberet , beneficio ac liberalitate sua ac senatus ea praemia consecutum . (Caesar docebat)",50,8.0,0.0,1,4
C_Iulius_Caesar_Commentarii_de_Bello_Gallico_Book_1_1_41-1_50,25,"Docebat etiam quam veteres quam -que iustae causae necessitudinis ipsis cum Haeduis intercederent , quae senatus consulta quotiens quam -que honorifica in eos facta essent , ut omni tempore totius Galliae principatum Haedui tenuissent , prius etiam quam nostram amicitiam adpetissent .",50,12.0,5.0,5,6
C_Iulius_Caesar_Commentarii_de_Bello_Gallico_Book_1_1_41-1_50,26,"Populi Romani hanc esse consuetudinem , ut socios atque amicos non modo sui nihil deperdere , sed gratia , dignitate , honore auctiores velit esse ; (Caesar docebat)",44,11.0,2.0,1,3
C_Iulius_Caesar_Commentarii_de_Bello_Gallico_Book_1_1_41-1_50,27,"quod vero ad amicitiam populi Romani attulissent , id iis eripi quis pati posset ? (Caesar dicebat)",40,9.0,0.0,2,6
C_Iulius_Caesar_Commentarii_de_Bello_Gallico_Book_1_1_41-1_50,28,"Postulavit deinde eadem quae legatis in mandatis dederat : ne aut Haeduis aut eorum sociis bellum inferret , obsides redderet , si nullam partem Germanorum domum remittere posset , at ne quos amplius Rhenum transire pateretur .",46,12.0,7.0,5,4
C_Iulius_Caesar_Commentarii_de_Bello_Gallico_Book_1_1_41-1_50,29,"Ariovistus ad postulata Caesaris pauca respondit , de suis virtutibus multa praedicavit :",35,8.0,4.0,2,3
C_Iulius_Caesar_Commentarii_de_Bello_Gallico_Book_1_1_41-1_50,3,se ne -que umquam dubitasse ne -que timuisse ne -que de summa belli suum iudicium sed imperatoris esse existimavisse . (milites dixerunt) (esse),34,9.0,0.0,0,0
C_Iulius_Caesar_Commentarii_de_Bello_Gallico_Book_1_1_41-1_50,30,"transisse Rhenum sese non sua sponte , sed rogatum et arcessitum a Gallis ; (Ariovistus respondit) (transisse)",30,7.0,0.0,0,0
C_Iulius_Caesar_Commentarii_de_Bello_Gallico_Book_1_1_41-1_50,31,non sine magna spe magnis -que praemiis domum propinquos -que reliquisse ; (Ariovistus respondit),24,6.0,0.0,0,0
C_Iulius_Caesar_Commentarii_de_Bello_Gallico_Book_1_1_41-1_50,32,"sedes habere in Gallia ab ipsis concessas , obsides ipsorum voluntate datos ; (Ariovistus respondit)",15,8.0,3.0,0,0
C_Iulius_Caesar_Commentarii_de_Bello_Gallico_Book_1_1_41-1_50,33,"stipendium capere iure belli , quod victores victis imponere consuerint . (Ariovistus respondit)",11,6.0,0.0,1,5
C_Iulius_Caesar_Commentarii_de_Bello_Gallico_Book_1_1_41-1_50,34,Non sese Gallis sed Gallos sibi bellum intulisse : (Ariovistus respondit) (intulisse),11,4.0,3.0,0,0
C_Iulius_Caesar_Commentarii_de_Bello_Gallico_Book_1_1_41-1_50,35,omnes Galliae civitates ad se oppugnandum venisse ac contra se castra habuisse ; (Ariovistus respondit),32,7.0,0.0,0,0
C_Iulius_Caesar_Commentarii_de_Bello_Gallico_Book_1_1_41-1_50,36,eas omnes copias a se uno proelio pulsas ac superatas esse . (Ariovistus respondit),32,4.0,0.0,0,0
C_Iulius_Caesar_Commentarii_de_Bello_Gallico_Book_1_1_41-1_50,37,"Si iterum experiri velint , se iterum paratum esse decertare ; (Ariovistus respondit)",15,5.0,0.0,1,3
C_Iulius_Caesar_Commentarii_de_Bello_Gallico_Book_1_1_41-1_50,38,"si pace uti velint , iniquum esse de stipendio recusare , quod sua voluntate ad id tempus pependerint . (Ariovistus respondit)",40,11.0,0.0,2,5
C_Iulius_Caesar_Commentarii_de_Bello_Gallico_Book_1_1_41-1_50,39,"Amicitiam populi Romani sibi ornamento et praesidio , non detrimento esse oportere , atque se hac spe petisse . (Ariovistus respondit) (esse)",32,8.0,0.0,0,0
C_Iulius_Caesar_Commentarii_de_Bello_Gallico_Book_1_1_41-1_50,4,"Eorum satisfactione accepta et itinere exquisito per Diviciacum , quod ex Gallis ei maximam fidem habebat , ut milium amplius quinquaginta circuitu locis apertis exercitum duceret , de quarta vigilia , ut dixerat , profectus est .",46,10.0,3.0,4,4
C_Iulius_Caesar_Commentarii_de_Bello_Gallico_Book_1_1_41-1_50,40,"Si per populum Romanum stipendium remittatur et dediticii subtrahantur , non minus libenter sese recusaturum populi Romani amicitiam quam adpetierit . (Ariovistus respondit)",29,9.0,0.0,3,5
C_Iulius_Caesar_Commentarii_de_Bello_Gallico_Book_1_1_41-1_50,41,"Quod multitudinem Germanorum in Galliam traducat , id se sui muniendi , non Galliae oppugnandae causa facere ; (Ariovistus respondit) (facere) (causa)",50,8.0,0.0,1,3
C_Iulius_Caesar_Commentarii_de_Bello_Gallico_Book_1_1_41-1_50,42,eius rei testimonium esse quod ni -si rogatus non venerit et quod bellum non intulerit sed defenderit . (Ariovistus respondit),21,9.0,0.0,3,5
C_Iulius_Caesar_Commentarii_de_Bello_Gallico_Book_1_1_41-1_50,43,Se prius in Galliam venisse quam populum Romanum . (Ariovistus respondit) (dixit venisse),25,7.0,0.0,0,0
C_Iulius_Caesar_Commentarii_de_Bello_Gallico_Book_1_1_41-1_50,44,Numquam ante hoc tempus exercitum populi Romani Galliae provinciae finibus egressum . (Ariovistus respondit) [ ],49,6.0,0.0,0,0
C_Iulius_Caesar_Commentarii_de_Bello_Gallico_Book_1_1_41-1_50,45,Quid sibi vellet ? (Ariovistus dixit),15,2.0,0.0,1,4
C_Iulius_Caesar_Commentarii_de_Bello_Gallico_Book_1_1_41-1_50,46,Cur in suas possessiones veniret ? (Ariovistus dixit),14,4.0,0.0,1,4
C_Iulius_Caesar_Commentarii_de_Bello_Gallico_Book_1_1_41-1_50,47,"Provinciam suam hanc esse Galliam , sicut illam nostram . (Ariovistus respondit) (dixit esse) [ ]",49,6.0,0.0,0,0
C_Iulius_Caesar_Commentarii_de_Bello_Gallico_Book_1_1_41-1_50,48,"Ut ipsi concedi non oporteret , si in nostros fines impetum faceret , sic item nos esse iniquos , quod in suo iure se interpellaremus . (Ariovistus respondit)",31,13.0,0.0,3,4
C_Iulius_Caesar_Commentarii_de_Bello_Gallico_Book_1_1_41-1_50,49,"Quod fratres a senatu Haeduos appellatos diceret , non se tam barbarum ne -que tam imperitum esse rerum ut non sciret ne -que bello Allobrogum proximo Haeduos Romanis auxilium tulisse ne -que ipsos in iis contentionibus quas Haedui se -cum et cum Sequanis habuissent auxilio populi Romani usos esse . (Ariovistus respondit)",40,16.0,0.0,3,6
C_Iulius_Caesar_Commentarii_de_Bello_Gallico_Book_1_1_41-1_50,5,"Septimo die , cum iter non intermitteret , ab exploratoribus certior factus est Ariovisti copias a nostris milia passuum IIII et XX abesse .",33,8.0,5.0,2,4
C_Iulius_Caesar_Commentarii_de_Bello_Gallico_Book_1_1_41-1_50,50,"Debere se suspicari simulata Caesarem amicitia , quod exercitum in Gallia habeat , sui opprimendi causa habere . (Ariovistus respondit)",50,8.0,6.0,1,3
C_Iulius_Caesar_Commentarii_de_Bello_Gallico_Book_1_1_41-1_50,51,"Qui ni -si decedat atque exercitum deducat ex his regionibus , sese illum non pro amico sed pro hoste habiturum . (Ariovistus respondit) (habiturum)",32,9.0,0.0,2,3
C_Iulius_Caesar_Commentarii_de_Bello_Gallico_Book_1_1_41-1_50,52,"Quod si eum interfecerit , multis sese nobilibus principibus -que populi Romani gratum esse facturum ( id se ab ipsis per eorum nuntios compertum habere ) , quorum omnium gratiam atque amicitiam eius morte redimere posset . (Ariovistus respondit)",37,13.0,0.0,2,5
C_Iulius_Caesar_Commentarii_de_Bello_Gallico_Book_1_1_41-1_50,53,"Quod si decessisset et liberam possessionem Galliae sibi tradidisset , magno se illum praemio remuneraturum et quaecumque bella geri vellet sine ullo eius labore et periculo confecturum . (Ariovistus respondit)",27,10.0,0.0,3,6
C_Iulius_Caesar_Commentarii_de_Bello_Gallico_Book_1_1_41-1_50,54,"Multa a Caesare in eam sententiam dicta sunt qua -re negotio desistere non posset : ne -que suam ne -que populi Romani consuetudinem pati ut optime meritos socios desereret , ne -que se iudicare Galliam potius esse Ariovisti quam populi Romani . (iudicabat Galliam esse) [ ]",46,14.0,5.0,3,4
C_Iulius_Caesar_Commentarii_de_Bello_Gallico_Book_1_1_41-1_50,55,"Bello superatos esse Arvernos et Rutenos a Q. Fabio Maximo , quibus populus Romanus ignovisset ne -que in provinciam redegisset ne -que stipendium posuisset . (Caesar dixit)",49,8.0,0.0,3,6
C_Iulius_Caesar_Commentarii_de_Bello_Gallico_Book_1_1_41-1_50,56,"Quod si antiquissimum quodque tempus spectari oporteret , populi Romani iustissimum esse in Gallia imperium ; si iudicium senatus observari oporteret , liberam debere esse Galliam , quam bello victam suis legibus uti voluisset . (Caesar dixit)",40,13.0,0.0,3,6
C_Iulius_Caesar_Commentarii_de_Bello_Gallico_Book_1_1_41-1_50,57,"Dum haec in conloquio geruntur , Caesari nuntiatum est equites Ariovisti propius tumulum accedere et ad nostros adequitare , lapides tela -que in nostros coicere .",54,8.0,4.0,2,2
C_Iulius_Caesar_Commentarii_de_Bello_Gallico_Book_1_1_41-1_50,58,Caesar loquendi finem fecit se -que ad suos recepit suis -que imperavit ne quod omnino telum in hostes reicerent .,36,9.0,5.0,4,4
C_Iulius_Caesar_Commentarii_de_Bello_Gallico_Book_1_1_41-1_50,59,"Nam etsi sine ullo periculo legionis delectae cum equitatu proelium fore videbat , tamen committendum non putabat ut , pulsis hostibus , dici posset eos ab se per fidem in conloquio circumventos .",47,15.0,8.0,3,4
C_Iulius_Caesar_Commentarii_de_Bello_Gallico_Book_1_1_41-1_50,6,Cognito Caesaris adventu Ariovistus legatos ad eum mittit :,32,5.0,3.0,1,1
C_Iulius_Caesar_Commentarii_de_Bello_Gallico_Book_1_1_41-1_50,60,"Posteaquam in vulgus militum elatum est qua arrogantia in conloquio Ariovistus usus omni Gallia Romanis interdixisset , impetum -que in nostros eius equites fecissent , ea -que res conloquium ut diremisset , multo maior alacritas studium -que pugnandi maius exercitui iniectum est .",41,12.0,5.0,5,6
C_Iulius_Caesar_Commentarii_de_Bello_Gallico_Book_1_1_41-1_50,61,Biduo post Ariovistus ad Caesarem legatos misit :,32,4.0,2.0,1,3
C_Iulius_Caesar_Commentarii_de_Bello_Gallico_Book_1_1_41-1_50,62,velle se de iis rebus quae inter eos agi coeptae ne -que perfectae essent agere cum eo : (Ariovistus per legatos dixit),28,9.0,7.0,1,4
C_Iulius_Caesar_Commentarii_de_Bello_Gallico_Book_1_1_41-1_50,63,"uti aut iterum conloquio diem constitueret aut , si id minus vellet , ex suis legatis aliquem ad se mitteret . (Ariovistus per legatos postulavit)",41,7.0,7.0,3,4
C_Iulius_Caesar_Commentarii_de_Bello_Gallico_Book_1_1_41-1_50,64,"Conloquendi Caesari causa visa non est , et eo magis quod pridie eius diei Germani retineri non potuerant quin tela in nostros coicerent . (non visa est)",50,11.0,8.0,3,4
C_Iulius_Caesar_Commentarii_de_Bello_Gallico_Book_1_1_41-1_50,65,Legatum ex suis sese magno cum periculo ad eum missurum et hominibus feris obiecturum existimabat .,32,7.0,0.0,1,2
C_Iulius_Caesar_Commentarii_de_Bello_Gallico_Book_1_1_41-1_50,66,"Commodissimum visum est C. Valerium Procillum , C. Valerii Caburi filium , summa virtute et humanitate adulescentem , cuius pater a C. Valerio Flacco civitate donatus erat , et propter fidem et propter linguae Gallicae scientiam , qua multa iam Ariovistus longinqua consuetudine utebatur , et quod in eo peccandi Germanis causa non esset , ad eum mittere , et una M. Metium , qui hospitio Ariovisti utebatur . (mittere)",50,14.0,6.0,5,4
C_Iulius_Caesar_Commentarii_de_Bello_Gallico_Book_1_1_41-1_50,67,His mandavit quae diceret Ariovistus cognoscerent et ad se referrent .,23,6.0,4.0,3,4
C_Iulius_Caesar_Commentarii_de_Bello_Gallico_Book_1_1_41-1_50,68,"Quos cum apud se in castris Ariovistus conspexisset , exercitu suo praesente conclamavit : quid ad se venirent ? an speculandi causa ? (venirent)",50,9.0,4.0,3,6
C_Iulius_Caesar_Commentarii_de_Bello_Gallico_Book_1_1_41-1_50,69,Conantes dicere prohibuit et in catenas coniecit .,36,5.0,3.0,2,3
C_Iulius_Caesar_Commentarii_de_Bello_Gallico_Book_1_1_41-1_50,7,"quod antea de conloquio postulasset , id per se fieri licere , quoniam propius accessisset se -que id sine periculo facere posse existimaret . (legati dixerunt)",49,13.0,0.0,3,6
C_Iulius_Caesar_Commentarii_de_Bello_Gallico_Book_1_1_41-1_50,70,Eodem die castra promovit et milibus passuum VI a Caesaris castris sub monte consedit .,35,7.0,3.0,2,3
C_Iulius_Caesar_Commentarii_de_Bello_Gallico_Book_1_1_41-1_50,71,Postridie eius diei praeter castra Caesaris suas copias traduxit et milibus passuum duobus ultra eum castra fecit eo consilio uti frumento commeatu -que qui ex Sequanis et Haeduis supportaretur Caesarem intercluderet . [ ],49,13.0,5.0,4,5
C_Iulius_Caesar_Commentarii_de_Bello_Gallico_Book_1_1_41-1_50,72,"Ex eo die dies continuos V Caesar pro castris suas copias produxit et aciem instructam habuit , ut , si vellet Ariovistus proelio contendere , ei potestas non deesset .",54,10.0,3.0,4,4
C_Iulius_Caesar_Commentarii_de_Bello_Gallico_Book_1_1_41-1_50,73,"Ariovistus his omnibus diebus exercitum castris continuit , equestri proelio cotidie contendit .",18,5.0,2.0,2,3
C_Iulius_Caesar_Commentarii_de_Bello_Gallico_Book_1_1_41-1_50,74,"Genus hoc erat pugnae , quo se Germani exercuerant :",15,4.0,3.0,2,4
C_Iulius_Caesar_Commentarii_de_Bello_Gallico_Book_1_1_41-1_50,75,"equitum milia erant VI , totidem numero pedites velocissimi ac fortissimi , quos ex omni copia singuli singulos suae salutis causa delegerant :",53,7.0,1.0,2,4
C_Iulius_Caesar_Commentarii_de_Bello_Gallico_Book_1_1_41-1_50,76,"cum his in proeliis versabantur , ad eos se equites recipiebant ;",32,6.0,3.0,2,3
C_Iulius_Caesar_Commentarii_de_Bello_Gallico_Book_1_1_41-1_50,77,"hi , si quid erat durius , concurrebant , si qui graviore vulnere accepto equo deciderat , circumsistebant ;",40,10.0,4.0,4,4
C_Iulius_Caesar_Commentarii_de_Bello_Gallico_Book_1_1_41-1_50,78,"si quo erat longius prodeundum aut celerius recipiendum , tanta erat horum exercitatione celeritas ut iubis sublevati equorum cursum adaequarent .",32,10.0,4.0,3,4
C_Iulius_Caesar_Commentarii_de_Bello_Gallico_Book_1_1_41-1_50,79,"Ubi eum castris se tenere Caesar intellexit , ne diutius commeatu prohiberetur , ultra eum locum , quo in loco Germani consederant , circiter passus DC ab his , castris idoneum locum delegit acie -que triplici instructa ad eum locum venit .",54,12.0,6.0,5,5
C_Iulius_Caesar_Commentarii_de_Bello_Gallico_Book_1_1_41-1_50,8,"Non respuit condicionem Caesar iam -que eum ad sanitatem reverti arbitrabatur , cum id quod antea petenti denegasset ultro polliceretur , magnam -que in spem veniebat pro suis tantis populi -que Romani in eum beneficiis cognitis suis postulatis fore uti pertinacia desisteret .",53,15.0,4.0,5,6
C_Iulius_Caesar_Commentarii_de_Bello_Gallico_Book_1_1_41-1_50,80,"Primam et secundam aciem in armis esse , tertiam castra munire iussit . (iussit)",54,7.0,0.0,1,3
C_Iulius_Caesar_Commentarii_de_Bello_Gallico_Book_1_1_41-1_50,81,"Hic locus ab hoste circiter passus DC , uti dictum est , aberat .",18,7.0,2.0,2,2
C_Iulius_Caesar_Commentarii_de_Bello_Gallico_Book_1_1_41-1_50,82,"Eo circiter hominum XVI milia expedita cum omni equitatu Ariovistus misit , quae copiae nostros terrerent et munitione prohiberent .",36,7.0,4.0,3,4
C_Iulius_Caesar_Commentarii_de_Bello_Gallico_Book_1_1_41-1_50,83,"Nihilo setius Caesar , ut ante constituerat , duas acies hostem propulsare , tertiam opus perficere iussit . (iussit)",54,6.0,3.0,2,4
C_Iulius_Caesar_Commentarii_de_Bello_Gallico_Book_1_1_41-1_50,84,"Munitis castris duas ibi legiones reliquit et partem auxiliorum , quattuor reliquas legiones in castra maiora reduxit .",28,8.0,4.0,2,3
C_Iulius_Caesar_Commentarii_de_Bello_Gallico_Book_1_1_41-1_50,85,Proximo die instituto suo Caesar ex castris utrisque copias suas eduxit paulum -que a maioribus castris progressus aciem instruxit hostibus -que pugnandi potestatem fecit .,54,9.0,3.0,3,3
C_Iulius_Caesar_Commentarii_de_Bello_Gallico_Book_1_1_41-1_50,86,"Ubi ne tum quidem eos prodire intellexit , circiter meridiem exercitum in castra reduxit .",44,8.0,2.0,2,3
C_Iulius_Caesar_Commentarii_de_Bello_Gallico_Book_1_1_41-1_50,87,"Tum demum Ariovistus partem suarum copiarum , quae castra minora oppugnaret , misit .",26,5.0,4.0,2,4
C_Iulius_Caesar_Commentarii_de_Bello_Gallico_Book_1_1_41-1_50,88,Acriter utrimque usque ad vesperum pugnatum est .,22,3.0,2.0,1,1
C_Iulius_Caesar_Commentarii_de_Bello_Gallico_Book_1_1_41-1_50,89,Solis occasu suas copias Ariovistus multis et inlatis et acceptis vulneribus in castra reduxit .,30,5.0,2.0,1,3
C_Iulius_Caesar_Commentarii_de_Bello_Gallico_Book_1_1_41-1_50,9,Dies conloquio dictus est ex eo die quintus .,41,6.0,5.0,1,1
C_Iulius_Caesar_Commentarii_de_Bello_Gallico_Book_1_1_41-1_50,90,"Cum ex captivis quaereret Caesar quam ob rem Ariovistus proelio non decertaret , hanc reperiebat causam , quod apud Germanos ea consuetudo esset ut matres familiae eorum sortibus et vaticinationibus declararent utrum proelium committi ex usu esset ne -c -ne ; [ ] (esset)",53,17.0,10.0,6,4
C_Iulius_Caesar_Commentarii_de_Bello_Gallico_Book_1_1_41-1_50,91,"eas ita dicere : non esse fas Germanos superare , si ante novam lunam proelio contendissent . (Caesar reperiebat)",49,7.0,0.0,1,6
C_Iulius_Caesar_Commentarii_de_Bello_Gallico_Book_1_1_51-1_54,1,"Postridie eius diei Caesar praesidio utrisque castris quod satis esse visum est reliquit , alarios omnes in conspectu hostium pro castris minoribus constituit , quod minus multitudine militum legionariorum pro hostium numero valebat , ut ad speciem alariis uteretur ;",40,10.0,5.0,5,5
C_Iulius_Caesar_Commentarii_de_Bello_Gallico_Book_1_1_51-1_54,10,Reperti sunt complures nostri qui in phalanga insilirent et scuta manibus revellerent et desuper vulnerarent .,35,6.0,5.0,4,4
C_Iulius_Caesar_Commentarii_de_Bello_Gallico_Book_1_1_51-1_54,11,"Cum hostium acies a sinistro cornu pulsa atque in fugam coniecta esset , a dextro cornu vehementer multitudine suorum nostram aciem premebant .",54,9.0,6.0,2,4
C_Iulius_Caesar_Commentarii_de_Bello_Gallico_Book_1_1_51-1_54,12,"Id cum animadvertisset P. Crassus adulescens , qui equitatui praeerat , quod expeditior erat quam ii qui inter aciem versabantur , tertiam aciem laborantibus nostris subsidio misit . [ ] (erant)",54,13.0,2.0,5,6
C_Iulius_Caesar_Commentarii_de_Bello_Gallico_Book_1_1_51-1_54,13,"Ita proelium restitutum est , atque omnes hostes terga verterunt ne -c prius fugere destiterunt quam ad flumen Rhenum milia passuum ex eo loco circiter L pervenerunt . [ ]",49,11.0,9.0,4,3
C_Iulius_Caesar_Commentarii_de_Bello_Gallico_Book_1_1_51-1_54,14,Ibi perpauci aut viribus confisi tranare contenderunt aut lintribus inventis sibi salutem reppererunt .,54,6.0,2.0,2,3
C_Iulius_Caesar_Commentarii_de_Bello_Gallico_Book_1_1_51-1_54,15,"In his fuit Ariovistus , qui naviculam deligatam ad ripam nactus ea profugit ;",15,10.0,8.0,2,3
C_Iulius_Caesar_Commentarii_de_Bello_Gallico_Book_1_1_51-1_54,16,reliquos omnes consecuti equites nostri interfecerunt .,37,4.0,0.0,1,3
C_Iulius_Caesar_Commentarii_de_Bello_Gallico_Book_1_1_51-1_54,17,"Duae fuerunt Ariovisti uxores , una Sueba natione , quam domo se -cum eduxerat , altera Norica , regis Voccionis soror , quam in Gallia duxerat a fratre missam : [ ] [ ]",29,10.0,0.0,3,4
C_Iulius_Caesar_Commentarii_de_Bello_Gallico_Book_1_1_51-1_54,18,utraque in ea fuga periit ;,30,4.0,3.0,1,3
C_Iulius_Caesar_Commentarii_de_Bello_Gallico_Book_1_1_51-1_54,19,duae filiae : (fuerunt),5,2.0,0.0,0,0
C_Iulius_Caesar_Commentarii_de_Bello_Gallico_Book_1_1_51-1_54,2,ipse triplici instructa acie usque ad castra hostium accessit .,54,6.0,3.0,1,3
C_Iulius_Caesar_Commentarii_de_Bello_Gallico_Book_1_1_51-1_54,20,"harum altera occisa , altera capta est .",29,5.0,2.0,1,1
C_Iulius_Caesar_Commentarii_de_Bello_Gallico_Book_1_1_51-1_54,21,"C. Valerius Procillus , cum a custodibus in fuga trinis catenis vinctus traheretur , in ipsum Caesarem hostes equitatu insequentem incidit .",28,9.0,4.0,2,5
C_Iulius_Caesar_Commentarii_de_Bello_Gallico_Book_1_1_51-1_54,22,"Quae quidem res Caesari non minorem quam ipsa victoria voluptatem attulit , quod hominem honestissimum provinciae Galliae , suum familiarem et hospitem , ereptum ex manibus hostium sibi restitutum videbat ne -que eius calamitate de tanta voluptate et gratulatione quicquam fortuna deminuerat . (attulit) [ ] [ ]",53,15.0,1.0,3,4
C_Iulius_Caesar_Commentarii_de_Bello_Gallico_Book_1_1_51-1_54,23,"Is se praesente de se ter sortibus consultum dicebat , utrum igni statim necaretur an in aliud tempus reservaretur :",53,8.0,7.0,3,5
C_Iulius_Caesar_Commentarii_de_Bello_Gallico_Book_1_1_51-1_54,24,sortium beneficio se esse incolumem . (dicebat),53,3.0,0.0,0,0
C_Iulius_Caesar_Commentarii_de_Bello_Gallico_Book_1_1_51-1_54,25,Item M. Metius repertus et ad eum reductus est .,14,5.0,3.0,1,1
C_Iulius_Caesar_Commentarii_de_Bello_Gallico_Book_1_1_51-1_54,26,"Hoc proelio trans Rhenum nuntiato , Suebi , qui ad ripas Rheni venerant , domum reverti coeperunt ;",44,8.0,5.0,2,4
C_Iulius_Caesar_Commentarii_de_Bello_Gallico_Book_1_1_51-1_54,27,"quos ubi qui proximi Rhenum incolunt perterritos senserunt , insecuti magnum ex iis numerum occiderunt .",30,10.0,3.0,3,3
C_Iulius_Caesar_Commentarii_de_Bello_Gallico_Book_1_1_51-1_54,28,Caesar una aestate duobus maximis bellis confectis maturius paulo quam tempus anni postulabat in hiberna in Sequanos exercitum deduxit ;,45,10.0,6.0,2,3
C_Iulius_Caesar_Commentarii_de_Bello_Gallico_Book_1_1_51-1_54,3,"Tum demum necessario Germani suas copias castris eduxerunt generatim -que constituerunt paribus intervallis , Harudes , Marcomanos , Tribocos , Vangiones , Nemetes , Sedusios , Suebos , omnem -que aciem suam raedis et carris circumdederunt , ne qua spes in fuga relinqueretur .",54,8.0,5.0,4,5
C_Iulius_Caesar_Commentarii_de_Bello_Gallico_Book_1_1_51-1_54,30,ipse in citeriorem Galliam ad conventus agendos profectus est .,36,6.0,3.0,1,1
C_Iulius_Caesar_Commentarii_de_Bello_Gallico_Book_1_1_51-1_54,4,"Eo mulieres imposuerunt , quae ad proelium proficiscentes milites passis manibus flentes implorabant ne se in servitutem Romanis traderent .",47,8.0,6.0,3,4
C_Iulius_Caesar_Commentarii_de_Bello_Gallico_Book_1_1_51-1_54,5,"Caesar singulis legionibus singulos legatos et quaestorem praefecit , uti eos testes suae quisque virtutis haberet ; [ ]",32,9.0,3.0,2,4
C_Iulius_Caesar_Commentarii_de_Bello_Gallico_Book_1_1_51-1_54,6,"ipse a dextro cornu , quod eam partem minime firmam hostium esse animadverterat , proelium commisit .",37,8.0,3.0,2,4
C_Iulius_Caesar_Commentarii_de_Bello_Gallico_Book_1_1_51-1_54,7,"Ita nostri acriter in hostes signo dato impetum fecerunt ita -que hostes repente celeriter -que procurrerunt , ut spatium pila in hostes coiciendi non daretur .",43,13.0,2.0,3,5
C_Iulius_Caesar_Commentarii_de_Bello_Gallico_Book_1_1_51-1_54,8,Relictis pilis comminus gladiis pugnatum est .,8,3.0,2.0,1,1
C_Iulius_Caesar_Commentarii_de_Bello_Gallico_Book_1_1_51-1_54,9,At Germani celeriter ex consuetudine sua phalange facta impetus gladiorum exceperunt .,45,5.0,0.0,1,3
C_Valerius_Catullus_Carmina_1,1,Cui dono lepidum novum libellum arida modo pumice expolitum ?,42,5.0,3.0,1,1
C_Valerius_Catullus_Carmina_1,3,"nam -que tu solebas meas esse aliquid putare nugas , iam tum cum ausus es unus Italorum omne aevum tribus explicare chartis , doctis , Iuppiter , et laboriosis !",47,12.0,0.0,2,2
C_Valerius_Catullus_Carmina_1,4,"qua -re habe tibi quidquid hoc libelli qualecumque , quod , o patrona virgo , plus uno maneat perenne saeclo . [ ]",51,7.0,4.0,2,3
C_Valerius_Catullus_Carmina_10,1,"Varus me meus ad suos amores visum duxerat e foro otiosum , scortillum , ut mihi tum repente visum est , non sane illepidum ne -que invenustum .",33,10.0,2.0,2,4
C_Valerius_Catullus_Carmina_10,10,"utor tam bene quam mihi pararim , sed tu insulsa male et molesta vivis , per quam non licet esse neglegentem . “ (inquii)",49,11.0,0.0,4,5
C_Valerius_Catullus_Carmina_10,2,"huc ut venimus , incidere nobis sermones varii , in quibus , quid esset iam Bithynia , quo modo se haberet , et quonam mihi profuisset aere . (fuerunt)",52,9.0,5.0,5,6
C_Valerius_Catullus_Carmina_10,3,"respondi id quod erat , nihil ne -que ipsis ne -c praetoribus esse ne -c cohorti , cur quisquam caput unctius referret , praesertim quibus esset irrumator praetor , ne -c faceret pili cohortem .",44,12.0,0.0,4,4
C_Valerius_Catullus_Carmina_10,4,"“ at certe tamen , “ inquiunt “ quod illic natum dicitur esse , comparasti ad lecticam homines . “",45,6.0,0.0,3,3
C_Valerius_Catullus_Carmina_10,5,"ego , ut puellae unum me facerem beatiorem , “ non “ inquam “ mihi tam fuit maligne ut , provincia quod mala incidisset , non possem octo homines parare rectos . “",49,13.0,2.0,5,6
C_Valerius_Catullus_Carmina_10,6,at mi nullus erat ne -c hic ne -que illic fractum qui veteris pedem grabati in collo sibi collocare posset .,47,9.0,0.0,2,4
C_Valerius_Catullus_Carmina_10,7,"hic illa , ut decuit cinaediorem , “ quaeso , “ inquit “ mihi , mi Catulle , paulum istos commoda : nam volo ad Serapim deferri . “",29,8.0,5.0,5,3
C_Valerius_Catullus_Carmina_10,8,"“ mane “ inquii puellae , “ istud quod modo dixeram me habere , fugit me ratio , meus sodalis — Cinna est Gaius — is sibi paravit . [ ]",14,10.0,1.0,6,4
C_Valerius_Catullus_Carmina_10,9,"verum , utrum illius an mei , quid ad me ? (est) (sit) (inquii)",29,6.0,4.0,0,0
C_Valerius_Catullus_Carmina_11,1,"Furi et Aureli comites Catulli , si -ve in extremos penetrabit Indos , litus ut longe resonante Eoa tunditur unda , si -ve in Hyrcanos Arabes -ve molles , se -u Sagas sagittiferos -ve Parthos , si -ve quae septemgeminus colorat aequora Nilus , si -ve trans altas gradietur Alpes , Caesaris visens monimenta magni , Gallicum Rhenum horribile aequor ultimos -que Britannos , omnia haec , quaecumque feret voluntas caelitum , temptare simul parati , pauca nuntiate meae puellae non bona dicta . [ ] (penetrabit) (penetrabit in) (penetrabit in)",51,14.0,3.0,6,5
C_Valerius_Catullus_Carmina_11,2,"cum suis vivat valeat -que moechis , quos simul complexa tenet trecentos , nullum amans vere , sed identidem omnium ilia rumpens ;",46,9.0,8.0,3,3
C_Valerius_Catullus_Carmina_11,3,"ne -c meum respectet , ut ante , amorem , qui illius culpa cecidit velut prati ultimi flos , praetereunte postquam tactus aratro est . (cadit) (respexit)",42,11.0,0.0,3,3
C_Valerius_Catullus_Carmina_12,1,"Marrucine Asini , manu sinistra non belle uteris :",40,4.0,2.0,1,2
C_Valerius_Catullus_Carmina_12,10,nam sudaria Saetaba ex Hiberis miserunt mihi muneri Fabullus et Veranius :,46,4.0,2.0,1,3
C_Valerius_Catullus_Carmina_12,11,haec amem necesse est ut Veraniolum meum et Fabullum . (amem),29,7.0,3.0,2,3
C_Valerius_Catullus_Carmina_12,2,in ioco atque vino tollis lintea neglegentiorum .,32,5.0,3.0,1,1
C_Valerius_Catullus_Carmina_12,3,hoc salsum esse putas ?,47,2.0,0.0,1,1
C_Valerius_Catullus_Carmina_12,4,"fugit te , inepte :",7,3.0,2.0,1,1
C_Valerius_Catullus_Carmina_12,5,quamvis sordida res et invenusta est .,21,4.0,1.0,1,1
C_Valerius_Catullus_Carmina_12,6,non credis mihi ?,17,2.0,1.0,1,1
C_Valerius_Catullus_Carmina_12,7,"crede Pollioni fratri , qui tua furta vel talento mutari velit : [ ]",17,6.0,0.0,2,3
C_Valerius_Catullus_Carmina_12,8,est enim leporum differtus puer ac facetiarum .,32,4.0,1.0,1,1
C_Valerius_Catullus_Carmina_12,9,"qua -re aut hendecasyllabos trecentos exspecta , aut mihi linteum remitte , quod me non movet aestimatione , verum est mnemosynum mei sodalis .",21,10.0,7.0,4,2
C_Valerius_Catullus_Carmina_13,1,"Cenabis bene , mi Fabulle , apud me paucis , si tibi di favent , diebus , si te -cum attuleris bonam atque magnam cenam , non sine candida puella et vino et sale et omnibus cachinnis .",47,9.0,7.0,3,6
C_Valerius_Catullus_Carmina_13,2,"haec si , inquam , attuleris , venuste noster , cenabis bene ;",15,5.0,0.0,3,6
C_Valerius_Catullus_Carmina_13,3,nam tui Catulli plenus sacculus est aranearum .,27,5.0,2.0,1,1
C_Valerius_Catullus_Carmina_13,4,sed contra accipies meros amores seu quid suavius elegantius -ve est :,12,5.0,0.0,2,5
C_Valerius_Catullus_Carmina_13,5,"nam unguentum dabo , quod meae puellae donarunt Veneres Cupidines -que , quod tu cum olfacies , deos rogabis , totum ut te faciant , Fabulle , nasum .",42,8.0,4.0,5,5
C_Valerius_Catullus_Carmina_14a,1,"Ni te plus oculis meis amarem , iucundissime Calve , munere isto odissem te odio Vatiniano :",54,7.0,5.0,2,6
C_Valerius_Catullus_Carmina_14a,10,"vos hinc interea valete abite illuc , unde malum pedem attulistis , saecli incommoda , pessimi poetae . [ ]",49,9.0,1.0,3,3
C_Valerius_Catullus_Carmina_14a,2,"nam quid feci ego quid -ve sum locutus , cur me tot male perderes poetis ?",36,6.0,2.0,3,4
C_Valerius_Catullus_Carmina_14a,3,"isti di mala multa dent clienti , qui tantum tibi misit impiorum .",36,6.0,2.0,2,3
C_Valerius_Catullus_Carmina_14a,4,"quod si , ut suspicor , hoc novum ac repertum munus dat tibi Sulla litterator , non est mi male , sed bene ac beate , quod non dispereunt tui labores . [ ] (est)",48,10.0,5.0,4,2
C_Valerius_Catullus_Carmina_14a,5,"di magni , horribilem et sacrum libellum !",19,4.0,2.0,0,0
C_Valerius_Catullus_Carmina_14a,6,"quem tu scilicet ad tuum Catullum misti , continuo ut die periret , Saturnalibus , optimo dierum !",30,8.0,3.0,2,4
C_Valerius_Catullus_Carmina_14a,7,"non non hoc tibi , false , sic abibit . [ ]",15,4.0,2.0,1,5
C_Valerius_Catullus_Carmina_14a,8,"nam si luxerit ad librariorum curram scrinia , Caesios , Aquinos , Suffenum , omnia colligam venena .",48,8.0,4.0,3,6
C_Valerius_Catullus_Carmina_14a,9,ac te his suppliciis remunerabor .,32,3.0,0.0,1,5
C_Valerius_Catullus_Carmina_14b,1,"Si qui forte mearum ineptiarum lectores eritis manus -que vestras non horrebitis admovere nobis , [...",41,8.0,4.0,2,5
C_Valerius_Catullus_Carmina_15,1,"Commendo tibi me ac meos amores , Aureli .",32,5.0,3.0,1,1
C_Valerius_Catullus_Carmina_15,2,"veniam peto pudentem , ut , si quicquam animo tuo cupisti , quod castum expeteres et integellum , conserves puerum mihi pudice , non dico a populo — nihil veremur istos , qui in platea modo huc modo illuc in re praetereunt sua occupati — verum a te metuo tuo -que pene infesto pueris bonis malis -que .",44,21.0,9.0,8,4
C_Valerius_Catullus_Carmina_15,3,"quem tu qua lubet , ut lubet moveto quantum vis , ubi erit foris paratum : (locum)",29,8.0,3.0,5,5
C_Valerius_Catullus_Carmina_15,4,"hunc unum excipio , ut puto , pudenter .",47,6.0,2.0,2,1
C_Valerius_Catullus_Carmina_15,5,"quod si te mala mens furor -que vecors in tantam impulerit , sceleste , culpam , ut nostrum insidiis caput lacessas , a tum te miserum mali -que fati , quem attractis pedibus patente porta percurrent raphani -que mugiles -que .",44,12.0,0.0,3,6
C_Valerius_Catullus_Carmina_16,1,"Pedicabo ego vos et irrumabo , Aureli pathice et cinaede Furi , qui me ex versiculis meis putastis , quod sunt molliculi , parum pudicum . (esse) [ ] [ ]",47,8.0,5.0,4,5
C_Valerius_Catullus_Carmina_16,2,"nam castum esse decet pium poetam ipsum , versiculos nihil necesse est ; (esse)",44,7.0,2.0,2,1
C_Valerius_Catullus_Carmina_16,3,"qui tum denique habent salem ac leporem , si sunt molliculi ac parum pudici , et quod pruriat incitare possunt , non dico pueris , sed his pilosis qui duros nequeunt movere lumbos .",51,12.0,3.0,6,3
C_Valerius_Catullus_Carmina_16,4,"vos , quod milia multa basiorum legistis , male me marem putatis ? (esse)",47,6.0,2.0,2,3
C_Valerius_Catullus_Carmina_16,5,pedicabo ego vos et irrumabo .,6,2.0,1.0,2,5
C_Valerius_Catullus_Carmina_23,1,"Furi cui ne -que servus est ne -que arca ne -c cimex ne -que araneus ne -que ignis , verum est et pater et noverca , quorum dentes vel silicem comesse possunt , est pulcre tibi cum tuo parente et cum coniuge lignea parentis . (est) (est) (est) (est)",28,11.0,7.0,4,1
C_Valerius_Catullus_Carmina_23,10,"haec tu commoda tam beata , Furi , noli spernere ne -c putare parvi , et sestertia quae soles precari centum desine : (velis) (precari)",52,11.0,3.0,3,2
C_Valerius_Catullus_Carmina_23,11,nam sat es beatus .,41,3.0,2.0,1,1
C_Valerius_Catullus_Carmina_23,2,ne -c mirum : (est),40,2.0,0.0,0,0
C_Valerius_Catullus_Carmina_23,3,"bene nam valetis omnes , pulcre concoquitis , nihil timetis , non incendia , non graves ruinas , non facta impia , non dolos veneni , non casus alios periculorum . (timetis) (timetis) (timetis) (timetis) (timetis)",48,6.0,3.0,3,1
C_Valerius_Catullus_Carmina_23,4,atque corpora sicciora cornu aut siquid magis aridum est habetis sole et frigore et esuritione .,46,8.0,0.0,2,1
C_Valerius_Catullus_Carmina_23,5,qua -re non tibi sit bene ac beate ?,41,4.0,2.0,1,3
C_Valerius_Catullus_Carmina_23,6,"a te sudor abest , abest saliva , mucus -que et mala pituita nasi .",18,7.0,4.0,2,1
C_Valerius_Catullus_Carmina_23,7,"hanc ad munditiem adde mundiorem , quod culus tibi purior salillo est , ne -c toto decies cacas in anno ;",18,10.0,5.0,3,2
C_Valerius_Catullus_Carmina_23,8,atque id durius est faba et lapillis .,32,4.0,0.0,1,1
C_Valerius_Catullus_Carmina_23,9,"quod tu si manibus teras frices -que , non umquam digitum inquinare posses .",13,5.0,2.0,3,4
C_Valerius_Catullus_Carmina_2a,1,"Passer , deliciae meae puellae , qui -cum ludere , quem in sinu tenere , cui primum digitum dare appetenti et acris solet incitare morsus , cum desiderio meo nitenti carum nescio quid lubet iocari et solaciolum sui doloris , credo ut tum gravis acquiescat ardor : te -cum ludere sicut ipsa possem et tristis animi levare curas ! (ludere potest)",51,14.0,2.0,6,4
C_Valerius_Catullus_Carmina_2b,1,"Tam gratum est mihi quam ferunt puellae pernici aureolum fuisse malum , quod zonam soluit diu ligatam .",29,10.0,0.0,3,3
C_Valerius_Catullus_Carmina_3,1,"Lugete , o Veneres Cupidines -que , et quantum est hominum venustiorum :",26,6.0,0.0,2,2
C_Valerius_Catullus_Carmina_3,2,"passer mortuus est meae puellae , passer , deliciae meae puellae , quem plus illa oculis suis amabat .",36,7.0,1.0,2,2
C_Valerius_Catullus_Carmina_3,3,"nam mellitus erat suam -que norat ipsam tam bene quam puella matrem , ne -c sese a gremio illius movebat , sed circumsiliens modo huc modo illuc ad solam dominam usque pipiabat . (novit)",25,12.0,7.0,4,4
C_Valerius_Catullus_Carmina_3,4,"qui nunc it per iter tenebricosum illuc , unde negant redire quemquam .",41,8.0,3.0,2,1
C_Valerius_Catullus_Carmina_3,5,"at vobis male sit , malae tenebrae Orci , quae omnia bella devoratis :",45,5.0,0.0,2,3
C_Valerius_Catullus_Carmina_3,6,tam bellum mihi passerem abstulistis o factum male !,18,5.0,2.0,1,3
C_Valerius_Catullus_Carmina_3,8,tua nunc opera meae puellae flendo turgiduli rubent ocelli .,18,5.0,2.0,1,1
C_Valerius_Catullus_Carmina_4,1,"Phaselus ille , quem videtis , hospites , ait fuisse navium celerrimus , ne -que ullius natantis impetum trabis nequisse praeterire , si -ve palmulis opus foret volare si -ve linteo . (opus foret volare)",53,11.0,5.0,3,4
C_Valerius_Catullus_Carmina_4,2,"et hoc negat minacis Hadriatici negare litus insulas -ve Cycladas Rhodum -que nobilem horridam -que Thraciam Propontida trucem -ve Ponticum sinum , ubi iste post phaselus antea fuit comata silva ; (fuit) [ ]",41,11.0,1.0,2,3
C_Valerius_Catullus_Carmina_4,3,nam Cytorio in iugo loquente saepe sibilum edidit coma .,36,4.0,1.0,1,3
C_Valerius_Catullus_Carmina_4,4,"Amastri Pontica et Cytore buxifer , tibi haec fuisse et esse cognitissima ait phaselus :",45,6.0,2.0,1,1
C_Valerius_Catullus_Carmina_4,5,"ultima ex origine tuo stetisse dicit in cacumine , tuo imbuisse palmulas in aequore , et inde tot per impotentia freta erum tulisse , laeva si -ve dextera vocaret aura , si -ve utrumque Iuppiter simul secundus incidisset in pedem ;",46,11.0,0.0,3,6
C_Valerius_Catullus_Carmina_4,6,"ne -que ulla vota litoralibus deis sibi esse facta , cum veniret a mari novissimo hunc ad usque limpidum lacum .",46,7.0,0.0,1,4
C_Valerius_Catullus_Carmina_4,7,sed haec prius fuere :,15,2.0,0.0,1,3
C_Valerius_Catullus_Carmina_4,8,"nunc recondita senet quiete se -que dedicat tibi , gemelle Castor et gemelle Castoris .",12,7.0,4.0,2,1
C_Valerius_Catullus_Carmina_5,1,"Vivamus mea Lesbia , atque amemus , rumores -que senum severiorum omnes unius aestimemus assis !",40,7.0,4.0,3,3
C_Valerius_Catullus_Carmina_5,2,soles occidere et redire possunt :,30,3.0,2.0,1,1
C_Valerius_Catullus_Carmina_5,3,"nobis cum semel occidit brevis lux , nox est perpetua una dormienda .",51,6.0,2.0,2,3
C_Valerius_Catullus_Carmina_5,4,"da mi basia mille , deinde centum , dein mille altera , dein secunda centum , deinde usque altera mille , deinde centum . (da) (da) (da) (da) (da)",29,6.0,3.0,1,2
C_Valerius_Catullus_Carmina_5,5,"dein , cum milia multa fecerimus , conturbabimus illa , ne sciamus , aut ne quis malus invidere possit , cum tantum sciat esse basiorum .",40,12.0,4.0,5,6
C_Valerius_Catullus_Carmina_6,1,"Flavi , delicias tuas Catullo , ni sint illepidae atque inelegantes , velles dicere ne -c tacere posses .",32,8.0,2.0,3,4
C_Valerius_Catullus_Carmina_6,2,verum nescio quid febriculosi scorti diligis :,43,4.0,0.0,2,1
C_Valerius_Catullus_Carmina_6,3,hoc pudet fateri .,15,2.0,0.0,1,1
C_Valerius_Catullus_Carmina_6,4,"nam te non viduas iacere noctes nequiquam tacitum cubile clamat sertis ac Syrio fragrans olivo , pulvinus -que peraeque et hic et ille attritus , tremuli -que quassa lecti argutatio inambulatio -que .",32,9.0,4.0,1,1
C_Valerius_Catullus_Carmina_6,5,"nam nil stupra valet , nihil tacere .",44,4.0,2.0,1,1
C_Valerius_Catullus_Carmina_6,6,cur ? (tacere nil valet),4,1.0,1.0,0,0
C_Valerius_Catullus_Carmina_6,7,"non tam latera ecfututa pandas , ni tu quid facias ineptiarum .",40,7.0,1.0,2,3
C_Valerius_Catullus_Carmina_6,8,"qua -re , quidquid habes boni mali -que , dic nobis .",51,6.0,4.0,2,2
C_Valerius_Catullus_Carmina_6,9,volo te ac tuos amores ad caelum lepido vocare versu .,32,5.0,0.0,1,1
C_Valerius_Catullus_Carmina_7,1,"Quaeris , quot mihi basiationes tuae , Lesbia , sint satis super -que . (satis)",34,5.0,0.0,2,3
C_Valerius_Catullus_Carmina_7,2,quam magnus numerus Libyssae harenae lasarpiciferis iacet Cyrenis oraclum Iovis inter aestuosi et Batti veteris sacrum sepulcrum ;,34,8.0,2.0,1,1
C_Valerius_Catullus_Carmina_7,3,"aut quam sidera multa , cum tacet nox , furtivos hominum vident amores :",28,6.0,0.0,2,1
C_Valerius_Catullus_Carmina_7,4,"tam te basia multa basiare vesano satis et super Catullo est , quae ne -c pernumerare curiosi possint ne -c mala fascinare lingua . (possint) (satis)",26,10.0,3.0,2,3
C_Valerius_Catullus_Carmina_8,1,"Miser Catulle , desinas ineptire , et quod vides perisse perditum ducas .",36,8.0,1.0,3,3
C_Valerius_Catullus_Carmina_8,10,cui videberis bella ? (esse),3,3.0,2.0,1,5
C_Valerius_Catullus_Carmina_8,11,quem nunc amabis ?,12,2.0,1.0,1,5
C_Valerius_Catullus_Carmina_8,15,"at tu , Catulle , destinatus obdura .",45,4.0,0.0,1,2
C_Valerius_Catullus_Carmina_8,2,"fulsere quondam candidi tibi soles , cum ventitabas quo puella ducebat amata nobis quantum amabitur nulla .",30,9.0,2.0,4,5
C_Valerius_Catullus_Carmina_8,3,"ibi illa multa cum iocosa fiebant , quae tu volebas ne -c puella nolebat , fulsere vere candidi tibi soles .",30,8.0,3.0,3,3
C_Valerius_Catullus_Carmina_8,4,nunc iam illa non vult :,15,2.0,1.0,1,1
C_Valerius_Catullus_Carmina_8,5,"tu quoque impotens noli , ne -c quae fugit sectare , ne -c miser vive , sed obstinata mente perfer , obdura .",44,8.0,2.0,6,5
C_Valerius_Catullus_Carmina_8,6,"vale puella , iam Catullus obdurat , ne -c te requiret ne -c rogabit invitam .",33,6.0,3.0,4,5
C_Valerius_Catullus_Carmina_8,7,"at tu dolebis , cum rogaberis nulla .",51,4.0,0.0,2,5
C_Valerius_Catullus_Carmina_8,8,"scelesta , vae te , quae tibi manet vita ?",29,4.0,2.0,1,1
C_Valerius_Catullus_Carmina_8,9,quis nunc te adibit ?,12,2.0,1.0,1,5
C_Valerius_Catullus_Carmina_9,1,"Verani , omnibus e meis amicis antistans mihi milibus trecentis , venisti -ne domum ad tuos penates fratres -que unanimos anum -que matrem ?",8,9.0,4.0,1,3
C_Valerius_Catullus_Carmina_9,2,venisti .,4,,,1,3
C_Valerius_Catullus_Carmina_9,3,o mihi nuntii beati !,41,2.0,0.0,0,0
C_Valerius_Catullus_Carmina_9,4,"visam te incolumem audiam -que Hiberum narrantem loca , facta , nationes , ut mos est tuus , applicans -que collum iucundum os oculos -que suaviabor . (esse) (te)",30,12.0,4.0,4,5
C_Valerius_Catullus_Carmina_9,5,"o quantum est hominum beatiorum , quid me laetius est beatius -ve ?",41,5.0,2.0,2,1
D_Iunius_Juvenalis_Saturae_1,1,Semper ego auditor tantum ? (ero),12,3.0,2.0,0,0
D_Iunius_Juvenalis_Saturae_1,10,"cur tamen hoc potius libeat decurrere campo per quem magnus equos Auruncae flexit alumnus , si vacat ac placidi rationem admittitis , edam .",32,11.0,3.0,5,5
D_Iunius_Juvenalis_Saturae_1,11,"Cum tener uxorem ducat spado , Mevia Tuscum figat aprum et nuda teneat venabula mamma , patricios omnis opibus cum provocet unus quo tondente gravis iuveni mihi barba sonabat , cum pars Niliacae plebis , cum verna Canopi Crispinus Tyrias umero revocante lacernas ventilet aestivum digitis sudantibus aurum , ne c sufferre queat maioris pondera gemmae , difficile est saturam non scribere . [ ] (provocet)",41,13.0,2.0,8,3
D_Iunius_Juvenalis_Saturae_1,12,"nam quis iniquae tam patiens urbis , tam ferreus , ut teneat se , causidici nova cum veniat lectica Mathonis plena ipso , post hunc magni delator amici et cito rapturus de nobilitate comesa quod superest , quem Massa timet , quem munere palpat Carus et a trepido Thymele summissa Latino , cum te summoveant qui testamenta merentur noctibus , in caelum quos evehit optima summi nunc via processus , vetulae vesica beatae ? (est) (veniat) (palpat) [ ]",46,21.0,3.0,8,3
D_Iunius_Juvenalis_Saturae_1,13,"unciolam Proculeius habet , sed Gillo deuncem , partes quisque suas ad mensuram inguinis heres . (habet) (habet)",26,7.0,4.0,1,1
D_Iunius_Juvenalis_Saturae_1,14,"accipiat sane mercedem sanguinis , et sic palleat ut nudis pressit qui calcibus anguem aut Lugudunensem rhetor dicturus ad aram .",52,11.0,6.0,3,3
D_Iunius_Juvenalis_Saturae_1,15,"Quid referam quanta siccum iecur ardeat ira , cum populum gregibus comitum premit hic spoliator pupilli prostantis et hic damnatus inani iudicio ?",26,8.0,2.0,3,3
D_Iunius_Juvenalis_Saturae_1,16,quid enim salvis infamia nummis ? (est),17,3.0,2.0,0,0
D_Iunius_Juvenalis_Saturae_1,17,"exul ab octava Marius bibit et fruitur dis iratis , at tu victrix provincia ploras . [ ] [ ]",49,8.0,1.0,3,2
D_Iunius_Juvenalis_Saturae_1,18,Haec ego non credam Venusina digna lucerna ? (esse),17,5.0,1.0,1,3
D_Iunius_Juvenalis_Saturae_1,19,haec ego non agitem ?,15,2.0,1.0,1,3
D_Iunius_Juvenalis_Saturae_1,2,numquam ne reponam vexatus totiens rauci Theseide Cordi ?,34,6.0,2.0,1,3
D_Iunius_Juvenalis_Saturae_1,20,sed quid magis ? (agitem),5,2.0,0.0,0,0
D_Iunius_Juvenalis_Saturae_1,21,"Heracleas aut Diomedeas aut mugitum labyrinthi et mare percussum puero fabrum -que uolantem , cum leno accipiat moechi bona , si capiendi ius nullum uxori , doctus spectare lacunar , doctus et ad calicem uigilanti stertere naso , cum fas esse putet curam sperare cohortis qui bona donauit praesepibus et caret omni maiorum censu , dum peruolat axe citato Flaminiam puer Automedon ? (est) (agitem) [ ]",49,14.0,7.0,5,3
D_Iunius_Juvenalis_Saturae_1,22,"nam lora tenebat ipse , lacernatae cum se iactaret amicae .",15,5.0,1.0,2,4
D_Iunius_Juvenalis_Saturae_1,23,"Nonne libet medio ceras inplere capaces quadrivio , cum iam sexta cervice feratur hinc atque inde patens ac nuda paene cathedra et multum referens de Maecenate supino signator falsi , qui se lautum atque beatum exiguis tabulis et gemma fecerit uda ?",41,12.0,3.0,3,5
D_Iunius_Juvenalis_Saturae_1,24,"Occurrit matrona potens , quae molle Calenum porrectura viro miscet sitiente rubetam instituit que rudes melior Lucusta propinquas per famam et populum nigros efferre maritos .",51,10.0,7.0,3,1
D_Iunius_Juvenalis_Saturae_1,25,"aude aliquid brevibus Gyaris et carcere dignum , si vis esse aliquid .",48,9.0,2.0,2,2
D_Iunius_Juvenalis_Saturae_1,26,probitas laudatur et alget .,2,2.0,1.0,1,2
D_Iunius_Juvenalis_Saturae_1,27,"criminibus debent hortos praetoria mensas , argentum vetus et stantem extra pocula caprum .",28,6.0,5.0,1,1
D_Iunius_Juvenalis_Saturae_1,28,"quem patitur dormire nurus corruptor avarae , quem sponsae turpes et praetextatus adulter ? (patiuntur)",40,8.0,4.0,1,2
D_Iunius_Juvenalis_Saturae_1,29,"si natura negat , facit indignatio versum qualemcumque potest , quales ego vel Cluvienus . (facere) (potest) (facere)",41,8.0,3.0,3,1
D_Iunius_Juvenalis_Saturae_1,3,"inpune ergo mihi recitaverit ille togatas , hic elegos ? (recitaverit)",27,4.0,2.0,1,6
D_Iunius_Juvenalis_Saturae_1,30,"Ex quo Deucalion nimbis tollentibus aequor navigio montem ascendit sortes que poposcit , paulatim que anima caluerunt mollia saxa et maribus nudas ostendit Pyrrha puellas , quidquid agunt homines , votum timor ira voluptas gaudia discursus , nostri farrago libelli est .",53,12.0,1.0,6,3
D_Iunius_Juvenalis_Saturae_1,31,et quando uberior vitiorum copia ? (fuit),29,3.0,0.0,0,0
D_Iunius_Juvenalis_Saturae_1,32,quando maior avaritiae patuit sinus ?,29,3.0,2.0,1,3
D_Iunius_Juvenalis_Saturae_1,33,alea quando hos animos ? (movit),29,3.0,2.0,0,0
D_Iunius_Juvenalis_Saturae_1,34,"ne -que enim loculis comitantibus itur ad casum tabulae , posita sed luditur arca .",44,7.0,0.0,2,2
D_Iunius_Juvenalis_Saturae_1,35,proelia quanta illic dispensatore videbis armigero !,26,4.0,2.0,1,5
D_Iunius_Juvenalis_Saturae_1,36,simplex ne furor sestertia centum perdere et horrenti tunicam non reddere servo ? (est),41,6.0,3.0,0,0
D_Iunius_Juvenalis_Saturae_1,37,"quis totidem erexit villas , quis fercula septem secreto cenavit avus ?",32,6.0,3.0,2,3
D_Iunius_Juvenalis_Saturae_1,38,nunc sportula primo limine parva sedet turbae rapienda togatae ;,30,6.0,4.0,1,1
D_Iunius_Juvenalis_Saturae_1,39,ille tamen faciem prius inspicit et trepidat ne suppositus venias ac falso nomine poscas :,32,8.0,4.0,4,3
D_Iunius_Juvenalis_Saturae_1,4,inpune diem consumpserit ingens Telephus aut summi plena iam margine libri scriptus et in tergo ne c dum finitus Orestes ?,35,9.0,2.0,1,6
D_Iunius_Juvenalis_Saturae_1,40,agnitus accipies .,38,1.0,1.0,1,5
D_Iunius_Juvenalis_Saturae_1,41,"iubet a praecone vocari ipsos Troiugenas , nam vexant limen et ipsi nobis -cum .",30,7.0,2.0,2,1
D_Iunius_Juvenalis_Saturae_1,42,"' da praetori , da deinde tribuno . ' (inquit)",35,4.0,0.0,2,2
D_Iunius_Juvenalis_Saturae_1,43,sed libertinus prior est .,17,2.0,0.0,1,1
D_Iunius_Juvenalis_Saturae_1,44,' prior ' inquit ' ego adsum .,6,3.0,0.0,2,1
D_Iunius_Juvenalis_Saturae_1,45,"cur timeam dubitem -ve locum defendere , quamvis natus ad Euphraten , molles quod in aure fenestrae arguerint ? (inquit)",51,8.0,0.0,3,5
D_Iunius_Juvenalis_Saturae_1,46,"licet ipse negem , sed quinque tabernae quadringenta parant . (inquit)",49,6.0,0.0,3,3
D_Iunius_Juvenalis_Saturae_1,47,"quid confert purpura maior optandum , si Laurenti custodit in agro conductas Corvinus oves , ego possideo plus Pallante et Licinis ? "" (inquit)",46,10.0,0.0,3,1
D_Iunius_Juvenalis_Saturae_1,48,""" expectent ergo tribuni , vincant divitiae , sacro ne cedat honori nuper in hanc urbem pedibus qui venerat albis , quandoquidem inter nos sanctissima divitiarum maiestas , etsi funesta pecunia templo nondum habitas , nullas nummorum ereximus aras , ut colitur Pax atque Fides Victoria Virtus quae -que salutato crepitat Concordia nido . (est)",52,17.0,9.0,7,4
D_Iunius_Juvenalis_Saturae_1,49,"Sed cum summus honor finito conputet anno , sportula quid referat , quantum rationibus addat , quid facient comites quibus hinc toga , calceus hinc est et panis fumus -que domi ? (est)",43,12.0,0.0,5,5
D_Iunius_Juvenalis_Saturae_1,5,nota magis nulli domus est sua quam mihi lucus Martis et Aeoliis vicinum rupibus antrum Vulcani . (notum est),46,10.0,6.0,1,1
D_Iunius_Juvenalis_Saturae_1,50,"densissima centum quadrantes lectica petit , sequitur -que maritum languida vel praegnas et circumducitur uxor .",36,7.0,3.0,3,2
D_Iunius_Juvenalis_Saturae_1,51,hic petit absenti nota iam callidus arte ostendens vacuam et clausam pro coniuge sellam .,43,8.0,4.0,1,1
D_Iunius_Juvenalis_Saturae_1,52,""" Galla mea est "" inquit , "" citius dimitte .",17,5.0,0.0,3,2
D_Iunius_Juvenalis_Saturae_1,53,moraris ? (inquit),36,2.0,2.0,1,2
D_Iunius_Juvenalis_Saturae_1,54,"profer , Galla , caput , noli vexare , quiescit . "" (inquit)",26,5.0,0.0,3,2
D_Iunius_Juvenalis_Saturae_1,55,Ipse dies pulchro distinguitur ordine rerum :,24,4.0,2.0,1,2
D_Iunius_Juvenalis_Saturae_1,56,"sportula , deinde forum iuris -que peritus Apollo atque triumphales , inter quas ausus habere nescioquis titulos Aegyptius atque Arabarches , cuius ad effigiem non tantum meiere fas est . (venit) (venit)",49,12.0,0.0,1,1
D_Iunius_Juvenalis_Saturae_1,57,"vestibulis abeunt veteres lassi -que clientes vota -que deponunt , quamquam longissima cenae spes homini ; (erat)",46,7.0,2.0,2,1
D_Iunius_Juvenalis_Saturae_1,58,caulis miseris atque ignis emendus .,32,3.0,1.0,0,0
D_Iunius_Juvenalis_Saturae_1,59,"optima silvarum interea pelagi -que vorabit rex horum , vacuis -que toris tantum ipse iacebit",19,7.0,3.0,2,5
D_Iunius_Juvenalis_Saturae_1,6,"Quid agant venti , quas torqueat umbras Aeacus , unde alius furtivae devehat aurum pelliculae , quantas iaculetur Monychus ornos , Frontonis platani convulsa que marmora clamant semper et adsiduo ruptae lectore columnae :",41,11.0,3.0,5,4
D_Iunius_Juvenalis_Saturae_1,60,nam de tot pulchris et latis orbibus et tam antiquis una comedunt patrimonia mensa .,32,7.0,5.0,0,0
D_Iunius_Juvenalis_Saturae_1,61,nullus iam parasitus erit .,17,3.0,1.0,1,5
D_Iunius_Juvenalis_Saturae_1,62,sed quis ferat istas luxuriae sordes ?,11,3.0,0.0,1,3
D_Iunius_Juvenalis_Saturae_1,63,"quanta est gula quae sibi totos ponit apros , animal propter convivia natum !",43,8.0,7.0,2,1
D_Iunius_Juvenalis_Saturae_1,64,"poena tamen praesens , cum tu deponis amictus turgidus et crudum pavonem in balnea portas , (est)",50,6.0,1.0,2,1
D_Iunius_Juvenalis_Saturae_1,65,hinc subitae mortes atque intestata senectus ; (venit),32,4.0,3.0,0,0
D_Iunius_Juvenalis_Saturae_1,66,it nova ne -c tristis per cunctas fabula cenas :,54,7.0,3.0,1,1
D_Iunius_Juvenalis_Saturae_1,67,ducitur iratis plaudendum funus amicis .,48,4.0,0.0,1,2
D_Iunius_Juvenalis_Saturae_1,68,"Nil erit ulterius quod nostris moribus addat posteritas , eadem facient cupient -que minores , omne in praecipiti vitium stetit .",31,8.0,3.0,5,5
D_Iunius_Juvenalis_Saturae_1,69,"utere velis , totos pande sinus .",40,5.0,2.0,2,5
D_Iunius_Juvenalis_Saturae_1,7,expectes eadem a summo minimo que poeta . (poeta),31,5.0,2.0,1,3
D_Iunius_Juvenalis_Saturae_1,70,"dicas hic forsitan "" unde ingenium par materiae ? (veniat)",39,5.0,4.0,1,3
D_Iunius_Juvenalis_Saturae_1,71,unde illa priorum scribendi quodcumque animo flagrante liberet simplicitas ? (veniat) (dicas),23,6.0,0.0,1,4
D_Iunius_Juvenalis_Saturae_1,72,' cuius non audeo dicere nomen ? (Lucilius dicat) (dicas),40,5.0,0.0,1,1
D_Iunius_Juvenalis_Saturae_1,73,"quid refert , dictis ignoscat Mucius an non ? ' (ignoscat) (Lucilius dicat) (dicas)",40,5.0,0.0,2,3
D_Iunius_Juvenalis_Saturae_1,74,"pone Tigellinum : taeda lucebis in illa qua stantes ardent qui fixo gutture fumant , et latum media sulcum deducis harena . "" (dicas)",26,9.0,0.0,5,5
D_Iunius_Juvenalis_Saturae_1,75,"Qui dedit ergo tribus patruis aconita , vehatur pensilibus plumis atque illinc despiciat nos ?",34,6.0,3.0,3,4
D_Iunius_Juvenalis_Saturae_1,76,""" cum veniet contra , digito compesce labellum : (dicas)",28,4.0,0.0,2,5
D_Iunius_Juvenalis_Saturae_1,77,accusator erit qui verbum dixerit ' hic est . ' [ ] (dicas),17,6.0,0.0,3,6
D_Iunius_Juvenalis_Saturae_1,78,securus licet Aenean Rutulum -que ferocem committas . (dicas),49,5.0,2.0,2,3
D_Iunius_Juvenalis_Saturae_1,79,"nulli gravis est percussus Achilles aut multum quaesitus Hylas urnam que secutus : (dicas) ense velut stricto quotiens Lucilius ardens infremuit , rubet auditor cui frigida mens est criminibus , tacita sudant praecordia culpa . (infremuit) (dicas)",54,13.0,0.0,5,3
D_Iunius_Juvenalis_Saturae_1,8,"et nos ergo manum ferulae subduximus , et nos consilium dedimus Sullae , privatus ut altum dormiret ;",43,7.0,3.0,3,4
D_Iunius_Juvenalis_Saturae_1,80,inde ira et lacrimae . (venit) (dicas),28,3.0,0.0,0,0
D_Iunius_Juvenalis_Saturae_1,81,te -cum prius ergo voluta haec animo ante tubas : (dicas),28,4.0,0.0,1,2
D_Iunius_Juvenalis_Saturae_1,83,"experiar quid concedatur in illos , quorum Flaminia tegitur cinis atque Latina .",32,7.0,5.0,3,5
D_Iunius_Juvenalis_Saturae_1,9,"stulta est clementia , cum tot ubique vatibus occurras , periturae parcere chartae .",47,7.0,1.0,2,3
D_Iunius_Juvenalis_Saturae_10,1,"Omnibus in terris , quae sunt a Gadibus usque Auroram et Gangen , pauci dinoscere possunt uera bona atque illis multum diuersa , remota erroris nebula .",32,10.0,4.0,2,1
D_Iunius_Juvenalis_Saturae_10,10,rarus uenit in cenacula miles .,14,4.0,2.0,1,1
D_Iunius_Juvenalis_Saturae_10,100,"hoc recto uoltu , solum hoc et pallidus optas . (optas)",46,6.0,2.0,1,1
D_Iunius_Juvenalis_Saturae_10,101,sed quam continuis et quantis longa senectus plena malis ! (est),27,7.0,0.0,0,0
D_Iunius_Juvenalis_Saturae_10,102,"deformem et taetrum ante omnia uultum dissimilem -que sui , deformem pro cute pellem pendentis -que genas et talis aspice rugas quales , umbriferos ubi pandit Thabraca saltus , in uetula scalpit iam mater simia bucca . [ ]",22,13.0,0.0,3,2
D_Iunius_Juvenalis_Saturae_10,103,"plurima sunt iuuenum discrimina , pulchrior ille hoc atque ille alio , multum hic robustior illo : (est) (est) (pulchrior est)",32,6.0,4.0,1,1
D_Iunius_Juvenalis_Saturae_10,104,"una senum facies , cum uoce trementia membra et iam leue caput madidi -que infantia nasi ; (est)",28,8.0,0.0,0,0
D_Iunius_Juvenalis_Saturae_10,105,frangendus misero gingiua panis inermi .,22,3.0,2.0,0,0
D_Iunius_Juvenalis_Saturae_10,106,"usque adeo grauis uxori natis -que sibi -que , ut captatori moueat fastidia Cosso . [ ] (est)",17,8.0,0.0,1,3
D_Iunius_Juvenalis_Saturae_10,107,non eadem uini atque cibi torpente palato gaudia ; (sunt),32,5.0,3.0,0,0
D_Iunius_Juvenalis_Saturae_10,108,"nam coitus iam longa obliuio , uel si coneris , iacet exiguus cum ramice neruus et , quamuis tota palpetur nocte , iacebit . (est)",36,9.0,4.0,3,5
D_Iunius_Juvenalis_Saturae_10,109,an -ne aliquid sperare potest haec inguinis aegri canities ?,29,5.0,0.0,1,1
D_Iunius_Juvenalis_Saturae_10,11,"pauca licet portes argenti uascula puri nocte iter ingressus , gladium contum -que timebis et mota ad lunam trepidabis harundinis umbra :",49,10.0,4.0,4,5
D_Iunius_Juvenalis_Saturae_10,110,quid quod merito suspecta libido est quae uenerem adfectat sine uiribus ? (est),54,7.0,6.0,2,1
D_Iunius_Juvenalis_Saturae_10,111,aspice partis nunc damnum alterius .,29,4.0,1.0,1,2
D_Iunius_Juvenalis_Saturae_10,112,"nam quae cantante uoluptas , sit licet eximius , citharoedo siue Seleuco et quibus aurata mos est fulgere lacerna ? (est) (illis)",51,12.0,4.0,3,3
D_Iunius_Juvenalis_Saturae_10,113,"quid refert , magni sedeat qua parte theatri qui uix cornicines exaudiet atque tubarum concentus ?",32,7.0,5.0,3,5
D_Iunius_Juvenalis_Saturae_10,114,"clamore opus est ut sentiat auris quem dicat uenisse puer , quot nuntiet horas .",45,7.0,4.0,4,3
D_Iunius_Juvenalis_Saturae_10,115,"praeterea minimus gelido iam in corpore sanguis febre calet sola , circumsilit agmine facto morborum omne genus , quorum si nomina quaeras , promptius expediam quot amauerit Oppia moechos , quot Themison aegros autumno occiderit uno , quot Basilus socios , quot circumscripserit Hirrus pupillos , quot longa uiros exsorbeat uno Maura die , quot discipulos inclinet Hamillus ; (occiderit)",47,11.0,5.0,9,5
D_Iunius_Juvenalis_Saturae_10,116,percurram citius quot uillas possideat nunc quo tondente grauis iuueni mihi barba sonabat . [ ],46,5.0,4.0,3,3
D_Iunius_Juvenalis_Saturae_10,117,"ille umero , hic lumbis , hic coxa debilis ; (est) (est) (est)",15,5.0,3.0,0,0
D_Iunius_Juvenalis_Saturae_10,118,ambos perdidit ille oculos et luscis inuidet ;,53,5.0,2.0,2,3
D_Iunius_Juvenalis_Saturae_10,119,"huius pallida labra cibum accipiunt digitis alienis , ipse ad conspectum cenae diducere rictum suetus hiat tantum ceu pullus hirundinis , ad quem ore uolat pleno mater ieiuna . (hiat)",22,14.0,9.0,3,1
D_Iunius_Juvenalis_Saturae_10,12,cantabit uacuus coram latrone uiator .,44,4.0,2.0,1,5
D_Iunius_Juvenalis_Saturae_10,120,"sed omni membrorum damno maior dementia , quae ne -c nomina seruorum ne -c uoltum agnoscit amici cum quo praeterita cenauit nocte , ne -c illos quos genuit , quos eduxit . (agnoscit) (est) (agnoscit)",38,11.0,0.0,4,3
D_Iunius_Juvenalis_Saturae_10,121,"nam codice saeuo heredes uetat esse suos , bona tota feruntur ad Phialen ;",35,6.0,3.0,2,2
D_Iunius_Juvenalis_Saturae_10,122,"tantum artificis ualet halitus oris , quod steterat multis in carcere fornicis annis . [ ]",48,8.0,1.0,2,4
D_Iunius_Juvenalis_Saturae_10,123,"ut uigeant sensus animi , ducenda tamen sunt funera natorum , rogus aspiciendus amatae coniugis et fratris plenae -que sororibus urnae .",29,10.0,4.0,2,3
D_Iunius_Juvenalis_Saturae_10,124,"haec data poena diu uiuentibus , ut renouata semper clade domus multis in luctibus in -que perpetuo maerore et nigra ueste senescant .",42,10.0,0.0,1,3
D_Iunius_Juvenalis_Saturae_10,125,"rex Pylius , magno si quicquam credis Homero , exemplum uitae fuit a cornice secundae .",29,9.0,5.0,2,3
D_Iunius_Juvenalis_Saturae_10,126,"felix nimirum , qui tot per saecula mortem distulit atque suos iam dextra conputat annos , qui -que nouum totiens mustum bibit . (fuit)",49,8.0,4.0,3,3
D_Iunius_Juvenalis_Saturae_10,127,"oro parumper attendas quantum de legibus ipse queratur fatorum et nimio de stamine , cum uidet acris Antilochi barbam ardentem , cum quaerit ab omni , quisquis adest , socio cur haec in tempora duret , quod facinus dignum tam longo admiserit aeuo .",51,14.0,0.0,8,5
D_Iunius_Juvenalis_Saturae_10,128,"haec eadem Peleus , raptum cum luget Achillem , atque alius , cui fas Ithacum lugere natantem . (fecit) (fecit) (fuit)",49,11.0,6.0,1,1
D_Iunius_Juvenalis_Saturae_10,129,"incolumi Troia Priamus uenisset ad umbras Assaraci magnis sollemnibus Hectore funus portante ac reliquis fratrum ceruicibus inter Iliadum lacrimas , ut primos edere planctus Cassandra inciperet scissa -que Polyxena palla , si foret extinctus diuerso tempore , quo non coeperat audaces Paris aedificare carinas . (inciperet)",32,13.0,5.0,4,6
D_Iunius_Juvenalis_Saturae_10,13,"prima fere uota et cunctis notissima templis diuitiae , crescant ut opes , ut maxima toto nostra sit arca foro . (sunt)",54,10.0,5.0,2,3
D_Iunius_Juvenalis_Saturae_10,130,longa dies igitur quid contulit ?,18,3.0,1.0,1,3
D_Iunius_Juvenalis_Saturae_10,131,omnia uidit euersa et flammis Asiam ferro -que cadentem .,32,6.0,0.0,1,3
D_Iunius_Juvenalis_Saturae_10,132,"tunc miles tremulus posita tulit arma tiara et ruit ante aram summi Iouis ut uetulus bos , qui domini cultris tenue et miserabile collum praebet ab ingrato iam fastiditus aratro . (ruit)",52,13.0,5.0,3,3
D_Iunius_Juvenalis_Saturae_10,133,"exitus ille utcumque hominis , sed torua canino latrauit rictu quae post hunc uixerat uxor . (fuit) (exitus)",15,8.0,1.0,2,4
D_Iunius_Juvenalis_Saturae_10,134,"festino ad nostros et regem transeo Ponti et Croesum , quem uox iusti facunda Solonis respicere ad longae iussit spatia ultima uitae .",29,12.0,3.0,3,3
D_Iunius_Juvenalis_Saturae_10,135,exilium et carcer Minturnarum -que paludes et mendicatus uicta Carthagine panis hinc causas habuere ;,50,7.0,1.0,1,3
D_Iunius_Juvenalis_Saturae_10,136,"quid illo ciue tulisset natura in terris , quid Roma beatius umquam , si circumducto captiuorum agmine et omni bellorum pompa animam exhalasset opimam , cum de Teutonico uellet descendere curru ? (tulisset)",48,13.0,2.0,3,6
D_Iunius_Juvenalis_Saturae_10,137,"prouida Pompeio dederat Campania febres optandas , sed multae urbes et publica uota uicerunt ;",46,7.0,1.0,2,4
D_Iunius_Juvenalis_Saturae_10,138,igitur Fortuna ipsius et urbis seruatum uicto caput abstulit .,26,5.0,3.0,1,3
D_Iunius_Juvenalis_Saturae_10,139,"hoc cruciatu Lentulus , hac poena caruit cecidit -que Cethegus integer et iacuit Catilina cadauere toto . (caruit)",15,7.0,3.0,3,3
D_Iunius_Juvenalis_Saturae_10,14,sed nulla aconita bibuntur fictilibus ;,13,3.0,0.0,1,2
D_Iunius_Juvenalis_Saturae_10,140,"formam optat modico pueris , maiore puellis murmure , cum Veneris fanum uidet , anxia mater usque ad delicias uotorum . (optat)",53,8.0,4.0,2,1
D_Iunius_Juvenalis_Saturae_10,141,' cur tamen ' inquit ' corripias ?,32,3.0,3.0,2,3
D_Iunius_Juvenalis_Saturae_10,142,pulchra gaudet Latona Diana . ',9,3.0,1.0,1,1
D_Iunius_Juvenalis_Saturae_10,143,"sed uetat optari faciem Lucretia qualem ipsa habuit , cuperet Rutilae Verginia gibbum accipere atque suum Rutilae dare .",46,9.0,0.0,3,4
D_Iunius_Juvenalis_Saturae_10,144,filius autem corporis egregii miseros trepidos -que parentes semper habet :,47,6.0,0.0,1,1
D_Iunius_Juvenalis_Saturae_10,145,rara est adeo concordia formae atque pudicitiae .,32,4.0,3.0,1,1
D_Iunius_Juvenalis_Saturae_10,146,"sanctos licet horrida mores tradiderit domus ac ueteres imitata Sabinos , praeterea castum ingenium uoltum -que modesto sanguine feruentem tribuat natura benigna larga manu ( quid enim puero conferre potest plus custode et cura natura potentior omni ? ) , non licet esse uiro ; (puero)",50,13.0,2.0,5,5
D_Iunius_Juvenalis_Saturae_10,147,nam prodiga corruptoris improbitas ipsos audet temptare parentes :,40,5.0,2.0,1,1
D_Iunius_Juvenalis_Saturae_10,148,tanta in muneribus fiducia . (est),46,4.0,2.0,0,0
D_Iunius_Juvenalis_Saturae_10,149,"nullus ephebum deformem saeua castrauit in arce tyrannus , ne -c praetextatum rapuit Nero loripedem ne -c strumosum atque utero pariter gibbo -que tumentem . (rapuit)",35,10.0,5.0,2,3
D_Iunius_Juvenalis_Saturae_10,15,tunc illa time cum pocula sumes gemmata et lato Setinum ardebit in auro .,41,7.0,4.0,3,5
D_Iunius_Juvenalis_Saturae_10,150,"i nunc et iuuenis specie laetare tui , quem maiora expectant discrimina .",12,8.0,2.0,3,5
D_Iunius_Juvenalis_Saturae_10,151,"fiet adulter publicus et poenas metuet quascumque maritis iratis debet , ne -c erit felicior astro Martis , ut in laqueos numquam incidat .",48,11.0,4.0,5,5
D_Iunius_Juvenalis_Saturae_10,152,exigit autem interdum ille dolor plus quam lex ulla dolori concessit :,47,7.0,6.0,2,3
D_Iunius_Juvenalis_Saturae_10,153,"necat hic ferro , secat ille cruentis uerberibus , quosdam moechos et mugilis intrat .",32,6.0,3.0,3,1
D_Iunius_Juvenalis_Saturae_10,154,sed tuus Endymion dilectae fiet adulter matronae .,43,5.0,0.0,1,5
D_Iunius_Juvenalis_Saturae_10,155,"mox cum dederit Seruilia nummos fiet et illius quam non amat , exuet omnem corporis ornatum ; (adulter)",28,8.0,3.0,4,6
D_Iunius_Juvenalis_Saturae_10,156,"quid enim ulla negauerit udis inguinibus , si -ue est haec Oppia si -ue Catulla ? (est)",41,6.0,4.0,2,6
D_Iunius_Juvenalis_Saturae_10,157,deterior totos habet illic femina mores .,30,4.0,1.0,1,1
D_Iunius_Juvenalis_Saturae_10,158,' sed casto quid forma nocet ? ',13,3.0,2.0,1,1
D_Iunius_Juvenalis_Saturae_10,159,"quid profuit immo Hippolyto graue propositum , quid Bellerophonti ? (profuit)",17,4.0,2.0,1,3
D_Iunius_Juvenalis_Saturae_10,16,"iam -ne igitur laudas quod de sapientibus alter ridebat , quotiens a limine mouerat unum protulerat -que pedem , flebat contrarius auctor ?",52,9.0,5.0,5,4
D_Iunius_Juvenalis_Saturae_10,160,"erubuit nempe haec ceu fastidita repulsa ne -c Stheneboea minus quam Cressa excanduit , et se concussere ambae . (excanduit)",53,8.0,2.0,3,3
D_Iunius_Juvenalis_Saturae_10,161,mulier saeuissima tunc est cum stimulos odio pudor admouet .,47,4.0,3.0,2,1
D_Iunius_Juvenalis_Saturae_10,162,elige quidnam suadendum esse putes cui nubere Caesaris uxor destinat . (illo),47,6.0,0.0,3,3
D_Iunius_Juvenalis_Saturae_10,163,optimus hic et formonsissimus idem gentis patriciae rapitur miser extinguendus Messalinae oculis ;,49,6.0,0.0,1,2
D_Iunius_Juvenalis_Saturae_10,164,"dudum sedet illa parato flammeolo Tyrius -que palam genialis in hortis sternitur et ritu decies centena dabuntur antiquo , ueniet cum signatoribus auspex .",30,8.0,4.0,4,5
D_Iunius_Juvenalis_Saturae_10,165,haec tu secreta et paucis commissa putabas ?,47,4.0,1.0,1,2
D_Iunius_Juvenalis_Saturae_10,166,non ni -si legitime uolt nubere . (nubit),30,4.0,1.0,1,1
D_Iunius_Juvenalis_Saturae_10,167,quid placeat dic .,12,2.0,0.0,2,3
D_Iunius_Juvenalis_Saturae_10,168,"ni parere uelis , pereundum erit ante lucernas ;",30,5.0,3.0,2,5
D_Iunius_Juvenalis_Saturae_10,169,"si scelus admittas , dabitur mora paruula , dum res nota urbi et populo contingat principis aurem .",47,9.0,3.0,3,5
D_Iunius_Juvenalis_Saturae_10,17,sed facilis cuiuis rigidi censura cachinni : (est),20,5.0,0.0,0,0
D_Iunius_Juvenalis_Saturae_10,170,dedecus ille domus sciet ultimus .,48,4.0,2.0,1,5
D_Iunius_Juvenalis_Saturae_10,171,"interea tu obsequere imperio , si tanti uita dierum paucorum . (est)",29,6.0,1.0,1,5
D_Iunius_Juvenalis_Saturae_10,172,"quidquid leuius melius -que putaris , praebenda est gladio pulchra haec et candida ceruix . (esse)",51,7.0,2.0,2,5
D_Iunius_Juvenalis_Saturae_10,173,nil ergo optabunt homines ?,46,2.0,1.0,1,5
D_Iunius_Juvenalis_Saturae_10,174,"si consilium uis , permittes ipsis expendere numinibus quid conueniat nobis rebus -que sit utile nostris ;",21,9.0,4.0,4,5
D_Iunius_Juvenalis_Saturae_10,175,nam pro iucundis aptissima quaeque dabunt di .,12,4.0,2.0,1,5
D_Iunius_Juvenalis_Saturae_10,176,carior est illis homo quam sibi . (carus est),25,5.0,4.0,1,1
D_Iunius_Juvenalis_Saturae_10,177,"nos animorum inpulsu et caeca magna -que cupidine ducti coniugium petimus partum -que uxoris , at illis notum qui pueri qualis -que futura sit uxor . (futuri sint)",45,11.0,2.0,2,3
D_Iunius_Juvenalis_Saturae_10,178,"ut tamen et poscas aliquid uoueas -que sacellis exta et candiduli diuina tomacula porci , orandum est ut sit mens sana in corpore sano .",44,12.0,6.0,4,3
D_Iunius_Juvenalis_Saturae_10,179,"fortem posce animum mortis terrore carentem , qui spatium uitae extremum inter munera ponat naturae , qui ferre queat quoscumque labores , nesciat irasci , cupiat nihil et potiores Herculis aerumnas credat saeuos -que labores et uenere et cenis et pluma Sardanapalli . (esse)",48,12.0,0.0,6,3
D_Iunius_Juvenalis_Saturae_10,18,mirandum est unde ille oculis suffecerit umor .,50,5.0,3.0,2,5
D_Iunius_Juvenalis_Saturae_10,180,monstro quod ipse tibi possis dare ;,15,3.0,0.0,2,3
D_Iunius_Juvenalis_Saturae_10,181,semita certe tranquillae per uirtutem patet unica uitae .,33,5.0,3.0,1,1
D_Iunius_Juvenalis_Saturae_10,182,"nullum numen habes , si sit prudentia :",13,5.0,1.0,2,3
D_Iunius_Juvenalis_Saturae_10,183,"nos te , nos facimus , Fortuna , deam caelo -que locamus .",12,5.0,3.0,2,1
D_Iunius_Juvenalis_Saturae_10,19,"perpetuo risu pulmonem agitare solebat Democritus , quamquam non essent urbibus illis praetextae , trabeae , fasces , lectica , tribunal .",40,7.0,1.0,2,4
D_Iunius_Juvenalis_Saturae_10,2,quid enim ratione timemus aut cupimus ?,17,2.0,1.0,2,1
D_Iunius_Juvenalis_Saturae_10,20,"quid si uidisset praetorem curribus altis extantem et medii sublimem puluere circi in tunica Iouis et pictae Sarrana ferentem ex umeris aulaea togae magnae -que coronae tantum orbem , quanto ceruix non sufficit ulla ? (dixisset)",54,12.0,11.0,2,6
D_Iunius_Juvenalis_Saturae_10,21,"quippe tenet sudans hanc publicus et , sibi consul ne placeat , curru seruus portatur eodem .",31,7.0,3.0,3,3
D_Iunius_Juvenalis_Saturae_10,22,"da nunc et uolucrem , sceptro quae surgit eburno , illinc cornicines , hinc praecedentia longi agminis officia et niueos ad frena Quirites , defossa in loculos quos sportula fecit amicos . (da) (da)",31,13.0,8.0,3,3
D_Iunius_Juvenalis_Saturae_10,23,"tum quoque materiam risus inuenit ad omnis occursus hominum , cuius prudentia monstrat summos posse uiros et magna exempla daturos ueruecum in patria crasso -que sub aere nasci .",35,10.0,3.0,2,3
D_Iunius_Juvenalis_Saturae_10,24,"ridebat curas ne -c non et gaudia uolgi , interdum et lacrimas , cum Fortunae ipse minaci mandaret laqueum medium -que ostenderet unguem . (ridebat) (ridebat)",39,9.0,2.0,3,4
D_Iunius_Juvenalis_Saturae_10,25,ergo superuacua aut quae perniciosa petuntur ?,27,3.0,2.0,1,2
D_Iunius_Juvenalis_Saturae_10,26,propter quae fas est genua incerare deorum ?,49,4.0,1.0,1,1
D_Iunius_Juvenalis_Saturae_10,27,"quosdam praecipitat subiecta potentia magnae inuidiae , mergit longa atque insignis honorum pagina .",45,9.0,5.0,2,1
D_Iunius_Juvenalis_Saturae_10,28,"descendunt statuae restem -que secuntur , ipsas deinde rotas bigarum inpacta securis caedit et inmeritis franguntur crura caballis .",36,7.0,3.0,4,2
D_Iunius_Juvenalis_Saturae_10,29,"iam strident ignes , iam follibus atque caminis ardet adoratum populo caput et crepat ingens Seianus , deinde ex facie toto orbe secunda fiunt urceoli , pelues , sartago , matellae .",32,11.0,5.0,4,1
D_Iunius_Juvenalis_Saturae_10,3,quid tam dextro pede concipis ut te conatus non paeniteat uoti -que peracti ?,53,9.0,1.0,2,3
D_Iunius_Juvenalis_Saturae_10,30,"pone domi laurus , duc in Capitolia magnum cretatum -que bouem :",8,6.0,3.0,2,2
D_Iunius_Juvenalis_Saturae_10,31,"Seianus ducitur unco spectandus , gaudent omnes .",9,5.0,2.0,2,2
D_Iunius_Juvenalis_Saturae_10,32,"' quae labra , quis illi uultus erat ! (erat)",20,4.0,1.0,1,2
D_Iunius_Juvenalis_Saturae_10,33,"numquam , si quid mihi credis , amaui hunc hominem .",40,5.0,2.0,2,3
D_Iunius_Juvenalis_Saturae_10,34,sed quo cecidit sub crimine ?,35,4.0,2.0,1,3
D_Iunius_Juvenalis_Saturae_10,35,"quisnam delator quibus indicibus , quo teste probauit ? '",41,5.0,3.0,1,3
D_Iunius_Juvenalis_Saturae_10,36,' nil horum ; (erat),44,3.0,2.0,0,0
D_Iunius_Juvenalis_Saturae_10,37,uerbosa et grandis epistula uenit a Capreis . ',7,5.0,2.0,1,3
D_Iunius_Juvenalis_Saturae_10,38,"' bene habet , nil plus interrogo . '",44,5.0,3.0,2,1
D_Iunius_Juvenalis_Saturae_10,39,sed quid turba Remi ? (facit),22,3.0,0.0,0,0
D_Iunius_Juvenalis_Saturae_10,4,euertere domos totas optantibus ipsis di faciles .,46,4.0,2.0,1,3
D_Iunius_Juvenalis_Saturae_10,40,"sequitur Fortunam , ut semper , et odit damnatos . (sequitur)",54,6.0,2.0,2,3
D_Iunius_Juvenalis_Saturae_10,41,"idem populus , si Nortia Tusco fauisset , si oppressa foret secura senectus principis , hac ipsa Seianum diceret hora Augustum .",31,7.0,5.0,3,6
D_Iunius_Juvenalis_Saturae_10,42,"iam pridem , ex quo suffragia nulli uendimus , effudit curas ;",22,5.0,4.0,2,3
D_Iunius_Juvenalis_Saturae_10,43,"nam qui dabat olim imperium , fasces , legiones , omnia , nunc se continet atque duas tantum res anxius optat , panem et circenses .",47,8.0,3.0,3,2
D_Iunius_Juvenalis_Saturae_10,44,' perituros audio multos . ',30,3.0,2.0,1,1
D_Iunius_Juvenalis_Saturae_10,45,"' nil dubium , magna est fornacula . ' (est)",44,5.0,3.0,1,1
D_Iunius_Juvenalis_Saturae_10,46,' pallidulus mi Bruttidius meus ad Martis fuit obuius aram ;,52,7.0,5.0,1,3
D_Iunius_Juvenalis_Saturae_10,47,"quam timeo , uictus ne poenas exigat Aiax ut male defensus .",29,6.0,1.0,2,3
D_Iunius_Juvenalis_Saturae_10,48,"curramus praecipites et , dum iacet in ripa , calcemus Caesaris hostem .",11,7.0,3.0,3,3
D_Iunius_Juvenalis_Saturae_10,49,"sed uideant serui , ne quis neget et pauidum in ius ceruice obstricta dominum trahat . '",41,7.0,2.0,3,3
D_Iunius_Juvenalis_Saturae_10,5,"nocitura toga , nocitura petuntur militia ;",42,4.0,0.0,1,2
D_Iunius_Juvenalis_Saturae_10,50,"hi sermones tunc de Seiano , secreta haec murmura uolgi . (erant) (erant)",15,7.0,0.0,0,0
D_Iunius_Juvenalis_Saturae_10,51,"uis -ne salutari sicut Seianus , habere tantundem atque illi summas donare curules , illum exercitibus praeponere , tutor haberi principis angusta Caprearum in rupe sedentis cum grege Chaldaeo ? (salutatus est)",42,13.0,9.0,1,1
D_Iunius_Juvenalis_Saturae_10,52,"uis certe pila , cohortis , egregios equites et castra domestica ;",33,5.0,4.0,1,1
D_Iunius_Juvenalis_Saturae_10,53,quid -ni haec cupias ?,15,2.0,1.0,1,3
D_Iunius_Juvenalis_Saturae_10,54,et qui nolunt occidere quemquam posse uolunt .,29,4.0,3.0,2,1
D_Iunius_Juvenalis_Saturae_10,55,"sed quae praeclara et prospera tanti , ut rebus laetis par sit mensura malorum ? (sunt)",29,8.0,0.0,1,3
D_Iunius_Juvenalis_Saturae_10,56,"huius qui trahitur praetextam sumere mauis an Fidenarum Gabiorum -que esse potestas et de mensura ius dicere , uasa minora frangere pannosus uacuis aedilis Vlubris ? [ ] (esse)",29,11.0,0.0,2,2
D_Iunius_Juvenalis_Saturae_10,57,ergo quid optandum foret ignorasse fateris Seianum ;,46,4.0,2.0,2,4
D_Iunius_Juvenalis_Saturae_10,58,"nam qui nimios optabat honores et nimias poscebat opes , numerosa parabat excelsae turris tabulata , unde altior esset casus et inpulsae praeceps inmane ruinae . (esset)",48,12.0,6.0,4,4
D_Iunius_Juvenalis_Saturae_10,59,"quid Crassos , quid Pompeios euertit et illum , ad sua qui domitos deduxit flagra Quirites ? (evertit)",32,9.0,0.0,2,3
D_Iunius_Juvenalis_Saturae_10,6,torrens dicendi copia multis et sua mortifera est facundia ;,14,5.0,0.0,1,1
D_Iunius_Juvenalis_Saturae_10,60,summus nempe locus nulla non arte petitus magna -que numinibus uota exaudita malignis . (everterunt),46,8.0,5.0,0,0
D_Iunius_Juvenalis_Saturae_10,61,ad generum Cereris sine caede ac uulnere pauci descendunt reges et sicca morte tyranni .,32,6.0,3.0,1,1
D_Iunius_Juvenalis_Saturae_10,62,"eloquium ac famam Demosthenis aut Ciceronis incipit optare et totis quinquatribus optat quisquis adhuc uno parcam colit asse Mineruam , quem sequitur custos angustae uernula capsae . [ ]",51,12.0,7.0,4,2
D_Iunius_Juvenalis_Saturae_10,63,"eloquio sed uterque perit orator , utrumque largus et exundans leto dedit ingenii fons .",30,7.0,0.0,2,3
D_Iunius_Juvenalis_Saturae_10,64,"ingenio manus est et ceruix caesa , ne -c umquam sanguine causidici maduerunt rostra pusilli .",21,7.0,4.0,2,3
D_Iunius_Juvenalis_Saturae_10,65,' o fortunatam natam me consule Romam : ',43,4.0,3.0,0,0
D_Iunius_Juvenalis_Saturae_10,66,Antoni gladios potuit contemnere si sic omnia dixisset .,40,6.0,3.0,2,6
D_Iunius_Juvenalis_Saturae_10,67,"ridenda poemata malo quam te , conspicuae diuina Philippica famae , uolueris a prima quae proxima . (volo)",54,10.0,5.0,2,2
D_Iunius_Juvenalis_Saturae_10,68,"saeuus et illum exitus eripuit , quem mirabantur Athenae torrentem et pleni moderantem frena theatri .",50,10.0,6.0,2,3
D_Iunius_Juvenalis_Saturae_10,69,"dis ille aduersis genitus fato -que sinistro , quem pater ardentis massae fuligine lippus a carbone et forcipibus gladios -que paranti incude et luteo Volcano ad rhetora misit .",40,11.0,7.0,1,3
D_Iunius_Juvenalis_Saturae_10,7,uiribus ille confisus periit admirandis -que lacertis ;,54,5.0,2.0,1,3
D_Iunius_Juvenalis_Saturae_10,70,"bellorum exuuiae , truncis adfixa tropaeis lorica et fracta de casside buccula pendens et curtum temone iugum uictae -que triremis aplustre et summo tristis captiuus in arcu humanis maiora bonis creduntur . (esse)",48,12.0,2.0,1,2
D_Iunius_Juvenalis_Saturae_10,71,"ad hoc se Romanus Graius -que et barbarus induperator erexit , causas discriminis atque laboris inde habuit :",50,8.0,4.0,2,3
D_Iunius_Juvenalis_Saturae_10,72,tanto maior famae sitis est quam uirtutis . (sitis est),25,6.0,4.0,1,1
D_Iunius_Juvenalis_Saturae_10,73,"quis enim uirtutem amplectitur ipsam , praemia si tollas ?",30,5.0,2.0,2,3
D_Iunius_Juvenalis_Saturae_10,74,"patriam tamen obruit olim gloria paucorum et laudis tituli -que cupido haesuri saxis cinerum custodibus , ad quae discutienda ualent sterilis mala robora fici , quandoquidem data sunt ipsis quoque fata sepulcris .",47,13.0,3.0,3,3
D_Iunius_Juvenalis_Saturae_10,76,quot libras in duce summo inuenies ?,34,5.0,3.0,1,5
D_Iunius_Juvenalis_Saturae_10,77,hic est quem non capit Africa Mauro percussa oceano Nilo -que admota tepenti rursus ad Aethiopum populos alios -que elephantos .,40,9.0,8.0,2,1
D_Iunius_Juvenalis_Saturae_10,78,"additur imperiis Hispania , Pyrenaeum transilit .",12,4.0,2.0,2,2
D_Iunius_Juvenalis_Saturae_10,79,opposuit natura Alpem -que niuem -que :,8,3.0,2.0,1,3
D_Iunius_Juvenalis_Saturae_10,8,sed pluris nimia congesta pecunia cura strangulat et cuncta exuperans patrimonia census quanto delphinis ballaena Britannica maior . (est),54,9.0,0.0,1,1
D_Iunius_Juvenalis_Saturae_10,80,diducit scopulos et montem rumpit aceto .,16,4.0,2.0,2,1
D_Iunius_Juvenalis_Saturae_10,81,"iam tenet Italiam , tamen ultra pergere tendit .",49,4.0,2.0,2,1
D_Iunius_Juvenalis_Saturae_10,82,"' actum ' inquit ' nihil est , ni -si Poeno milite portas frangimus et media uexillum pono Subura . '",44,6.0,0.0,4,1
D_Iunius_Juvenalis_Saturae_10,83,"o qualis facies et quali digna tabella , cum Gaetula ducem portaret belua luscum ! (erat)",28,9.0,1.0,1,4
D_Iunius_Juvenalis_Saturae_10,84,exitus ergo quis est ?,27,2.0,1.0,1,1
D_Iunius_Juvenalis_Saturae_10,85,o gloria ! (est),14,2.0,1.0,0,0
D_Iunius_Juvenalis_Saturae_10,86,"uincitur idem nempe et in exilium praeceps fugit atque ibi magnus mirandus -que cliens sedet ad praetoria regis , donec Bithyno libeat uigilare tyranno .",50,9.0,4.0,4,3
D_Iunius_Juvenalis_Saturae_10,87,"finem animae , quae res humanas miscuit olim , non gladii , non saxa dabunt ne -c tela , sed ille Cannarum uindex et tanti sanguinis ultor anulus . (erit) (dabunt) (dabunt)",47,11.0,2.0,2,5
D_Iunius_Juvenalis_Saturae_10,88,"i , demens , et saeuas curre per Alpes ut pueris placeas et declamatio fias .",35,8.0,4.0,4,3
D_Iunius_Juvenalis_Saturae_10,89,"unus Pellaeo iuueni non sufficit orbis , aestuat infelix angusto limite mundi ut Gyarae clausus scopulis parua -que Seripho ;",29,9.0,6.0,2,1
D_Iunius_Juvenalis_Saturae_10,9,temporibus diris igitur iussu -que Neronis Longinum et magnos Senecae praediuitis hortos clausit et egregias Lateranorum obsidet aedes tota cohors :,47,8.0,3.0,2,3
D_Iunius_Juvenalis_Saturae_10,90,"cum tamen a figulis munitam intrauerit urbem , sarcophago contentus erit .",28,7.0,3.0,2,6
D_Iunius_Juvenalis_Saturae_10,91,mors sola fatetur quantula sint hominum corpuscula .,10,5.0,3.0,2,3
D_Iunius_Juvenalis_Saturae_10,92,"creditur olim uelificatus Athos et quidquid Graecia mendax audet in historia , constratum classibus isdem suppositum -que rotis solidum mare ; (creditur)",51,8.0,2.0,2,2
D_Iunius_Juvenalis_Saturae_10,93,credimus altos defecisse amnes epota -que flumina Medo prandente et madidis cantat quae Sostratus alis .,44,7.0,0.0,2,1
D_Iunius_Juvenalis_Saturae_10,94,"ille tamen qualis rediit Salamine relicta , in Corum atque Eurum solitus saeuire flagellis barbarus Aeolio numquam hoc in carcere passos , ipsum conpedibus qui uinxerat Ennosigaeum ( mitius id sane , quod non et stigmate dignum credidit . (esse) (fecit)",48,16.0,2.0,3,4
D_Iunius_Juvenalis_Saturae_10,95,huic quisquam uellet seruire deorum ? ),40,4.0,2.0,1,4
D_Iunius_Juvenalis_Saturae_10,96,— sed qualis rediit ?,3,3.0,2.0,1,3
D_Iunius_Juvenalis_Saturae_10,97,"nempe una naue , cruentis fluctibus ac tarda per densa cadauera prora . (rediit)",47,7.0,3.0,0,0
D_Iunius_Juvenalis_Saturae_10,98,has totiens optata exegit gloria poenas .,46,4.0,2.0,1,3
D_Iunius_Juvenalis_Saturae_10,99,"' da spatium uitae , multos da , Iuppiter , annos . '",29,6.0,3.0,2,2
D_Iunius_Juvenalis_Saturae_2,1,"ultra Sauromatas fugere hinc libet et glacialem Oceanum , quotiens aliquid de moribus audent qui Curios simulant et Bacchanalia vivunt .",49,10.0,1.0,4,1
D_Iunius_Juvenalis_Saturae_2,10,"hunc ego fatis inputo , qui vultu morbum incessu que fatetur .",47,5.0,4.0,1,2
D_Iunius_Juvenalis_Saturae_2,11,"horum simplicitas miserabilis , his furor ipse dat veniam ; (est)",42,6.0,0.0,1,1
D_Iunius_Juvenalis_Saturae_2,12,"sed peiores , qui talia verbis Herculis invadunt et de virtute locuti clunem agitant . (sunt)",36,7.0,0.0,2,1
D_Iunius_Juvenalis_Saturae_2,13,"ego te ceventem , Sexte , verebor ? """,36,4.0,2.0,1,5
D_Iunius_Juvenalis_Saturae_2,14,"infamis Varillus ait "" quo deterior te ? "" (sum)",45,5.0,1.0,1,1
D_Iunius_Juvenalis_Saturae_2,15,"loripedem rectus derideat , Aethiopem albus ; (derideat)",20,4.0,2.0,1,3
D_Iunius_Juvenalis_Saturae_2,16,quis tulerit Gracchos de seditione querentes ?,39,5.0,4.0,1,5
D_Iunius_Juvenalis_Saturae_2,17,"quis caelum terris non misceat et mare caelo , si fur displiceat Verri , homicida Miloni , Clodius accuset moechos , Catilina Cethegum , in tabulam Syllae si dicant discipuli tres ? (accuset) (misceat) (displiceat)",47,10.0,2.0,4,3
D_Iunius_Juvenalis_Saturae_2,18,"qualis erat nuper tragico pollutus adulter concubitu , qui tunc leges revocabat amaras omnibus atque ipsis Veneri Marti que timendas , cum tot abortivis fecundam Iulia vulvam solveret et patruo similes effunderet offas .",50,11.0,4.0,4,4
D_Iunius_Juvenalis_Saturae_2,19,non -ne igitur iure ac merito vitia ultima fictos contemnunt Scauros et castigata remordent ?,40,5.0,3.0,2,1
D_Iunius_Juvenalis_Saturae_2,2,"indocti primum , quamquam plena omnia gypso Chrysippi invenias ; (sunt)",27,8.0,2.0,1,3
D_Iunius_Juvenalis_Saturae_2,20,"Non tulit ex illis torvum Laronia quendam clamantem totiens "" ubi nunc , lex Iulia ? (es) dormis ? "" [ ]",32,7.0,6.0,2,3
D_Iunius_Juvenalis_Saturae_2,21,"atque ita subridens : "" felicia tempora , quae te moribus opponunt . (inquit) (sunt)",43,5.0,0.0,1,1
D_Iunius_Juvenalis_Saturae_2,22,"habeat iam Roma pudorem , tertius e caelo cecidit Cato . (Laronia inquit)",43,5.0,0.0,2,3
D_Iunius_Juvenalis_Saturae_2,23,"sed tamen unde haec emis , hirsuto spirant opobalsama collo quae tibi ? (Laronia inquit)",23,6.0,6.0,2,1
D_Iunius_Juvenalis_Saturae_2,24,"ne pudeat dominum monstrare tabernae , quod si vexantur leges ac iura , citari ante omnes debet Scantinia : (Laronia inquit)",34,9.0,0.0,3,3
D_Iunius_Juvenalis_Saturae_2,25,respice primum et scrutare viros ; (Laronia inquit),9,2.0,0.0,2,5
D_Iunius_Juvenalis_Saturae_2,26,"faciunt nam plura , sed illos defendit numerus iunctae que umbone phalanges . (Laronia inquit)",17,7.0,0.0,2,1
D_Iunius_Juvenalis_Saturae_2,27,magna inter molles concordia . (est) (Laronia inquit),51,4.0,0.0,0,0
D_Iunius_Juvenalis_Saturae_2,28,non erit ullum exemplum in nostro tam detestabile sexu . (Laronia inquit),27,5.0,0.0,1,5
D_Iunius_Juvenalis_Saturae_2,29,Media non lambit Cluviam ne -c Flora Catullam : Hispo subit iuvenes et morbo pallet utroque . (lambit) (Laronia inquit),47,7.0,0.0,3,1
D_Iunius_Juvenalis_Saturae_2,3,"nam perfectissimus horum , si quis Aristotelen similem vel Pittacon emit et iubet archetypos pluteum servare Cleanthas . (est) [ ] [ ]",50,8.0,2.0,2,1
D_Iunius_Juvenalis_Saturae_2,30,"Numquid nos agimus causas , civilia iura novimus , aut ullo strepitu fora vestra movemus ? (Laronia inquit)",50,6.0,0.0,3,3
D_Iunius_Juvenalis_Saturae_2,31,"luctantur paucae , comedunt colyphia paucae : vos lanam trahitis calathis que peracta refertis vellera , vos tenui praegnantem stamine fusum Penelope melius , levius torquetis Arachne , horrida quale facit residens in codice paelex . (Laronia inquit)",53,10.0,0.0,5,2
D_Iunius_Juvenalis_Saturae_2,32,"notum est cur solo tabulas inpleverit Hister liberto , dederit vivus cur multa puellae ; (Laronia inquit)",28,7.0,5.0,3,5
D_Iunius_Juvenalis_Saturae_2,33,dives erit magno quae dormit tertia lecto ; (Laronia inquit),30,4.0,0.0,2,5
D_Iunius_Juvenalis_Saturae_2,34,tu nube atque tace : (Laronia inquit),32,2.0,0.0,2,2
D_Iunius_Juvenalis_Saturae_2,35,donant arcana cylindros . (Laronia inquit),42,2.0,2.0,1,1
D_Iunius_Juvenalis_Saturae_2,36,de nobis post haec tristis sententia fertur ? (Laronia inquit),15,4.0,0.0,1,2
D_Iunius_Juvenalis_Saturae_2,37,"dat veniam corvis , vexat censura columbas . "" (Laronia inquit)",42,4.0,0.0,2,1
D_Iunius_Juvenalis_Saturae_2,38,Fugerunt trepidi vera ac manifesta canentem Stoicidae ;,32,5.0,0.0,2,3
D_Iunius_Juvenalis_Saturae_2,39,quid enim falsi Laronia ? (dixit),17,3.0,2.0,0,0
D_Iunius_Juvenalis_Saturae_2,4,frontis nulla fides ; (est),13,2.0,0.0,0,0
D_Iunius_Juvenalis_Saturae_2,40,"sed quid non facient alii , cum tu multicia sumas , Cretice , et hanc vestem populo mirante perores in Proculas et Pollittas ?",50,7.0,0.0,3,5
D_Iunius_Juvenalis_Saturae_2,41,"est moecha Fabulla , damnetur , si vis , etiam Carfinia : talem non sumet damnata togam .",25,8.0,2.0,4,5
D_Iunius_Juvenalis_Saturae_2,42,""" sed Iulius ardet , aestuo . "" (Creticus inquit)",26,4.0,0.0,2,1
D_Iunius_Juvenalis_Saturae_2,43,nudus agas :,19,1.0,1.0,1,3
D_Iunius_Juvenalis_Saturae_2,44,minus est insania turpis .,40,3.0,1.0,1,1
D_Iunius_Juvenalis_Saturae_2,45,"en habitum quo te leges ac iura ferentem vulneribus crudis populus modo victor , et illud montanum positis audiret vulgus aratris . [ ]",32,9.0,5.0,1,4
D_Iunius_Juvenalis_Saturae_2,46,"quid non proclames , in corpore iudicis ista si videas ?",13,6.0,1.0,2,3
D_Iunius_Juvenalis_Saturae_2,47,quaero an deceant multicia testem .,29,3.0,3.0,2,3
D_Iunius_Juvenalis_Saturae_2,48,"acer et indomitus libertatis que magister , Cretice , perluces .",31,5.0,2.0,1,1
D_Iunius_Juvenalis_Saturae_2,49,"dedit hanc contagio labem et dabit in plures , sicut grex totus in agris unius scabie cadit et porrigine porci uva que conspecta livorem ducit ab uva .",29,9.0,3.0,4,5
D_Iunius_Juvenalis_Saturae_2,5,quis enim non vicus abundat tristibus obscaenis ?,17,4.0,2.0,1,1
D_Iunius_Juvenalis_Saturae_2,50,Foedius hoc aliquid quandoque audebis amictu ;,40,4.0,3.0,1,5
D_Iunius_Juvenalis_Saturae_2,51,nemo repente fuit turpissimus .,40,2.0,1.0,1,3
D_Iunius_Juvenalis_Saturae_2,52,"accipient te paulatim qui longa domi redimicula sumunt frontibus et toto posuere monilia collo , atque bonam tenerae placant abdomine porcae et magno cratere deam , sed more sinistro exagitata procul non intrat femina limen :",41,11.0,6.0,5,5
D_Iunius_Juvenalis_Saturae_2,53,solis ara deae maribus patet .,52,4.0,2.0,1,1
D_Iunius_Juvenalis_Saturae_2,54,""" ite profanae , clamatur "" , "" nullo gemit hic tibicina cornu . """,37,5.0,0.0,2,2
D_Iunius_Juvenalis_Saturae_2,55,talia secreta coluerunt orgia taeda Cecropiam soliti Baptae lassare Cotyton .,40,7.0,3.0,1,3
D_Iunius_Juvenalis_Saturae_2,56,ille supercilium madida fuligine tinctum obliqua producit acu pingit que trementis attolens oculos ;,12,8.0,3.0,2,1
D_Iunius_Juvenalis_Saturae_2,57,"vitreo bibit ille priapo , reticulum que comis auratum ingentibus implet caerulea indutus scutulata aut galbina rasa , et per Iunonem domini iurante ministro ;",21,9.0,6.0,2,1
D_Iunius_Juvenalis_Saturae_2,58,"ille tenet speculum , pathici gestamen Othonis , Actoris Aurunci spolium , quo se ille videbat armatum , cum iam tolli vexilla iuberet .",30,8.0,5.0,3,4
D_Iunius_Juvenalis_Saturae_2,59,"res memoranda novis annalibus atque recenti historia , speculum civilis sarcina belli ; (ut sit) (est)",32,9.0,5.0,0,0
D_Iunius_Juvenalis_Saturae_2,6,"castigas turpia , cum sis inter Socraticos notissima fossa cinaedos ?",40,6.0,1.0,2,3
D_Iunius_Juvenalis_Saturae_2,60,nimirum summi ducis est occidere Galbam et curare cutem ;,34,5.0,3.0,1,1
D_Iunius_Juvenalis_Saturae_2,61,"summi constantia civis Bebriacis campis spolium adfectare Palati , et pressum in faciem digitis extendere panem , quod ne -c in Assyrio pharetrata Samiramis orbe , maesta ne -c Actiaca fecit Cleopatra carina . (fecit) (est)",50,10.0,6.0,1,3
D_Iunius_Juvenalis_Saturae_2,62,"hic nullus verbis pudor aut reverentia mensae , hic turpis Cybeles et fracta voce loquendi libertas et crine senex fanaticus albo sacrorum antistes , rarum ac memorabile magni gutturis exemplum conducendus que magister . (est) (sunt)",43,11.0,0.0,0,0
D_Iunius_Juvenalis_Saturae_2,63,"quid tamen expectant , Phrygio quos tempus erat iam more supervacuam cultris abrumpere carnem ?",30,6.0,2.0,2,2
D_Iunius_Juvenalis_Saturae_2,64,"Quadringenta dedit Gracchus sestertia dotem cornicini , si -ve hic recto cantaverat aere ; [ ] (tubicini)",44,9.0,3.0,1,3
D_Iunius_Juvenalis_Saturae_2,65,"signatae tabulae , dictum "" feliciter , "" ingens cena sedet , gremio iacuit nova nupta mariti .",13,6.0,3.0,2,3
D_Iunius_Juvenalis_Saturae_2,66,"o proceres , censore opus est an haruspice nobis ?",29,5.0,1.0,1,1
D_Iunius_Juvenalis_Saturae_2,67,"scilicet horreres maiora que monstra putares , si mulier vitulum vel si bos ederet agnum ? (ederet) (esse)",47,7.0,4.0,3,4
D_Iunius_Juvenalis_Saturae_2,68,segmenta et longos habitus et flammea sumit arcano qui sacra ferens nutantia loro sudavit clupeis ancilibus .,25,8.0,5.0,2,3
D_Iunius_Juvenalis_Saturae_2,69,"o pater urbis , unde nefas tantum Latiis pastoribus ? (ortum est)",49,4.0,2.0,0,0
D_Iunius_Juvenalis_Saturae_2,7,"hispida membra quidem et durae per bracchia saetae promittunt atrocem animum , sed podice levi caeduntur tumidae medico ridente mariscae .",44,8.0,3.0,2,2
D_Iunius_Juvenalis_Saturae_2,70,"unde haec tetigit , Gradive , tuos urtica nepotes ?",42,4.0,2.0,1,3
D_Iunius_Juvenalis_Saturae_2,71,"traditur ecce viro clarus genere atque opibus vir , ne -c galeam quassas , ne -c terram cuspide pulsas , ne -c quereris patri ?",39,8.0,5.0,4,2
D_Iunius_Juvenalis_Saturae_2,72,"vade ergo et cede severi iugeribus campi , quem neglegis .",49,6.0,2.0,3,2
D_Iunius_Juvenalis_Saturae_2,73,""" Officium cras primo sole mihi peragendum in valle Quirini . "" (unus inquit)",53,5.0,0.0,0,0
D_Iunius_Juvenalis_Saturae_2,74,""" quae causa officii ? (est) "" (alter inquit)",50,3.0,0.0,0,0
D_Iunius_Juvenalis_Saturae_2,75,""" quid quaeris ? (unus inquit)",10,2.0,0.0,1,1
D_Iunius_Juvenalis_Saturae_2,76,"nubit amicus ne -c multos adhibet . "" (unus inquit)",34,3.0,0.0,2,1
D_Iunius_Juvenalis_Saturae_2,77,"liceat modo vivere , fient , fient ista palam , cupient et in acta referri .",24,7.0,4.0,4,5
D_Iunius_Juvenalis_Saturae_2,78,interea tormentum ingens nubentibus haeret quod nequeant parere et partu retinere maritos . [ ],30,7.0,6.0,2,3
D_Iunius_Juvenalis_Saturae_2,79,"sed melius , quod nil animis in corpora iuris natura indulget : (est)",44,7.0,0.0,1,1
D_Iunius_Juvenalis_Saturae_2,8,rarus sermo illis et magna libido tacendi atque supercilio brevior coma . (est),32,6.0,2.0,0,0
D_Iunius_Juvenalis_Saturae_2,80,"steriles moriuntur , et illis turgida non prodest condita pyxide Lyde , ne -c prodest agili palmas praebere luperco .",36,7.0,4.0,3,2
D_Iunius_Juvenalis_Saturae_2,81,"Vicit et hoc monstrum tunicati fuscina Gracchi , lustravit que fuga mediam gladiator harenam et Capitolinis generosior et Marcellis et Catuli Pauli que minoribus et Fabiis et omnibus ad podium spectantibus , his licet ipsum admoveas cuius tunc munere retia misit .",49,13.0,7.0,5,3
D_Iunius_Juvenalis_Saturae_2,82,"Esse aliquos manes et subterranea regna Cocytum et Stygio ranas in gurgite nigras , atque una transire vadum tot milia cumba ne -c pueri credunt , ni -si qui nondum aere lavantur .",34,10.0,1.0,2,2
D_Iunius_Juvenalis_Saturae_2,83,sed tu vera puta : (esse),47,3.0,0.0,1,2
D_Iunius_Juvenalis_Saturae_2,84,"Curius quid sentit et ambo Scipiadae , quid Fabricius manes que Camilli , quid Cremerae legio et Cannis consumpta iuventus , tot bellorum animae , quotiens hinc talis ad illos umbra venit ? (sentit) (sentit)",53,10.0,4.0,2,1
D_Iunius_Juvenalis_Saturae_2,85,"cuperent lustrari , si qua darentur sulpura cum taedis et si foret umida laurus .",28,8.0,5.0,3,5
D_Iunius_Juvenalis_Saturae_2,86,illic heu miseri traducimur .,4,2.0,1.0,1,2
D_Iunius_Juvenalis_Saturae_2,87,"arma quidem ultra litora Iuvernae promovimus et modo captas Orcadas ac minima contentos nocte Britannos , sed quae nunc populi fiunt victoris in urbe , non faciunt illi quos vicimus .",49,13.0,4.0,4,3
D_Iunius_Juvenalis_Saturae_2,88,et tamen unus Armenius Zalaces cunctis narratur ephebis mollior ardenti sese indulsisse tribuno . [ ],54,8.0,0.0,1,2
D_Iunius_Juvenalis_Saturae_2,89,aspice quid faciant commercia :,40,2.0,0.0,2,3
D_Iunius_Juvenalis_Saturae_2,9,verius ergo et magis ingenue Peribomius ; (vivit),27,4.0,1.0,0,0
D_Iunius_Juvenalis_Saturae_2,90,"venerat obses , hic fiunt homines .",24,4.0,2.0,2,4
D_Iunius_Juvenalis_Saturae_2,91,"nam si mora longior urbem indulsit pueris , non umquam derit amator , mittentur bracae cultelli frena flagellum ; [ ]",23,7.0,4.0,3,5
D_Iunius_Juvenalis_Saturae_2,92,sic praetextatos referunt Artaxata mores .,30,3.0,2.0,1,1
D_Iunius_Juvenalis_Saturae_3,1,"Quamvis digressu veteris confusus amici laudo tamen , vacuis quod sedem figere Cumis destinet atque unum civem donare Sibyllae .",42,11.0,5.0,2,3
D_Iunius_Juvenalis_Saturae_3,10,"vivant Artorius istic et Catulus , maneant qui nigrum in candida vertunt , quis facile est aedem conducere flumina portus , siccandam eluviem , portandum ad busta cadaver , et praebere caput domina venale sub hasta , quondam hi cornicines et municipalis harenae perpetui comites notae -que per oppida buccae munera nunc edunt et , verso pollice vulgus cum iubet , occidunt populariter ;",46,17.0,7.0,7,3
D_Iunius_Juvenalis_Saturae_3,100,"nam si gradibus trepidatur ab imis , ultimus ardebit quem tegula sola tuetur a pluvia , molles ubi reddunt ova columbae .",53,12.0,4.0,4,5
D_Iunius_Juvenalis_Saturae_3,101,"lectus erat Codro Procula minor , urceoli sex ornamentum abaci ne -c non et parvulus infra cantharus et recubans sub eodem marmore Chiron , iam -que vetus graecos servabat cista libellos et divina opici rodebant carmina mures . [ ] (erant) (erant)",35,12.0,2.0,3,2
D_Iunius_Juvenalis_Saturae_3,102,nil habuit Codrus .,44,2.0,1.0,1,3
D_Iunius_Juvenalis_Saturae_3,103,quis enim negat ?,41,2.0,1.0,1,1
D_Iunius_Juvenalis_Saturae_3,104,et tamen illud perdidit infelix totum nihil .,44,3.0,0.0,1,3
D_Iunius_Juvenalis_Saturae_3,105,"ultimus autem aerumnae est cumulus , quod nudum et frusta rogantem nemo cibo , nemo hospitio tecto -que iuvabit . (iuvabit)",47,7.0,2.0,2,5
D_Iunius_Juvenalis_Saturae_3,106,"Si magna Asturici cecidit domus , horrida mater , pullati proceres , differt vadimonia praetor . (est) (sunt)",13,6.0,3.0,3,3
D_Iunius_Juvenalis_Saturae_3,107,"tum gemimus casus urbis , tunc odimus ignem .",54,5.0,2.0,2,3
D_Iunius_Juvenalis_Saturae_3,108,"ardet adhuc , et iam accurrit qui marmora donet , conferat inpensas ;",42,6.0,4.0,5,3
D_Iunius_Juvenalis_Saturae_3,109,"hic nuda et candida signa , hic aliquid praeclarum Euphranoris et Polycliti , hic Asianorum vetera ornamenta deorum , hic libros dabit et forulos mediam -que Minervam , hic modium argenti . (dabit) (dabit) (dabit) (dabit)",28,8.0,4.0,1,5
D_Iunius_Juvenalis_Saturae_3,11,"inde reversi conducunt foricas , et cur non omnia , cum sint quales ex humili magna ad fastigia rerum extollit quotiens voluit Fortuna iocari ? (conducunt)",44,9.0,2.0,4,3
D_Iunius_Juvenalis_Saturae_3,110,"meliora ac plura reponit Persicus , orborum lautissimus et merito iam suspectus tamquam ipse suas incenderit aedes .",32,9.0,7.0,2,5
D_Iunius_Juvenalis_Saturae_3,111,"Si potes avelli circensibus , optima Sorae aut Fabrateriae domus aut Frusinone paratur quanti nunc tenebras unum conducis in annum .",26,9.0,4.0,3,2
D_Iunius_Juvenalis_Saturae_3,112,hortulus hic puteus -que brevis ne -c reste movendus in tenuis plantas facili diffunditur haustu . (est),34,9.0,0.0,1,2
D_Iunius_Juvenalis_Saturae_3,113,"vive bidentis amans et culti vilicus horti , unde epulum possis centum dare Pythagoreis .",23,9.0,0.0,2,3
D_Iunius_Juvenalis_Saturae_3,114,"est aliquid , quocumque loco , quocumque recessu unius sese dominum fecisse lacertae .",21,6.0,2.0,1,1
D_Iunius_Juvenalis_Saturae_3,115,Plurimus hic aeger moritur vigilando ( set ipsum languorem peperit cibus inperfectus et haerens ardenti stomacho ) .,36,9.0,6.0,2,3
D_Iunius_Juvenalis_Saturae_3,116,nam quae meritoria somnum admittunt ?,11,3.0,2.0,1,1
D_Iunius_Juvenalis_Saturae_3,117,magnis opibus dormitur in urbe .,7,4.0,2.0,1,2
D_Iunius_Juvenalis_Saturae_3,118,inde caput morbi . (venit),47,3.0,2.0,0,0
D_Iunius_Juvenalis_Saturae_3,119,raedarum transitus arto vicorum in flexu et stantis convicia mandrae eripient somnum Druso vitulis -que marinis .,11,8.0,3.0,1,5
D_Iunius_Juvenalis_Saturae_3,12,Quid Romae faciam ?,5,2.0,1.0,1,3
D_Iunius_Juvenalis_Saturae_3,120,"si vocat officium , turba cedente vehetur dives et ingenti curret super ora Liburna atque obiter leget aut scribet vel dormiet intus ;",32,7.0,2.0,6,5
D_Iunius_Juvenalis_Saturae_3,121,"nam -que facit somnum clausa lectica fenestra , ante tamen veniet :",19,5.0,0.0,2,5
D_Iunius_Juvenalis_Saturae_3,122,"nobis properantibus opstat unda prior , magno populus premit agmine lumbos qui sequitur ;",36,7.0,4.0,2,2
D_Iunius_Juvenalis_Saturae_3,123,"ferit hic cubito , ferit assere duro alter , at hic tignum capiti incutit , ille metretam . (incutit)",45,7.0,3.0,3,1
D_Iunius_Juvenalis_Saturae_3,124,"pinguia crura luto , planta mox undique magna calcor , et in digito clavus mihi militis haeret . (sunt)",23,6.0,3.0,2,2
D_Iunius_Juvenalis_Saturae_3,125,Nonne vides quanto celebretur sportula fumo ?,52,4.0,2.0,2,4
D_Iunius_Juvenalis_Saturae_3,126,"centum convivae , sequitur sua quemque culina . (sunt)",42,6.0,3.0,1,2
D_Iunius_Juvenalis_Saturae_3,127,"Corbulo vix ferret tot vasa ingentia , tot res inpositas capiti , quas recto vertice portat servulus infelix et cursu ventilat ignem .",32,7.0,6.0,2,1
D_Iunius_Juvenalis_Saturae_3,128,"scinduntur tunicae sartae modo , longa coruscat serraco veniente abies , atque altera pinum plaustra vehunt ;",32,8.0,2.0,3,2
D_Iunius_Juvenalis_Saturae_3,129,nutant alte populo -que minantur .,49,4.0,2.0,2,2
D_Iunius_Juvenalis_Saturae_3,13,mentiri nescio :,39,1.0,1.0,1,1
D_Iunius_Juvenalis_Saturae_3,130,"nam si procubuit qui saxa Ligustica portat axis et eversum fudit super agmina montem , quid superest de corporibus ?",32,9.0,5.0,4,3
D_Iunius_Juvenalis_Saturae_3,131,"quis membra , quis ossa invenit ? (invenit)",11,4.0,0.0,1,1
D_Iunius_Juvenalis_Saturae_3,132,obtritum vulgi perit omne cadaver more animae .,30,4.0,2.0,1,1
D_Iunius_Juvenalis_Saturae_3,133,domus interea secura patellas iam lavat et bucca foculum excitat et sonat unctis striglibus et pleno componit lintea guto .,27,6.0,3.0,4,1
D_Iunius_Juvenalis_Saturae_3,134,"haec inter pueros varie properantur , at ille iam sedet in ripa taetrum -que novicius horret porthmea ne -c sperat caenosi gurgitis alnum infelix ne -c habet quem porrigat ore trientem .",45,9.0,4.0,6,3
D_Iunius_Juvenalis_Saturae_3,135,"Respice nunc alia ac diversa pericula noctis : quod spatium tectis sublimibus unde cerebrum testa ferit , quotiens rimosa et curta fenestris vasa cadant , quanto percussum pondere signent et laedant silicem .",32,11.0,5.0,5,3
D_Iunius_Juvenalis_Saturae_3,136,"possis ignavus haberi et subiti casus inprovidus , ad cenam si intestatus eas :",22,9.0,1.0,2,3
D_Iunius_Juvenalis_Saturae_3,137,"adeo tot fata , quot illa nocte patent vigiles te praetereunte fenestrae . (sunt)",40,6.0,5.0,1,1
D_Iunius_Juvenalis_Saturae_3,138,"ergo optes votum -que feras miserabile te -cum , ut sint contentae patulas defundere pelves .",46,10.0,5.0,3,3
D_Iunius_Juvenalis_Saturae_3,139,"Ebrius ac petulans , qui nullum forte cecidit , dat poenas , noctem patitur lugentis amicum Pelidae , cubat in faciem , mox deinde supinus ; (cubat)",38,8.0,5.0,4,3
D_Iunius_Juvenalis_Saturae_3,14,"librum , si malus est , nequeo laudare et poscere ;",20,5.0,1.0,2,1
D_Iunius_Juvenalis_Saturae_3,140,[ ergo non aliter poterit dormire :,27,3.0,2.0,1,5
D_Iunius_Juvenalis_Saturae_3,141,"quibusdam ] somnum rixa facit , sed quamvis improbus annis atque mero fervens , cavet hunc , quem coccina laena vitari iubet et comitum longissimus ordo , multum praeterea flammarum et aenea lampas ;",45,9.0,7.0,2,1
D_Iunius_Juvenalis_Saturae_3,142,"me , quem Luna solet deducere vel breve lumen candelae , cuius dispenso et tempero filum , contemnit .",40,8.0,8.0,4,1
D_Iunius_Juvenalis_Saturae_3,143,"miserae cognosce prohoemia rixae , si rixa est , ubi tu pulsas , ego vapulo tantum .",19,9.0,1.0,4,2
D_Iunius_Juvenalis_Saturae_3,144,stat contra stari -que iubet :,11,4.0,2.0,2,1
D_Iunius_Juvenalis_Saturae_3,145,parere necesse est ;,22,2.0,1.0,1,1
D_Iunius_Juvenalis_Saturae_3,146,"nam quid agas , cum te furiosus cogat et idem fortior ? (sit)",32,5.0,1.0,2,3
D_Iunius_Juvenalis_Saturae_3,147,"' unde venis ? ' exclamat , ' cuius aceto , cuius conche tumes ?",23,6.0,0.0,3,1
D_Iunius_Juvenalis_Saturae_3,148,quis te -cum sectile porrum sutor et elixi vervecis labra comedit ? (ebrius exclamat),28,6.0,0.0,0,0
D_Iunius_Juvenalis_Saturae_3,149,nil mihi respondes ? (ebrius exclamat),44,2.0,0.0,1,1
D_Iunius_Juvenalis_Saturae_3,150,aut dic aut accipe calcem . (ebrius exclamat),12,3.0,3.0,2,2
D_Iunius_Juvenalis_Saturae_3,151,ede ubi consistas ; (ebrius exclamat),32,3.0,3.0,2,3
D_Iunius_Juvenalis_Saturae_3,152,in qua te quaero proseucha ? ' (ebrius exclamat),10,4.0,0.0,1,1
D_Iunius_Juvenalis_Saturae_3,153,"dicere si temptes aliquid tacitus -ve recedas , tantumdem est : feriunt pariter , vadimonia deinde irati faciunt .",51,9.0,4.0,5,3
D_Iunius_Juvenalis_Saturae_3,154,libertas pauperis haec est : pulsatus rogat et pugnis concisus adorat ut liceat paucis cum dentibus inde reverti .,31,10.0,6.0,4,3
D_Iunius_Juvenalis_Saturae_3,155,Ne -c tamen haec tantum metuas .,34,3.0,0.0,1,3
D_Iunius_Juvenalis_Saturae_3,156,"nam qui spoliet te non derit clausis domibus , postquam omnis ubique fixa catenatae siluit compago tabernae .",19,7.0,2.0,3,5
D_Iunius_Juvenalis_Saturae_3,157,interdum et ferro subitus grassator agit rem ;,39,3.0,0.0,1,1
D_Iunius_Juvenalis_Saturae_3,158,"armato quotiens tutae custode tenentur et Pomptina palus et Gallinaria pinus , sic inde huc omnes tamquam ad vivaria currunt . (currunt)",53,9.0,5.0,2,2
D_Iunius_Juvenalis_Saturae_3,159,"qua fornace graves , qua non incude catenae ? (faciuntur)",17,5.0,1.0,0,0
D_Iunius_Juvenalis_Saturae_3,16,funus promittere patris ne -c volo ne -c possum ;,34,5.0,2.0,2,1
D_Iunius_Juvenalis_Saturae_3,160,"maximus in vinclis ferri modus , ut timeas ne vomer deficiat , ne marrae et sarcula desint . (est)",52,9.0,2.0,3,3
D_Iunius_Juvenalis_Saturae_3,161,"felices proavorum atavos , felicia dicas saecula quae quondam sub regibus atque tribunis viderunt uno contentam carcere Romam . (dicas) (fuisse) (fuisse)",49,12.0,1.0,2,3
D_Iunius_Juvenalis_Saturae_3,162,"His alias poteram et pluris subnectere causas , sed iumenta vocant et sol inclinat .",50,7.0,3.0,3,2
D_Iunius_Juvenalis_Saturae_3,163,eundum est ;,17,1.0,1.0,1,1
D_Iunius_Juvenalis_Saturae_3,164,nam mihi commota iam dudum mulio virga adnuit .,6,4.0,2.0,1,3
D_Iunius_Juvenalis_Saturae_3,165,"ergo vale nostri memor , et quotiens te Roma tuo refici properantem reddet Aquino , me quoque ad Helvinam Cererem vestram -que Dianam converte a Cumis .",38,9.0,6.0,3,5
D_Iunius_Juvenalis_Saturae_3,166,"saturarum ego , ni pudet illas , auditor gelidos veniam caligatus in agros . "" [ ]",6,8.0,1.0,2,5
D_Iunius_Juvenalis_Saturae_3,17,ranarum viscera numquam inspexi ;,13,3.0,1.0,1,3
D_Iunius_Juvenalis_Saturae_3,18,"ferre ad nuptam quae mittit adulter , quae mandat , norunt alii ;",11,5.0,4.0,3,3
D_Iunius_Juvenalis_Saturae_3,19,"me nemo ministro fur erit , atque ideo nulli comes exeo tamquam mancus et extinctae corpus non utile dextrae . (sim)",32,10.0,3.0,2,5
D_Iunius_Juvenalis_Saturae_3,2,"ianua Baiarum est et gratum litus amoeni secessus , ego vel Prochytam praepono Suburae ;",29,7.0,2.0,2,1
D_Iunius_Juvenalis_Saturae_3,20,quis nunc diligitur ni -si conscius et cui fervens aestuat occultis animus semper -que tacendis ? (est),43,8.0,1.0,2,2
D_Iunius_Juvenalis_Saturae_3,21,"nil tibi se debere putat , nil conferet umquam , participem qui te secreti fecit honesti :",47,7.0,4.0,4,5
D_Iunius_Juvenalis_Saturae_3,22,carus erit Verri qui Verrem tempore quo vult accusare potest .,47,7.0,5.0,3,5
D_Iunius_Juvenalis_Saturae_3,23,"tanti tibi non sit opaci omnis harena Tagi quod -que in mare volvitur aurum , ut somno careas ponenda -que praemia sumas tristis , et a magno semper timearis amico .",54,11.0,4.0,5,3
D_Iunius_Juvenalis_Saturae_3,24,"Quae nunc divitibus gens acceptissima nostris et quos praecipue fugiam , properabo fateri , ne -c pudor opstabit . (sit)",49,9.0,2.0,3,5
D_Iunius_Juvenalis_Saturae_3,25,"non possum ferre , Quirites , Graecam urbem ;",11,5.0,3.0,1,1
D_Iunius_Juvenalis_Saturae_3,27,"iam pridem Syrus in Tiberim defluxit Orontes , et linguam et mores et cum tibicine chordas obliquas ne -c non gentilia tympana se -cum vexit et ad circum iussas prostare puellas . (vexit)",34,12.0,5.0,2,3
D_Iunius_Juvenalis_Saturae_3,28,"ite , quibus grata est picta lupa barbara mitra ! (vos)",29,6.0,0.0,2,2
D_Iunius_Juvenalis_Saturae_3,29,"rusticus ille tuus sumit trechedipna , Quirine , et ceromatico fert niceteria collo .",25,5.0,2.0,2,1
D_Iunius_Juvenalis_Saturae_3,3,"nam quid tam miserum , tam solum vidimus , ut non deterius credas horrere incendia , lapsus tectorum adsiduos ac mille pericula saevae urbis et Augusto recitantes mense poetas ? (esse)",41,12.0,4.0,2,3
D_Iunius_Juvenalis_Saturae_3,30,"hic alta Sicyone , ast hic Amydone relicta , hic Andro , ille Samo , hic Trallibus aut Alabandis Esquilias dictum -que petunt a vimine collem , viscera magnarum domuum domini -que futuri , ingenium velox , audacia perdita , sermo promptus et Isaeo torrentior : (petunt) (petunt) (petunt) (petunt)",45,13.0,7.0,1,1
D_Iunius_Juvenalis_Saturae_3,31,ede quid illum esse putes ?,47,3.0,0.0,2,3
D_Iunius_Juvenalis_Saturae_3,32,quemvis hominem se -cum attulit ad nos :,28,4.0,2.0,1,1
D_Iunius_Juvenalis_Saturae_3,33,grammaticus rhetor geometres pictor aliptes augur schoenobates medicus magus : omnia novit Graeculus esuriens ; [ ],7,4.0,3.0,1,3
D_Iunius_Juvenalis_Saturae_3,34,in caelum iusseris ibit . (si),10,4.0,2.0,2,6
D_Iunius_Juvenalis_Saturae_3,35,"in summa non Maurus erat ne -que Sarmata ne -c Thrax qui sumpsit pinnas , mediis sed natus Athenis . (erat) (erat)",43,6.0,3.0,2,3
D_Iunius_Juvenalis_Saturae_3,36,Horum ego non fugiam conchylia ?,15,3.0,1.0,1,3
D_Iunius_Juvenalis_Saturae_3,37,"me prior ille signabit fultus -que toro meliore recumbet , advectus Romam quo pruna et cottona vento ? (advecta sunt)",13,10.0,4.0,1,5
D_Iunius_Juvenalis_Saturae_3,38,"usque adeo nihil est , quod nostra infantia caelum hausit Aventini baca nutrita Sabina ?",44,8.0,1.0,2,3
D_Iunius_Juvenalis_Saturae_3,39,"Quid quod adulandi gens prudentissima laudat sermonem indocti , faciem deformis amici , et longum invalidi collum cervicibus aequat Herculis Antaeum procul a tellure tenentis , miratur vocem angustam , qua deterius ne -c ille sonat quo mordetur gallina marito ? (est)",54,14.0,9.0,5,2
D_Iunius_Juvenalis_Saturae_3,4,"Sed dum tota domus raeda componitur una , substitit ad veteres arcus madidam -que Capenam , hic , ubi nocturnae Numa constituebat amicae , nunc sacri fontis nemus et delubra locantur Iudaeis , quorum cophinus faenum -que supellex (est)",53,12.0,0.0,3,2
D_Iunius_Juvenalis_Saturae_3,40,"haec eadem licet et nobis laudare , sed illis creditur .",49,6.0,2.0,2,2
D_Iunius_Juvenalis_Saturae_3,41,"an melior , cum Thaida sustinet aut cum uxorem comoedus agit vel Dorida nullo cultam palliolo ? (est)",29,10.0,0.0,2,1
D_Iunius_Juvenalis_Saturae_3,42,"mulier nempe ipsa videtur , non persona , loqui ; (videtur loqui)",47,5.0,2.0,1,2
D_Iunius_Juvenalis_Saturae_3,43,vacua et plana omnia dicas infra ventriculum et tenui distantia rima . (esse),19,7.0,0.0,1,3
D_Iunius_Juvenalis_Saturae_3,44,ne -c tamen Antiochus ne -c erit mirabilis illic aut Stratocles aut cum molli Demetrius Haemo : (erit),51,8.0,6.0,1,5
D_Iunius_Juvenalis_Saturae_3,45,natio comoeda est .,17,2.0,1.0,1,1
D_Iunius_Juvenalis_Saturae_3,46,"rides , maiore cachinno concutitur ;",20,4.0,2.0,2,2
D_Iunius_Juvenalis_Saturae_3,47,"flet , si lacrimas conspexit amici , ne -c dolet ;",51,6.0,2.0,3,3
D_Iunius_Juvenalis_Saturae_3,48,"igniculum brumae si tempore poscas , accipit endromidem ;",18,5.0,1.0,2,3
D_Iunius_Juvenalis_Saturae_3,49,"si dixeris ' aestuo , ' sudat .",13,4.0,4.0,3,5
D_Iunius_Juvenalis_Saturae_3,5,( omnis enim populo mercedem pendere iussa est arbor et eiectis mendicat silva Camenis ) .,18,6.0,3.0,2,1
D_Iunius_Juvenalis_Saturae_3,50,non sumus ergo pares :,27,2.0,1.0,1,1
D_Iunius_Juvenalis_Saturae_3,51,"melior , qui semper et omni nocte die -que potest aliena sumere vultum a facie , iactare manus , laudare paratus , si bene ructavit , si rectum minxit amicus , si trulla inverso crepitum dedit aurea fundo . (est)",46,12.0,8.0,4,3
D_Iunius_Juvenalis_Saturae_3,52,"Praeterea sanctum nihil est ne -que ab inguine tutum , non matrona Laris , non filia virgo , ne -que ipse sponsus levis adhuc , non filius ante pudicus ;",53,9.0,6.0,1,1
D_Iunius_Juvenalis_Saturae_3,53,"horum si nihil est , aviam resupinat amici .",44,6.0,3.0,2,1
D_Iunius_Juvenalis_Saturae_3,54,[ scire volunt secreta domus atque inde timeri . ],34,5.0,4.0,1,1
D_Iunius_Juvenalis_Saturae_3,55,"et quoniam coepit Graecorum mentio , transi gymnasia atque audi facinus maioris abollae .",32,8.0,0.0,3,3
D_Iunius_Juvenalis_Saturae_3,56,"Stoicus occidit Baream delator amicum discipulum -que senex , ripa nutritus in illa , ad quam Gorgonei delapsa est pinna caballi . [ ] [ ]",34,12.0,0.0,2,3
D_Iunius_Juvenalis_Saturae_3,57,"non est Romano cuiquam locus hic , ubi regnat Protogenes aliquis vel Diphilus aut Hermarchus , qui gentis vitio numquam partitur amicum , solus habet .",49,9.0,2.0,4,2
D_Iunius_Juvenalis_Saturae_3,58,"nam cum facilem stillavit in aurem exiguum de naturae patriae -que veneno , limine summoveor , perierunt tempora longi servitii ;",48,11.0,5.0,2,3
D_Iunius_Juvenalis_Saturae_3,59,nusquam minor est iactura clientis .,24,3.0,2.0,1,1
D_Iunius_Juvenalis_Saturae_3,6,in vallem Egeriae descendimus et speluncas dissimiles veris .,17,5.0,5.0,1,3
D_Iunius_Juvenalis_Saturae_3,60,"Quod porro officium , ne nobis blandiar , aut quod pauperis hic meritum , si curet nocte togatus currere , cum praetor lictorem impellat et ire praecipitem iubeat dudum vigilantibus orbis , ne prior Albinam et Modiam collega salutet ? (est)",34,12.0,3.0,5,4
D_Iunius_Juvenalis_Saturae_3,61,divitis hic servo claudit latus ingenuorum filius ;,34,4.0,2.0,1,1
D_Iunius_Juvenalis_Saturae_3,62,"alter enim quantum in legione tribuni accipiunt donat Calvinae vel Catienae , ut semel aut iterum super illam palpitet ;",51,7.0,3.0,3,3
D_Iunius_Juvenalis_Saturae_3,63,"at tu , cum tibi vestiti facies scorti placet , haeres et dubitas alta Chionen deducere sella .",45,9.0,0.0,3,1
D_Iunius_Juvenalis_Saturae_3,64,"da testem Romae tam sanctum quam fuit hospes numinis Idaei , procedat vel Numa vel qui servavit trepidam flagranti ex aede Minervam :",53,15.0,9.0,4,3
D_Iunius_Juvenalis_Saturae_3,65,"protinus ad censum , de moribus ultima fiet quaestio . (itur)",30,6.0,0.0,1,5
D_Iunius_Juvenalis_Saturae_3,66,' quot pascit servos ? (quaeretur),34,3.0,0.0,1,1
D_Iunius_Juvenalis_Saturae_3,67,quot possidet agri iugera ? (quaeretur),46,3.0,2.0,1,1
D_Iunius_Juvenalis_Saturae_3,68,quam multa magna -que paropside cenat ? ' (quaeretur),25,4.0,0.0,1,1
D_Iunius_Juvenalis_Saturae_3,69,"quantum quisque sua nummorum servat in arca , tantum habet et fidei .",26,6.0,1.0,2,1
D_Iunius_Juvenalis_Saturae_3,7,"quanto praesentius esset numen aquis , viridi si margine clauderet undas herba , ne -c ingenuum violarent marmora tofum .",50,7.0,1.0,4,4
D_Iunius_Juvenalis_Saturae_3,70,"iures licet et Samothracum et nostrorum aras , contemnere fulmina pauper creditur atque deos dis ignoscentibus ipsis .",52,9.0,4.0,3,3
D_Iunius_Juvenalis_Saturae_3,71,"Quid quod materiam praebet causas -que iocorum omnibus hic idem , si foeda et scissa lacerna , si toga sordidula est et rupta calceus alter pelle patet , vel si consuto vulnere crassum atque recens linum ostendit non una cicatrix ? (est) (est)",50,10.0,8.0,4,1
D_Iunius_Juvenalis_Saturae_3,72,"nil habet infelix paupertas durius in se , quam quod ridiculos homines facit . (durum est)",44,9.0,5.0,2,1
D_Iunius_Juvenalis_Saturae_3,73,"' exeat , ' inquit , ' si pudor est , et de pulvino surgat equestri cuius res legi non sufficit , et sedeant hic lenonum pueri quocumque ex fornice nati ;",43,11.0,1.0,6,3
D_Iunius_Juvenalis_Saturae_3,74,hic plaudat nitidi praeconis filius inter pinnirapi cultos iuvenes iuvenes -que lanistae ' :,15,7.0,4.0,1,3
D_Iunius_Juvenalis_Saturae_3,75,"sic libitum vano , qui nos distinxit , Othoni .",9,4.0,3.0,1,3
D_Iunius_Juvenalis_Saturae_3,76,quis gener hic placuit censu minor atque puellae sarcinulis impar ?,40,6.0,1.0,1,3
D_Iunius_Juvenalis_Saturae_3,77,quis pauper scribitur heres ?,40,3.0,1.0,1,2
D_Iunius_Juvenalis_Saturae_3,78,quando in consilio est aedilibus ?,29,3.0,2.0,1,1
D_Iunius_Juvenalis_Saturae_3,79,agmine facto debuerant olim tenues migrasse Quirites .,47,4.0,2.0,1,4
D_Iunius_Juvenalis_Saturae_3,8,"Hic tunc Vmbricius "" quando artibus , "" inquit , "" honestis nullus in urbe locus , nulla emolumenta laborum , res hodie minor est here quam fuit atque eadem cras deteret exiguis aliquid , proponimus illuc ire , fatigatas ubi Daedalus exuit alas , dum nova canities , dum prima et recta senectus , dum superest Lachesi quod torqueat et pedibus me porto meis nullo dextram subeunte bacillo . (est) (est) (est) (sunt)",53,16.0,8.0,9,5
D_Iunius_Juvenalis_Saturae_3,80,"Haut facile emergunt quorum virtutibus opstat res angusta domi , sed Romae durior illis conatus : (est)",21,7.0,3.0,1,1
D_Iunius_Juvenalis_Saturae_3,81,"magno hospitium miserabile , magno servorum ventres , et frugi cenula magno . (constat) (constant) (constat)",4,6.0,3.0,0,0
D_Iunius_Juvenalis_Saturae_3,82,"fictilibus cenare pudet , quod turpe negabis translatus subito ad Marsos mensam -que Sabellam contentus -que illic Veneto duro -que cucullo . (esse)",41,9.0,0.0,2,5
D_Iunius_Juvenalis_Saturae_3,83,"Pars magna Italiae est , si verum admittimus , in qua nemo togam sumit nisi mortuus .",36,7.0,4.0,2,1
D_Iunius_Juvenalis_Saturae_3,84,"ipsa dierum festorum herboso colitur si quando theatro maiestas tandem -que redit ad pulpita notum exodium , cum personae pallentis hiatum in gremio matris formidat rusticus infans , aequales habitus illic similes -que videbis orchestram et populum . (sunt) (esse)",50,11.0,2.0,4,5
D_Iunius_Juvenalis_Saturae_3,85,clari velamen honoris sufficiunt tunicae summis aedilibus albae .,43,5.0,2.0,1,1
D_Iunius_Juvenalis_Saturae_3,86,"hic ultra vires habitus nitor , hic aliquid plus quam satis est interdum aliena sumitur arca . (est)",54,9.0,0.0,2,2
D_Iunius_Juvenalis_Saturae_3,87,"commune id vitium est , hic vivimus ambitiosa paupertate omnes .",39,6.0,3.0,2,1
D_Iunius_Juvenalis_Saturae_3,88,quid te moror ?,36,2.0,1.0,1,2
D_Iunius_Juvenalis_Saturae_3,89,omnia Romae cum pretio . (sunt),28,3.0,2.0,0,0
D_Iunius_Juvenalis_Saturae_3,9,cedamus patria .,49,1.0,1.0,1,3
D_Iunius_Juvenalis_Saturae_3,90,"quid das , ut Cossum aliquando salutes , ut te respiciat clauso Veiento labello ?",38,7.0,5.0,3,3
D_Iunius_Juvenalis_Saturae_3,91,"ille metit barbam , crinem hic deponit amati ;",15,5.0,3.0,2,1
D_Iunius_Juvenalis_Saturae_3,92,plena domus libis venalibus ; (est),27,4.0,3.0,0,0
D_Iunius_Juvenalis_Saturae_3,93,"accipe , et istud fermentum tibi habe :",9,4.0,2.0,2,2
D_Iunius_Juvenalis_Saturae_3,94,praestare tributa clientes cogimur et cultis augere peculia servis .,32,5.0,1.0,1,2
D_Iunius_Juvenalis_Saturae_3,95,Quis timet aut timuit gelida Praeneste ruinam aut positis nemorosa inter iuga Volsiniis aut simplicibus Gabiis aut proni Tiburis arce ?,12,8.0,4.0,2,3
D_Iunius_Juvenalis_Saturae_3,96,nos urbem colimus tenui tibicine fultam magna parte sui ;,26,5.0,4.0,1,1
D_Iunius_Juvenalis_Saturae_3,97,"nam sic labentibus obstat vilicus et , veteris rimae cum texit hiatum , securos pendente iubet dormire ruina .",22,8.0,4.0,3,3
D_Iunius_Juvenalis_Saturae_3,98,"vivendum est illic ubi nulla incendia , nulli nocte metus . (sunt)",19,7.0,4.0,1,1
D_Iunius_Juvenalis_Saturae_3,99,"iam poscit aquam , iam frivola transfert Vcalegon , tabulata tibi iam tertia fumant : tu nescis ;",39,7.0,3.0,4,1
D_Iunius_Juvenalis_Saturae_6,1,"Credo Pudicitiam Saturno rege moratam in terris visam -que diu , cum frigida parvas praeberet spelunca domos ignem -que Larem -que et pecus et dominos communi clauderet umbra , silvestrem montana torum cum sterneret uxor frondibus et culmo vicinarum -que ferarum pellibus , haut similis tibi , Cynthia , ne -c tibi , cuius turbavit nitidos extinctus passer ocellos , sed potanda ferens infantibus ubera magnis et saepe horridior glandem ructante marito . (similis)",54,16.0,0.0,5,4
D_Iunius_Juvenalis_Saturae_6,10,"uxorem , Postume , ducis ?",9,3.0,2.0,1,1
D_Iunius_Juvenalis_Saturae_6,101,"dones tamen ista puellis , tu -ne etiam , quam sextus et octogensimus annus pulsat , adhuc Graece ? (concubis)",42,7.0,3.0,2,3
D_Iunius_Juvenalis_Saturae_6,102,non est hic sermo pudicus in vetula :,17,4.0,2.0,1,1
D_Iunius_Juvenalis_Saturae_6,103,"quotiens lascivum intervenit illud ζωὴ καὶ ψυχή , modo sub lodice relictis uteris in turba . [ ]",40,8.0,3.0,2,2
D_Iunius_Juvenalis_Saturae_6,104,quod enim non excitet inguen vox blanda et nequam ?,17,5.0,3.0,1,3
D_Iunius_Juvenalis_Saturae_6,105,digitos habet .,9,1.0,1.0,1,1
D_Iunius_Juvenalis_Saturae_6,106,"ut tamen omnes subsidant pinnae , dicas haec mollius Haemo quamquam et Carpophoro , facies tua conputat annos .",51,9.0,5.0,2,3
D_Iunius_Juvenalis_Saturae_6,107,"Si tibi legitimis pactam iunctam -que tabellis non es amaturus , ducendi nulla videtur causa , ne -c est quare cenam et mustacea perdas labente officio crudis donanda , ne -c illud quod prima pro nocte datur , cum lance beata DACICVC et scripto radiat GERMANICVS auro . (est quare perdas)",50,14.0,5.0,6,3
D_Iunius_Juvenalis_Saturae_6,108,"si tibi simplicitas uxoria , deditus uni est animus , summitte caput cervice parata ferre iugum . (est)",26,8.0,4.0,2,2
D_Iunius_Juvenalis_Saturae_6,109,nullam invenies quae parcat amanti : (est),42,3.0,3.0,2,5
D_Iunius_Juvenalis_Saturae_6,11,"dic , qua Tisiphone , quibus exagitare colubris ?",13,4.0,0.0,2,2
D_Iunius_Juvenalis_Saturae_6,110,"ardeat ipsa licet , tormentis gaudet amantis et spoliis ;",26,5.0,2.0,3,3
D_Iunius_Juvenalis_Saturae_6,111,"igitur longe minus utilis illi uxor , quisquis erit bonus optandus -que maritus . (erit)",51,7.0,4.0,1,5
D_Iunius_Juvenalis_Saturae_6,112,"nil umquam invita donabis coniuge , vendes hac opstante nihil , nihil , haec si nolet , emetur .",44,7.0,3.0,4,5
D_Iunius_Juvenalis_Saturae_6,113,haec dabit affectus :,15,2.0,1.0,1,5
D_Iunius_Juvenalis_Saturae_6,114,"ille excludatur amicus iam senior , cuius barbam tua ianua vidit .",14,5.0,0.0,2,4
D_Iunius_Juvenalis_Saturae_6,115,"testandi cum sit lenonibus atque lanistis libertas et iuris idem contingat harenae , non unus tibi rivalis dictabitur heres .",32,8.0,5.0,3,5
D_Iunius_Juvenalis_Saturae_6,116,""" Pone crucem servo . """,5,2.0,1.0,1,2
D_Iunius_Juvenalis_Saturae_6,117,quis testis adest ?,5,2.0,0.0,1,1
D_Iunius_Juvenalis_Saturae_6,118,quis detulit ?,5,1.0,1.0,1,3
D_Iunius_Juvenalis_Saturae_6,119,audi ;,3,,,1,2
D_Iunius_Juvenalis_Saturae_6,12,"ferre potes dominam salvis tot restibus ullam , cum pateant altae caligantes -que fenestrae , cum tibi vicinum se praebeat Aemilius pons ?",46,9.0,5.0,3,3
D_Iunius_Juvenalis_Saturae_6,120,"nulla umquam de morte hominis cunctatio longa est . """,18,5.0,1.0,1,1
D_Iunius_Juvenalis_Saturae_6,121,""" o demens , ita servus homo est ?",43,3.0,2.0,1,1
D_Iunius_Juvenalis_Saturae_6,122,"nil fecerit , esto :",44,2.0,0.0,2,5
D_Iunius_Juvenalis_Saturae_6,123,"hoc volo , sic iubeo , sit pro ratione voluntas . """,26,5.0,3.0,3,3
D_Iunius_Juvenalis_Saturae_6,124,imperat ergo viro .,27,2.0,1.0,1,1
D_Iunius_Juvenalis_Saturae_6,125,sed mox haec regna relinquit permutat -que domos et flammea conterit ;,15,6.0,0.0,3,1
D_Iunius_Juvenalis_Saturae_6,126,"inde avolat et spreti repetit vestigia lecti , ornatas paulo ante fores , pendentia linquit vela domus et adhuc virides in limine ramos .",52,10.0,2.0,3,1
D_Iunius_Juvenalis_Saturae_6,127,"sic crescit numerus , sic fiunt octo mariti quinque per autumnos , titulo res digna sepulchri .",28,9.0,1.0,2,1
D_Iunius_Juvenalis_Saturae_6,128,Desperanda tibi salva concordia socru .,12,3.0,2.0,0,0
D_Iunius_Juvenalis_Saturae_6,129,"illa docet spoliis nudi gaudere mariti , illa docet missis a corruptore tabellis nil rude ne -c simplex rescribere , decipit illa custodes aut aere domat ;",44,11.0,5.0,4,1
D_Iunius_Juvenalis_Saturae_6,13,"aut si de multis nullus placet exitus , illud non -ne putas melius , quod te cum pusio dormit ? (esse)",47,11.0,0.0,3,1
D_Iunius_Juvenalis_Saturae_6,131,"abditus interea latet et secretus adulter , inpatiens -que morae silet et praeputia ducit .",48,7.0,3.0,3,1
D_Iunius_Juvenalis_Saturae_6,132,scilicet expectas ut tradat mater honestos atque alios mores quam quos habet ?,33,9.0,3.0,3,3
D_Iunius_Juvenalis_Saturae_6,133,utile porro filiolam turpi vetulae producere turpem . (est),40,6.0,3.0,0,0
D_Iunius_Juvenalis_Saturae_6,134,Nulla fere causa est in qua non femina litem moverit .,50,5.0,0.0,2,5
D_Iunius_Juvenalis_Saturae_6,135,"accusat Manilia , si rea non est .",47,4.0,1.0,2,1
D_Iunius_Juvenalis_Saturae_6,136,"conponunt ipsae per se formant -que libellos , principium atque locos Celso dictare paratae .",32,7.0,4.0,2,1
D_Iunius_Juvenalis_Saturae_6,137,"Endromidas Tyrias et femineum ceroma quis nescit , vel quis non vidit vulnera pali , quem cavat adsiduis rudibus scuto -que lacessit atque omnes implet numeros dignissima prorsus Florali matrona tuba , ni -si si quid in illo pectore plus agitat verae -que paratur harenae ? (est)",43,19.0,5.0,7,3
D_Iunius_Juvenalis_Saturae_6,138,"quem praestare potest mulier galeata pudorem , quae fugit a sexu ?",47,7.0,4.0,2,1
D_Iunius_Juvenalis_Saturae_6,139,vires amat :,54,1.0,1.0,1,1
D_Iunius_Juvenalis_Saturae_6,14,"pusio qui noctu non litigat , exigit a te nulla iacens illic munuscula ne -c queritur quod et lateri parcas ne -c quantum iussit anheles .",42,9.0,0.0,6,3
D_Iunius_Juvenalis_Saturae_6,140,haec tamen ipsa vir nollet fieri ;,24,4.0,2.0,1,4
D_Iunius_Juvenalis_Saturae_6,141,nam quantula nostra voluptas ! (est),51,3.0,2.0,0,0
D_Iunius_Juvenalis_Saturae_6,142,"quale decus , rerum si coniugis auctio fiat , balteus et manicae et cristae cruris -que sinistri dimidium tegimen ! (sit)",28,10.0,1.0,1,3
D_Iunius_Juvenalis_Saturae_6,143,"vel , si diversa movebit proelia , tu felix ocreas vendente puella . (eris)",18,6.0,0.0,1,5
D_Iunius_Juvenalis_Saturae_6,144,"hae sunt quae tenui sudant in cyclade , quarum delicias et panniculus bombycinus urit .",17,7.0,4.0,3,1
D_Iunius_Juvenalis_Saturae_6,145,"aspice quo fremitu monstratos perferat ictus et quanto galeae curvetur pondere , quanta poplitibus sedeat quam denso fascia libro , et ride positis scaphium cum sumitur armis .",26,12.0,4.0,6,4
D_Iunius_Juvenalis_Saturae_6,146,"dicite vos , neptes Lepidi caeci -ve Metelli Gurgitis aut Fabii , quae ludia sumpserit umquam hos habitus , quando ad palum gemat uxor Asyli .",29,10.0,4.0,3,5
D_Iunius_Juvenalis_Saturae_6,147,Semper habet lites alterna -que iurgia lectus in quo nupta iacet ;,11,7.0,4.0,2,1
D_Iunius_Juvenalis_Saturae_6,148,minimum dormitur in illo .,5,3.0,2.0,1,2
D_Iunius_Juvenalis_Saturae_6,149,"tum gravis illa viro , tunc orba tigride peior , cum simulat gemitus occulti conscia facti ; (est) (est)",45,9.0,2.0,1,1
D_Iunius_Juvenalis_Saturae_6,15,"Sed placet Vrsidio lex Iulia , tollere dulcem cogitat heredem , cariturus turture magno mullorum -que iubis et captatore macello . [ ]",37,8.0,0.0,2,1
D_Iunius_Juvenalis_Saturae_6,150,"aut odit pueros aut ficta paelice plorat , uberibus semper lacrimis semper -que paratis in statione sua atque expectantibus illam , quo iubeat manare modo ;",54,11.0,7.0,3,3
D_Iunius_Juvenalis_Saturae_6,151,"tu credis amorem , tu tibi tunc , uruca , places fletum -que labellis exorbes , quae scripta et quot lecture tabellas , si tibi zelotypae retegantur scrinia moechae ! (esse)",34,10.0,5.0,4,4
D_Iunius_Juvenalis_Saturae_6,152,sed iacet in servi complexibus aut equitis .,31,5.0,3.0,1,1
D_Iunius_Juvenalis_Saturae_6,153,""" dic , dic aliquem sodes hic , Quintiliane , colorem . """,15,5.0,3.0,2,2
D_Iunius_Juvenalis_Saturae_6,155,"dic ipsa . """,15,2.0,1.0,1,2
D_Iunius_Juvenalis_Saturae_6,156,""" olim convenerat , "" inquit , "" ut faceres tu quod velles , ne -c non ego possem indulgere mihi .",47,7.0,1.0,5,4
D_Iunius_Juvenalis_Saturae_6,157,"clames licet et mare caelo confundas , homo sum . """,17,5.0,1.0,4,3
D_Iunius_Juvenalis_Saturae_6,158,nihil est audacius illis deprensis :,44,4.0,3.0,1,1
D_Iunius_Juvenalis_Saturae_6,159,iram atque animos a crimine sumunt .,32,4.0,2.0,1,1
D_Iunius_Juvenalis_Saturae_6,16,"quid fieri non posse putes , si iungitur ulla Vrsidio , si moechorum notissimus olim stulta maritali iam porrigit ora capistro , quem totiens texit perituri cista Latini ?",47,10.0,5.0,4,3
D_Iunius_Juvenalis_Saturae_6,160,"Unde haec monstra tamen vel quo de fonte , requiris ? (sint)",23,6.0,1.0,1,1
D_Iunius_Juvenalis_Saturae_6,161,"praestabat castas humilis Fortuna Latinas quondam , ne -c vitiis contingi parva sinebant tecta labor somni -que breves et vellere Tusco vexatae durae -que manus ac proximus urbi Hannibal et stantes Collina turre mariti .",48,11.0,7.0,2,2
D_Iunius_Juvenalis_Saturae_6,162,"nunc patimur longae pacis mala , saevior armis luxuria incubuit victum -que ulciscitur orbem .",36,8.0,2.0,3,3
D_Iunius_Juvenalis_Saturae_6,163,nullum crimen abest facinus -que libidinis ex quo paupertas Romana perit .,39,8.0,5.0,2,3
D_Iunius_Juvenalis_Saturae_6,164,"hinc fluxit ad istos et Sybaris colles , hinc et Rhodos et Miletos atque coronatum et petulans madidum -que Tarentum . (fluxit)",46,10.0,4.0,1,3
D_Iunius_Juvenalis_Saturae_6,165,"prima peregrinos obscena pecunia mores intulit , et turpi fregerunt saecula luxu diuitiae molles .",51,6.0,3.0,2,3
D_Iunius_Juvenalis_Saturae_6,166,quid enim uenus ebria curat ?,40,3.0,2.0,1,1
D_Iunius_Juvenalis_Saturae_6,167,"inguinis et capitis quae sint discrimina , nescit grandia quae mediis iam noctibus ostrea mordet , cum perfusa mero spumant unguenta Falerno , cum bibitur concha , cum iam vertigine tectum ambulat et geminis exsurgit mensa lucernis .",39,11.0,5.0,7,3
D_Iunius_Juvenalis_Saturae_6,168,"I nunc et dubita , qua sorbeat aera sanna Tullia , quid dicat notae collactea Maurae , Maura Pudicitiae veterem cum praeterit aram .",52,7.0,5.0,5,3
D_Iunius_Juvenalis_Saturae_6,169,"noctibus hic ponunt lecticas , micturiunt hic effigiem -que deae longis siphonibus implent in -que vices equitant ac Luna teste moventur ;",47,8.0,3.0,6,2
D_Iunius_Juvenalis_Saturae_6,17,quid quod et antiquis uxor de moribus illi quaeritur ? (est),30,7.0,4.0,1,2
D_Iunius_Juvenalis_Saturae_6,170,inde domos abeunt :,28,2.0,1.0,1,1
D_Iunius_Juvenalis_Saturae_6,171,tu calcas luce reversa coniugis urinam magnos visurus amicos .,44,6.0,2.0,1,1
D_Iunius_Juvenalis_Saturae_6,172,"Nota bonae secreta deae , cum tibia lumbos incitat et cornu pariter vino -que feruntur attonitae crinem -que rotant ululant -que Priapi maenades .",51,10.0,1.0,4,2
D_Iunius_Juvenalis_Saturae_6,173,"o quantus tunc illis mentibus ardor concubitus , quae vox saltante libidine , quantus ille meri veteris per crura madentia torrens ! (est)",44,7.0,5.0,0,0
D_Iunius_Juvenalis_Saturae_6,174,lenonum ancillas posita Saufeia corona provocat ac tollit pendentis praemia coxae ;,42,7.0,2.0,2,1
D_Iunius_Juvenalis_Saturae_6,175,ipsa Medullinae fluctum crisantis adorat :,47,4.0,3.0,1,1
D_Iunius_Juvenalis_Saturae_6,176,"palma inter dominas , virtus natalibus aequa . (est) (est)",30,6.0,0.0,0,0
D_Iunius_Juvenalis_Saturae_6,177,"nil ibi per ludum simulabitur , omnia fient ad verum , quibus incendi iam frigidus aevo Laomedontiades et Nestoris hirnea possit .",54,10.0,6.0,3,5
D_Iunius_Juvenalis_Saturae_6,178,"tunc prurigo morae inpatiens , tum femina simplex , ac pariter toto repetitus clamor ab antro ' iam fas est , admitte uiros . ' (est) (est) [ ]",49,9.0,5.0,2,2
D_Iunius_Juvenalis_Saturae_6,179,"dormitat adulter , illa iubet sumpto iuvenem properare cucullo ;",25,5.0,3.0,2,1
D_Iunius_Juvenalis_Saturae_6,18,"o medici , nimiam pertundite venam , delicias hominis !",10,4.0,2.0,0,0
D_Iunius_Juvenalis_Saturae_6,180,"si nihil est , servis incurritur ;",44,4.0,3.0,2,2
D_Iunius_Juvenalis_Saturae_6,181,"abstuleris spem servorum , veniet conductus aquarius ;",21,5.0,3.0,2,6
D_Iunius_Juvenalis_Saturae_6,182,"hic si quaeritur et desunt homines , mora nulla per ipsam , quo minus imposito clunem summittat asello . (erit)",43,7.0,4.0,3,3
D_Iunius_Juvenalis_Saturae_6,183,atque utinam ritus veteres et publica saltem his intacta malis agerentur sacra !,32,6.0,0.0,1,5
D_Iunius_Juvenalis_Saturae_6,184,"sed omnes noverunt Mauri atque Indi quae psaltria penem maiorem quam sunt duo Caesaris Anticatones illuc , testiculi sibi conscius unde fugit mus , intulerit , ubi velari pictura iubetur quaecumque alterius sexus imitata figuras .",32,15.0,8.0,5,5
D_Iunius_Juvenalis_Saturae_6,185,Et quis tunc hominum contemptor numinis (erat) aut quis simpuvium ridere Numae nigrum -que catinum et Vaticano fragiles de monte patellas ausus erat ?,40,9.0,0.0,1,2
D_Iunius_Juvenalis_Saturae_6,186,sed nunc ad quas non Clodius aras ? (est),52,4.0,0.0,0,0
D_Iunius_Juvenalis_Saturae_6,187,"[ Audio quid veteres olim moneatis amici : "" pone seram , cohibe . "" sed quis custodiet ipsos custodes ?",47,8.0,4.0,5,5
D_Iunius_Juvenalis_Saturae_6,188,cauta est et ab illis incipit uxor . ],24,5.0,3.0,2,1
D_Iunius_Juvenalis_Saturae_6,189,"iam -que eadem summis pariter minimis -que libido , ne -c melior , silicem pedibus quae conterit atrum , quam quae longorum vehitur cervice Syrorum . (est) (est) (est)",36,11.0,0.0,2,2
D_Iunius_Juvenalis_Saturae_6,19,"Tarpeium limen adora pronus et auratam Iunoni caede iuvencam , si tibi contigerit capitis matrona pudici .",30,8.0,2.0,3,6
D_Iunius_Juvenalis_Saturae_6,190,"Ut spectet ludos , conducit Ogulnia vestem , conducit comites sellam cervical amicas nutricem et flavam cui det mandata puellam .",29,9.0,5.0,4,3
D_Iunius_Juvenalis_Saturae_6,191,haec tamen argenti superest quodcumque paterni levibus athletis et vasa novissima donat .,42,7.0,3.0,2,1
D_Iunius_Juvenalis_Saturae_6,192,"multis res angusta domi , sed nulla pudorem paupertatis habet ne -c se metitur ad illum quem dedit haec posuit -que modum . (est)",52,8.0,6.0,4,3
D_Iunius_Juvenalis_Saturae_6,193,"tamen utile quid sit prospiciunt aliquando viri , frigus -que famem -que formica tandem quidam expavere magistra :",47,6.0,3.0,3,3
D_Iunius_Juvenalis_Saturae_6,194,prodiga non sentit pereuntem femina censum .,30,4.0,2.0,1,1
D_Iunius_Juvenalis_Saturae_6,195,"ac velut exhausta redivivus pullulet arca nummus et e pleno tollatur semper acervo , non umquam reputant quanti sibi gaudia constent .",47,8.0,0.0,4,4
D_Iunius_Juvenalis_Saturae_6,196,"In quacumque domo vivit ludit -que professus obscenum , tremula promittit et omnia dextra , invenies omnis turpes similes -que cinaedis . (esse)",50,10.0,6.0,4,5
D_Iunius_Juvenalis_Saturae_6,197,"his violare cibos sacrae -que adsistere mensae permittunt , et vasa iubent frangenda lavari , cum colocyntha bibit vel cum barbata chelidon . (bibit)",22,12.0,6.0,3,3
D_Iunius_Juvenalis_Saturae_6,198,"purior ergo tuis laribus melior -que lanista , in cuius numero longe migrare iubetur psellus ab Eupholio ; (est)",27,9.0,6.0,1,2
D_Iunius_Juvenalis_Saturae_6,199,"quid quod ne -c retia turpi iunguntur tunicae , ne -c cella ponit eadem munimenta umeri pulsatorem -que tridentem qui nudus pugnare solet ? (est)",40,9.0,8.0,3,2
D_Iunius_Juvenalis_Saturae_6,2,"quippe aliter tunc orbe novo caelo -que recenti vivebant homines , qui rupto robore nati compositi -ve luto nullos habuere parentes .",27,10.0,6.0,2,3
D_Iunius_Juvenalis_Saturae_6,20,"paucae adeo Cereris vittas contingere dignae , quarum non timeat pater oscula : (sunt)",16,8.0,4.0,1,3
D_Iunius_Juvenalis_Saturae_6,200,"pars ultima ludi accipit has animas alius -que in carcere nervos , sed tibi communem calicem facit uxor et illis , cum quibus Albanum Surrentinum -que recuset flava ruinosi lupa degustare sepulchri . (accipit)",48,12.0,2.0,3,3
D_Iunius_Juvenalis_Saturae_6,201,"horum consiliis nubunt subitae -que recedunt , his languentem animum servant et seria vitae , his clunem atque latus discunt vibrare magistris , quicquid praeterea scit qui docet .",51,9.0,5.0,6,1
D_Iunius_Juvenalis_Saturae_6,202,haud tamen illi semper habenda fides :,17,3.0,1.0,0,0
D_Iunius_Juvenalis_Saturae_6,203,"oculos fuligine pascit distinctus croceis et reticulatus adulter , suspectus tibi sit quanto vox mollior et quo saepius in teneris haerebit dextera lumbis .",51,10.0,6.0,3,5
D_Iunius_Juvenalis_Saturae_6,204,hic erit in lecto fortissimus : (erit),17,3.0,2.0,1,5
D_Iunius_Juvenalis_Saturae_6,206,""" quem rides ?",20,2.0,1.0,1,1
D_Iunius_Juvenalis_Saturae_6,207,aliis hunc mimum ! (salta),15,3.0,2.0,0,0
D_Iunius_Juvenalis_Saturae_6,208,sponsio fiat :,24,1.0,1.0,1,3
D_Iunius_Juvenalis_Saturae_6,209,purum te contendo virum . (esse),9,3.0,0.0,1,1
D_Iunius_Juvenalis_Saturae_6,21,necte coronam postibus et densos per limina tende corymbos .,42,5.0,3.0,2,2
D_Iunius_Juvenalis_Saturae_6,211,"an vocat ancillas tortoris pergula ? """,29,4.0,3.0,1,1
D_Iunius_Juvenalis_Saturae_6,212,"Novi consilia et veteres quaecumque monetis amici : "" pone seram , cohibe . sed quis custodiat ipsos custodes , qui nunc lascivae furta puellae hac mercede silent ?",22,13.0,5.0,6,3
D_Iunius_Juvenalis_Saturae_6,213,crimen commune tacetur :,9,2.0,2.0,1,2
D_Iunius_Juvenalis_Saturae_6,214,prospicit hoc prudens et ab illis incipit uxor ....,34,5.0,3.0,2,1
D_Iunius_Juvenalis_Saturae_6,215,Sunt quas eunuchi inbelles ac mollia semper oscula delectent et desperatio barbae et quod abortivo non est opus .,51,8.0,0.0,3,3
D_Iunius_Juvenalis_Saturae_6,216,"illa voluptas summa tamen , quom iam calida matura iuventa inguina traduntur medicis , iam pectine nigro . (est)",51,8.0,1.0,1,2
D_Iunius_Juvenalis_Saturae_6,217,"ergo expectatos ac iussos crescere primum testiculos , postquam coeperunt esse bilibres , tonsoris damno tantum rapit Heliodorus .",32,7.0,3.0,2,3
D_Iunius_Juvenalis_Saturae_6,218,"mangonum pueros vera ac miserabilis urit debilitas , follis -que pudet ciceris -que relicti .",32,8.0,1.0,2,1
D_Iunius_Juvenalis_Saturae_6,219,conspicuus longe cunctis -que notabilis intrat balnea ne -c dubie custodem vitis et horti provocat a domina factus spado .,54,8.0,4.0,2,1
D_Iunius_Juvenalis_Saturae_6,22,unus Hiberinae vir sufficit ?,9,3.0,1.0,1,1
D_Iunius_Juvenalis_Saturae_6,220,"dormiat ille cum domina , sed tu iam durum , Postume , iam -que tondendum eunucho Bromium committere noli .",33,9.0,3.0,2,3
D_Iunius_Juvenalis_Saturae_6,221,"Si gaudet cantu , nullius fibula durat vocem vendentis praetoribus , organa semper in manibus , densi radiant testudine tota sardonyches ; (est)",20,8.0,3.0,3,1
D_Iunius_Juvenalis_Saturae_6,222,"crispo numerantur pectine chordae , quo tener Hedymeles operas dedit :",24,5.0,1.0,2,3
D_Iunius_Juvenalis_Saturae_6,223,"hunc tenet , hoc se solatur , grato -que indulget basia plectro .",29,5.0,2.0,3,2
D_Iunius_Juvenalis_Saturae_6,224,"quaedam de numero Lamiarum ac nominis Appi et farre et vino Ianum Vestam -que rogabat , an Capitolinam deberet Pollio quercum sperare et fidibus promittere .",32,10.0,5.0,2,4
D_Iunius_Juvenalis_Saturae_6,225,"quid faceret plus aegrotante viro , medicis quid tristibus erga filiolum ? (feceret)",54,8.0,5.0,1,4
D_Iunius_Juvenalis_Saturae_6,226,"stetit ante aram ne -c turpe putavit pro cithara velare caput dictata -que verba pertulit , ut mos est , et aperta palluit agna . (esse)",52,11.0,4.0,5,3
D_Iunius_Juvenalis_Saturae_6,227,"dic mihi nunc quaeso , dic , antiquissime divom , respondes his , Iane pater ?",30,6.0,4.0,4,2
D_Iunius_Juvenalis_Saturae_6,228,magna otia caeli ; (sunt),27,2.0,0.0,0,0
D_Iunius_Juvenalis_Saturae_6,229,"non est , quod video , non est quod agatur apud vos .",47,7.0,5.0,4,4
D_Iunius_Juvenalis_Saturae_6,23,"ocius illud extorquebis , ut haec oculo contenta sit uno .",29,7.0,6.0,2,5
D_Iunius_Juvenalis_Saturae_6,230,"haec de comoedis te consulit , illa tragoedum commendare volet , varicosus fiet haruspex .",24,6.0,3.0,3,5
D_Iunius_Juvenalis_Saturae_6,231,Sed cantet potius quam totam pervolet urbem audax et coetus possit quae ferre virorum cum -que paludatis ducibus praesente marito ipsa loqui recta facie siccis -que mamillis .,50,10.0,10.0,3,3
D_Iunius_Juvenalis_Saturae_6,232,"haec eadem novit quid toto fiat in orbe , quid Seres , quid Thraces agant , secreta novercae et pueri , quis amet , quis diripiatur adulter ; (agant)",31,7.0,4.0,5,4
D_Iunius_Juvenalis_Saturae_6,233,"dicet quis viduam praegnatem fecerit et quo mense , quibus verbis concumbat quaeque , modis quot . (concumbat) (fecerit)",52,8.0,0.0,3,5
D_Iunius_Juvenalis_Saturae_6,234,instantem regi Armenio Partho -que cometen prima videt .,8,6.0,1.0,1,1
D_Iunius_Juvenalis_Saturae_6,235,"famam rumores -que illa recentis excipit ad portas , quosdam facit ;",14,6.0,2.0,2,1
D_Iunius_Juvenalis_Saturae_6,236,"isse Niphaten in populos magno -que illic cuncta arva teneri diluvio , nutare urbes , subsidere terras quocumque in trivio cuicumque est obvia , narrat .",54,10.0,1.0,2,1
D_Iunius_Juvenalis_Saturae_6,237,Ne -c tamen id vitium magis intolerabile quam quae vicinos humiles rapere et concidere loris exsecrata solet . (est) (est),46,9.0,0.0,1,1
D_Iunius_Juvenalis_Saturae_6,238,"nam si latratibus alti rumpuntur somni , "" fustes huc ocius , "" inquit , "" adferte "" atque illis dominum iubet ante feriri , deinde canem . (iubet feriri)",32,8.0,4.0,4,2
D_Iunius_Juvenalis_Saturae_6,239,"gravis occursu , taeterrima vultu balnea nocte subit , conchas et castra moveri nocte iubet , magno gaudet sudare tumultu , cum lassata gravi ceciderunt bracchia massa , callidus et cristae digitos inpressit aliptes ac summum dominae femur exclamare coegit .",32,13.0,6.0,5,3
D_Iunius_Juvenalis_Saturae_6,24,magna tamen fama est cuiusdam rure paterno viventis .,38,6.0,5.0,1,1
D_Iunius_Juvenalis_Saturae_6,240,convivae miseri interea somno -que fame -que urguentur .,47,4.0,2.0,1,2
D_Iunius_Juvenalis_Saturae_6,241,"tandem illa venit rubicundula , totum oenophorum sitiens , plena quod tenditur urna admotum pedibus , de quo sextarius alter ducitur ante cibum rabidam facturus orexim , dum redit et loto terram ferit intestino .",36,12.0,8.0,5,2
D_Iunius_Juvenalis_Saturae_6,243,"nam sic tamquam alta in dolia longus deciderit serpens , bibit et vomit .",48,6.0,4.0,3,5
D_Iunius_Juvenalis_Saturae_6,244,ergo maritus nauseat atque oculis bilem substringit opertis .,32,4.0,2.0,1,1
D_Iunius_Juvenalis_Saturae_6,245,"Illa tamen gravior , quae cum discumbere coepit , laudat Vergilium , periturae ignoscit Elissae , committit vates et comparat , inde Maronem atque alia parte in trutina suspendit Homerum . (est) (suspendit)",40,7.0,6.0,6,1
D_Iunius_Juvenalis_Saturae_6,246,"cedunt grammatici , vincuntur rhetores , omnis turba tacet , ne -c causidicus ne -c praeco loquetur , altera ne -c mulier . (loquetur) (loquetur)",49,7.0,3.0,4,5
D_Iunius_Juvenalis_Saturae_6,247,"verborum tanta cadit vis , tot pariter pelves ac tintinnabula dicas pulsari ,",54,6.0,0.0,2,3
D_Iunius_Juvenalis_Saturae_6,248,"iam nemo tubas , nemo aera fatiget : (fatiget)",13,4.0,2.0,1,3
D_Iunius_Juvenalis_Saturae_6,249,una laboranti poterit succurrere Lunae .,11,4.0,1.0,1,5
D_Iunius_Juvenalis_Saturae_6,25,"vivat Gabiis ut vixit in agro , vivat Fidenis , et agello cedo paterno .",49,8.0,3.0,4,3
D_Iunius_Juvenalis_Saturae_6,250,inponit finem sapiens et rebus honestis ;,52,3.0,2.0,0,0
D_Iunius_Juvenalis_Saturae_6,251,"nam quae docta nimis cupit et facunda videri , crure tenus medio tunicas succingere debet , caedere Silvano porcum , quadrante lavari .",19,10.0,3.0,2,1
D_Iunius_Juvenalis_Saturae_6,252,"non habeat matrona , tibi quae iuncta recumbit , dicendi genus aut curvum sermone rotato torqueat enthymema , ne -c historias sciat omnes , sed quaedam ex libris et non intellegat ;",34,11.0,5.0,5,3
D_Iunius_Juvenalis_Saturae_6,253,odi hanc ego quae repetit volvit -que Palaemonis artem servata semper lege et ratione loquendi ignotos -que mihi tenet antiquaria versus ne -c curanda viris .,54,9.0,6.0,4,3
D_Iunius_Juvenalis_Saturae_6,254,opicae castiget amicae verba .,10,3.0,0.0,1,3
D_Iunius_Juvenalis_Saturae_6,255,soloecismum liceat fecisse marito .,49,3.0,1.0,1,3
D_Iunius_Juvenalis_Saturae_6,256,"Nil non permittit mulier sibi , turpe putat nil , cum virides gemmas collo circumdedit et cum auribus extentis magnos commisit elenchos ; (esse)",47,8.0,5.0,4,3
D_Iunius_Juvenalis_Saturae_6,257,intolerabilis nihil est quam femina dives . (est),44,6.0,5.0,1,1
D_Iunius_Juvenalis_Saturae_6,258,"interea foeda aspectu ridenda -que multo pane tumet facies aut pinguia Poppaeana spirat , et hinc miseri viscantur labra mariti :",20,8.0,2.0,3,2
D_Iunius_Juvenalis_Saturae_6,259,ad moechum lota veniunt cute .,14,4.0,2.0,1,1
D_Iunius_Juvenalis_Saturae_6,26,quis tamen adfirmat nil actum in montibus aut in speluncis ?,44,5.0,4.0,1,1
D_Iunius_Juvenalis_Saturae_6,260,quando videri vult formosa domi ?,29,3.0,2.0,1,1
D_Iunius_Juvenalis_Saturae_6,261,"moechis foliata parantur , his emitur quidquid graciles huc mittitis Indi .",51,6.0,4.0,3,2
D_Iunius_Juvenalis_Saturae_6,262,tandem aperit vultum et tectoria prima reponit ;,20,5.0,3.0,2,1
D_Iunius_Juvenalis_Saturae_6,263,"incipit agnosci , atque illo lacte fovetur propter quod se cum comites educat asellas exul Hyperboreum si dimittetur ad axem . [ ]",38,10.0,2.0,4,5
D_Iunius_Juvenalis_Saturae_6,264,"sed quae mutatis inducitur atque fovetur tot medicaminibus coctae -que siliginis offas accipit et madidae , facies dicetur an ulcus ?",32,8.0,0.0,4,5
D_Iunius_Juvenalis_Saturae_6,265,Est pretium curae penitus cognoscere toto quid faciant agitent -que die .,18,6.0,5.0,3,3
D_Iunius_Juvenalis_Saturae_6,266,"si nocte maritus aversus iacuit , periit libraria , ponunt cosmetae tunicas , tarde venisse Liburnus dicitur et poenas alieni pendere somni cogitur .",44,10.0,4.0,5,3
D_Iunius_Juvenalis_Saturae_6,267,"hic frangit ferulas , rubet ille flagello , hic scutica ; (rubet)",22,5.0,3.0,2,1
D_Iunius_Juvenalis_Saturae_6,268,sunt quae tortoribus annua praestent .,17,2.0,0.0,2,3
D_Iunius_Juvenalis_Saturae_6,269,"verberat atque obiter faciem linit , audit amicas , aut latum pictae vestis considerat aurum , et caedit , longi relegit transversa diurni et caedit , donec lassis caedentibus "" exi "" intonet horrendum iam cognitione peracta . [ ]",53,11.0,3.0,8,3
D_Iunius_Juvenalis_Saturae_6,27,adeo senuerunt Iuppiter et Mars ?,19,3.0,2.0,1,3
D_Iunius_Juvenalis_Saturae_6,270,Praefectura domus Sicula non mitior aula ; (est),1,5.0,2.0,0,0
D_Iunius_Juvenalis_Saturae_6,271,"nam si constituit solito -que decentius optat ornari et properat iam -que experiatur in hortis aut aput Isiacae potius sacraria lenae , disponit crinem laceratis ipsa capillis nuda umero Psecas infelix nudis -que mamillis .",52,13.0,7.0,5,4
D_Iunius_Juvenalis_Saturae_6,272,""" altior hic quare cincinnus ? (est) """,15,3.0,2.0,0,0
D_Iunius_Juvenalis_Saturae_6,273,taurea punit continuo flexi crimen facinus -que capilli .,19,4.0,2.0,1,1
D_Iunius_Juvenalis_Saturae_6,274,quid Psecas admisit ?,5,2.0,1.0,1,3
D_Iunius_Juvenalis_Saturae_6,275,"quaenam est hic culpa puellae , si tibi displicuit nasus tuus ?",17,6.0,1.0,2,3
D_Iunius_Juvenalis_Saturae_6,276,altera laevum extendit pectit -que comas et volvit in orbem .,54,5.0,3.0,2,1
D_Iunius_Juvenalis_Saturae_6,277,est in consilio materna admota -que lanis emerita quae cessat acu ;,35,7.0,2.0,2,1
D_Iunius_Juvenalis_Saturae_6,278,"sententia prima huius erit , post hanc aetate atque arte minores censebunt , tamquam famae discrimen agatur aut animae :",49,9.0,3.0,3,5
D_Iunius_Juvenalis_Saturae_6,279,tanta est quaerendi cura decoris .,17,4.0,1.0,1,1
D_Iunius_Juvenalis_Saturae_6,28,Porticibus -ne tibi monstratur femina voto digna tuo ?,46,5.0,4.0,1,2
D_Iunius_Juvenalis_Saturae_6,280,"tot premit ordinibus , tot adhuc conpagibus altum aedificat caput ;",32,6.0,2.0,2,1
D_Iunius_Juvenalis_Saturae_6,281,"Andromachen a fronte videbis , post minor est , credas aliam . (esse)",17,7.0,4.0,3,5
D_Iunius_Juvenalis_Saturae_6,282,cedo si breve parvi sortita est lateris spatium brevior -que videtur virgine Pygmaea nullis adiuta cothurnis et levis erecta consurgit ad oscula planta .,49,8.0,6.0,4,2
D_Iunius_Juvenalis_Saturae_6,283,nulla viri cura interea ne -c mentio fiet damnorum . (est),34,6.0,0.0,1,5
D_Iunius_Juvenalis_Saturae_6,284,"vivit tamquam vicina mariti , hoc solo propior quod amicos coniugis odit et servos , gravis est rationibus . (sit) [ ]",54,11.0,4.0,4,3
D_Iunius_Juvenalis_Saturae_6,285,"Ecce furentis Bellonae matris -que deum chorus intrat et ingens semivir , obscaeno facies reverenda minori , mollia qui rapta secuit genitalia testa iam pridem , cui rauca cohors , cui tympana cedunt , plebeia et Phrygia vestitur bucca tiara . (cedunt)",51,10.0,6.0,4,3
D_Iunius_Juvenalis_Saturae_6,286,"grande sonat metui -que iubet Septembris et Austri adventum , ni -si se centum lustraverit ovis et xerampelinas veteres donaverit ipsi , ut quidquid subiti et magni discriminis instat in tunicas eat et totum semel expiet annum .",51,14.0,7.0,7,6
D_Iunius_Juvenalis_Saturae_6,287,"hibernum fracta glacie descendet in amnem , ter matutino Tiberi mergetur et ipsis verticibus timidum caput abluet , inde superbi totum regis agrum nuda ac tremibunda cruentis erepet genibus ;",51,8.0,3.0,4,5
D_Iunius_Juvenalis_Saturae_6,288,"si candida iusserit Io , ibit ad Aegypti finem calida -que petitas a Meroe portabit aquas ut spargat in aede Isidis , antiquo quae proxima surgit ovili .",31,15.0,7.0,5,6
D_Iunius_Juvenalis_Saturae_6,289,credit enim ipsius dominae se voce moneri :,17,5.0,2.0,1,1
D_Iunius_Juvenalis_Saturae_6,29,cuneis an habent spectacula totis quod securus ames quod -que inde excerpere possis ?,29,6.0,0.0,3,3
D_Iunius_Juvenalis_Saturae_6,290,en animam et mentem cum qua di nocte loquantur !,44,5.0,4.0,1,4
D_Iunius_Juvenalis_Saturae_6,291,"ergo hic praecipuum summum -que meretur honorem , qui grege linigero circumdatus et grege calvo plangentis populi currit derisor Anubis . [ ]",43,11.0,5.0,2,2
D_Iunius_Juvenalis_Saturae_6,292,"ille petit veniam , quotiens non abstinet uxor concubitu sacris observandis -que diebus magna -que debetur violato poena cadurco et movisse caput visa est argentea serpens ;",48,10.0,3.0,4,2
D_Iunius_Juvenalis_Saturae_6,293,"illius lacrimae meditata -que murmura praestant ut veniam culpae non abnuat , ansere magno scilicet et tenui popano corruptus , Osiris .",45,9.0,4.0,2,3
D_Iunius_Juvenalis_Saturae_6,294,"Cum dedit ille locum , cophino faeno -que relicto arcanam Iudaea tremens mendicat in aurem , interpres legum Solymarum et magna sacerdos arboris ac summi fida internuntia caeli .",45,9.0,4.0,2,3
D_Iunius_Juvenalis_Saturae_6,295,"implet et illa manum , sed parcius ; (implet)",20,4.0,2.0,1,1
D_Iunius_Juvenalis_Saturae_6,296,aere minuto qualiacumque voles Iudaei somnia vendunt .,40,5.0,2.0,2,5
D_Iunius_Juvenalis_Saturae_6,297,Spondet amatorem tenerum vel divitis orbi testamentum ingens calidae pulmone columbae tractato Armenius vel Commagenus haruspex ;,30,8.0,2.0,1,1
D_Iunius_Juvenalis_Saturae_6,298,"pectora pullorum rimabitur , exta catelli , interdum et pueri ; (rimabitur exta)",43,6.0,2.0,0,0
D_Iunius_Juvenalis_Saturae_6,299,faciet quod deferat ipse .,15,2.0,0.0,2,5
D_Iunius_Juvenalis_Saturae_6,3,"multa Pudicitiae veteris vestigia forsan aut aliqua exstiterint et sub Iove , sed Iove nondum barbato , nondum Graecis iurare paratis per caput alterius , cum furem nemo timeret caulibus et pomis , et aperto viveret horto . (existerint)",35,11.0,3.0,3,5
D_Iunius_Juvenalis_Saturae_6,30,"chironomon Ledam molli saltante Bathyllo Tuccia vesicae non imperat , Apula gannit sicut in amplexu subito et miserabile longum . (gannit) [ ]",51,8.0,5.0,2,1
D_Iunius_Juvenalis_Saturae_6,300,Chaldaeis sed maior erit fiducia :,17,2.0,0.0,1,5
D_Iunius_Juvenalis_Saturae_6,301,"quidquid dixerit astrologus , credent a fonte relatum Hammonis , quoniam Delphis oracula cessant et genus humanum damnat caligo futuri .",51,9.0,1.0,4,6
D_Iunius_Juvenalis_Saturae_6,302,"praecipuus tamen est horum , qui saepius exul , [ cuius amicitia conducenda -que tabella magnus civis obit et formidatus Othoni . (erat) ]",17,9.0,6.0,2,3
D_Iunius_Juvenalis_Saturae_6,303,"inde fides artis , sonuit si dextera ferro laeva -que , si longe castrorum in carcere mansit . (est)",48,9.0,4.0,2,3
D_Iunius_Juvenalis_Saturae_6,304,"nemo mathematicus genium indemnatus habebit , sed qui paene perit , cui vix in Cyclada mitti contigit et parva tandem caruisse Seripho . (habebit)",30,10.0,1.0,3,5
D_Iunius_Juvenalis_Saturae_6,305,"Consulit ictericae lento de funere matris , ante tamen de te Tanaquil tua , quando sororem efferat et patruos , an sit victurus adulter post ipsam : (consuluit)",29,11.0,6.0,3,3
D_Iunius_Juvenalis_Saturae_6,306,quid enim maius dare numina possunt ?,17,4.0,1.0,1,1
D_Iunius_Juvenalis_Saturae_6,307,"haec tamen ignorat quid sidus triste minetur Saturni , quo laeta Venus se proferat astro , quis mensis damnis , quae dentur tempora lucro : (detur)",49,7.0,4.0,4,4
D_Iunius_Juvenalis_Saturae_6,308,"illius occursus etiam vitare memento , in cuius manibus ceu pinguia sucina tritas cernis ephemeridas , quae nullum consulit et iam consulitur , quae castra viro patriam -que petente non ibit pariter numeris revocata Thrasylli . (teruntur)",41,12.0,0.0,4,5
D_Iunius_Juvenalis_Saturae_6,309,"ad primum lapidem vectari cum placet , hora sumitur ex libro ;",25,8.0,2.0,2,2
D_Iunius_Juvenalis_Saturae_6,310,"si prurit frictus ocelli angulus , inspecta genesi collyria poscit ;",13,6.0,4.0,2,1
D_Iunius_Juvenalis_Saturae_6,311,"aegra licet iaceat , capiendo nulla videtur aptior hora cibo ni -si quam dederit Petosiris . (est) (esse)",49,8.0,2.0,4,5
D_Iunius_Juvenalis_Saturae_6,312,"Si mediocris erit , spatium lustrabit utrimque metarum et sortes ducet frontem -que manum -que praebebit vati crebrum poppysma roganti .",53,9.0,4.0,4,5
D_Iunius_Juvenalis_Saturae_6,313,"divitibus responsa dabit Phryx augur et inde conductus , dabit astrorum mundi -que peritus atque aliquis senior qui publica fulgura condit :",40,11.0,6.0,3,5
D_Iunius_Juvenalis_Saturae_6,314,plebeium in circo positum est et in aggere fatum ;,40,5.0,1.0,1,1
D_Iunius_Juvenalis_Saturae_6,315,quae nudis longum ostendit cervicibus aurum consulit ante falas delphinorum -que columnas an saga vendenti nubat caupone relicto .,41,8.0,4.0,3,3
D_Iunius_Juvenalis_Saturae_6,316,"Hae tamen et partus subeunt discrimen et omnis nutricis tolerant Fortuna urguente labores , sed iacet aurato vix ulla puerpera lecto .",27,8.0,3.0,3,1
D_Iunius_Juvenalis_Saturae_6,317,"tantum artes huius , tantum medicamina possunt , quae steriles facit atque homines in ventre necandos conducit . (possunt)",43,11.0,0.0,3,1
D_Iunius_Juvenalis_Saturae_6,318,"gaude , infelix , atque ipse bibendum porrige quidquid erit ;",51,5.0,3.0,3,5
D_Iunius_Juvenalis_Saturae_6,319,"nam si distendere vellet et vexare uterum pueris salientibus , esses Aethiopis fortasse pater , mox decolor heres impleret tabulas numquam tibi mane videndus .",27,9.0,4.0,5,4
D_Iunius_Juvenalis_Saturae_6,32,Thymele tunc rustica discit .,18,3.0,2.0,1,1
D_Iunius_Juvenalis_Saturae_6,320,"Transeo suppositos et gaudia vota -que saepe ad spurcos decepta lacus , atque inde petitos pontifices , Salios Scaurorum nomina falso corpore laturos .",46,11.0,0.0,1,1
D_Iunius_Juvenalis_Saturae_6,321,stat Fortuna inproba noctu adridens nudis infantibus ;,45,5.0,4.0,1,1
D_Iunius_Juvenalis_Saturae_6,322,"hos fovet omni involvit -que sinu , domibus tunc porrigit altis secretum -que sibi mimum parat ;",19,8.0,3.0,4,1
D_Iunius_Juvenalis_Saturae_6,323,"hos amat , his se ingerit ut -que suos semper producit alumnos . (producit)",29,6.0,4.0,3,1
D_Iunius_Juvenalis_Saturae_6,324,"Hic magicos adfert cantus , hic Thessala vendit philtra , quibus valeat mentem vexare mariti et solea pulsare natis :",44,10.0,6.0,3,3
D_Iunius_Juvenalis_Saturae_6,325,"quod desipis , inde est , inde animi caligo et magna oblivio rerum quas modo gessisti . (est)",28,10.0,6.0,3,3
D_Iunius_Juvenalis_Saturae_6,326,"tamen hoc tolerabile , si non [ semper aquam portes rimosa ad dolia , semper istud onus subeas ipsis manantibus urnis , quo rabidus nostro Phalarim de rege dedisti , ] et furere incipias ut avunculus ille Neronis , cui totam tremuli frontem Caesonia pulli infudit . (est) (furuit)",45,15.0,11.0,5,3
D_Iunius_Juvenalis_Saturae_6,327,quae non faciet quod principis uxor ? (fecit),13,4.0,3.0,1,5
D_Iunius_Juvenalis_Saturae_6,328,"ardebant cuncta et fracta conpage ruebant , non aliter quam si fecisset Iuno maritum insanum . (ruissent)",54,9.0,6.0,3,6
D_Iunius_Juvenalis_Saturae_6,329,"minus ergo nocens erit Agrippinae boletus , siquidem unius praecordia pressit ille senis tremulum -que caput descendere iussit in caelum et longa manantia labra saliva .",27,10.0,2.0,3,5
D_Iunius_Juvenalis_Saturae_6,33,"Ast aliae , quotiens aulaea recondita cessant et vacuo cluso -que sonant fora sola theatro , atque a plebeis longe Megalesia , tristes personam thyrsum -que tenent et subligar Acci . (absunt)",45,9.0,0.0,3,1
D_Iunius_Juvenalis_Saturae_6,330,"haec poscit ferrum atque ignes , haec potio torquet , haec lacerat mixtos equitum cum sanguine patres .",32,9.0,4.0,3,1
D_Iunius_Juvenalis_Saturae_6,331,"tanti partus equae , tanti una venefica constat . (constat)",12,6.0,0.0,1,1
D_Iunius_Juvenalis_Saturae_6,332,Oderunt natos de paelice :,54,3.0,3.0,1,3
D_Iunius_Juvenalis_Saturae_6,333,"nemo repugnet , nemo vetet , iam iam privignum occidere fas est .",49,5.0,3.0,3,3
D_Iunius_Juvenalis_Saturae_6,334,"vos ego , pupilli , moneo , quibus amplior est res , custodite animas et nulli credite mensae :",46,7.0,3.0,4,2
D_Iunius_Juvenalis_Saturae_6,335,livida materno fervent adipata veneno .,48,4.0,0.0,1,1
D_Iunius_Juvenalis_Saturae_6,336,"mordeat ante aliquis quidquid porrexerit illa quae peperit , timidus praegustet pocula papas .",51,8.0,5.0,4,6
D_Iunius_Juvenalis_Saturae_6,337,"Fingimus haec altum satura sumente cothurnum scilicet , et finem egressi legem -que priorum grande Sophocleo carmen bacchamur hiatu , montibus ignotum Rutulis caelo -que Latino ?",36,10.0,6.0,2,2
D_Iunius_Juvenalis_Saturae_6,339,"sed clamat Pontia "" feci , confiteor , pueris -que meis aconita paravi , quae deprensa patent ;",13,6.0,5.0,5,3
D_Iunius_Juvenalis_Saturae_6,340,"facinus tamen ipsa peregi . """,53,2.0,1.0,1,3
D_Iunius_Juvenalis_Saturae_6,341,"tu ne duos una , saevissima vipera , cena ? (necavisti)",35,4.0,2.0,0,0
D_Iunius_Juvenalis_Saturae_6,342,tu -ne duos ? (necavisti),34,2.0,1.0,0,0
D_Iunius_Juvenalis_Saturae_6,343,""" septem , si septem forte fuissent ! "" (necavissem)",17,4.0,1.0,1,6
D_Iunius_Juvenalis_Saturae_6,344,Credamus tragicis quidquid de Colchide torva dicitur et Procne ;,51,6.0,5.0,2,3
D_Iunius_Juvenalis_Saturae_6,345,nil contra conor .,44,2.0,1.0,1,2
D_Iunius_Juvenalis_Saturae_6,346,"et illae grandia monstra suis audebant temporibus , sed non propter nummos ; (audebant)",40,6.0,0.0,1,2
D_Iunius_Juvenalis_Saturae_6,347,"minor admiratio summis debetur monstris , quotiens facit ira nocentes hunc sexum et rabie iecur incendente feruntur praecipites , ut saxa iugis abrupta , quibus mons subtrahitur clivo -que latus pendente recedit : (feruntur)",51,13.0,2.0,5,2
D_Iunius_Juvenalis_Saturae_6,348,"illam ego non tulerim , quae conputat et scelus ingens sana facit ;",47,5.0,4.0,3,5
D_Iunius_Juvenalis_Saturae_6,349,"spectant subeuntem fata mariti Alcestim et , similis si permutatio detur , morte viri cupiant animam servare catellae .",50,10.0,5.0,3,4
D_Iunius_Juvenalis_Saturae_6,35,"hunc diligit Aelia pauper , solvitur his magno comoedi fibula , sunt quae Chrysogonum cantare vetent , Hispulla tragoedo gaudet :",44,6.0,3.0,5,3
D_Iunius_Juvenalis_Saturae_6,350,"occurrent multae tibi Belides atque Eriphylae mane , Clytaemestram nullus non vicus habebit .",32,6.0,3.0,2,5
D_Iunius_Juvenalis_Saturae_6,351,"hoc tantum refert , quod Tyndaris illa bipennem insulsam et fatuam dextra laeva -que tenebat ; at nunc res agitur tenui pulmone rubetae , sed tamen et ferro , si praegustarit Atrides Pontica ter uicti cautus medicamina regis . (agitur)",51,12.0,0.0,4,5
D_Iunius_Juvenalis_Saturae_6,36,an expectas ut Quintilianus ametur ?,29,4.0,4.0,2,4
D_Iunius_Juvenalis_Saturae_6,37,accipis uxorem de qua citharoedus Echion aut Glaphyrus fiat pater Ambrosius -que choraules . (fiat),24,7.0,5.0,2,3
D_Iunius_Juvenalis_Saturae_6,38,"longa per angustos figamus pulpita vicos , ornentur postes et grandi ianua lauro , ut testudineo tibi , Lentule , conopeo nobilis Euryalum aut murmillonem exprimat infans .",52,8.0,3.0,3,4
D_Iunius_Juvenalis_Saturae_6,39,"Nupta senatori comitata est Eppia ludum ad Pharon et Nilum famosa -que moenia Lagi , prodigia et mores urbis damnante Canopo .",44,7.0,4.0,1,1
D_Iunius_Juvenalis_Saturae_6,4,"paulatim deinde ad superos Astraea recessit hac comite , atque duae pariter fugere sorores .",51,6.0,2.0,2,3
D_Iunius_Juvenalis_Saturae_6,40,"inmemor illa domus et coniugis atque sororis nil patriae indulsit , plorantis -que improba natos , ut -que magis stupeas , ludos Paridem -que reliquit . (reliquit)",45,11.0,4.0,3,3
D_Iunius_Juvenalis_Saturae_6,41,"sed quamquam in magnis opibus pluma -que paterna et segmentatis dormisset parvula cunis , contempsit pelagus ;",40,8.0,0.0,2,6
D_Iunius_Juvenalis_Saturae_6,42,"famam contempserat olim , cuius apud molles minima est iactura cathedras .",51,6.0,5.0,2,4
D_Iunius_Juvenalis_Saturae_6,43,"Tyrrhenos igitur fluctus late -que sonantem pertulit Ionium constanti pectore , quamvis mutandum totiens esset mare .",47,7.0,2.0,2,4
D_Iunius_Juvenalis_Saturae_6,44,"iusta pericli si ratio est et honesta , timent pavido -que gelantur pectore ne -c tremulis possunt insistere plantis :",43,10.0,2.0,4,2
D_Iunius_Juvenalis_Saturae_6,45,fortem animum praestant rebus quas turpiter audent .,40,5.0,3.0,2,1
D_Iunius_Juvenalis_Saturae_6,46,"si iubeat coniunx , durum est conscendere navem ;",17,5.0,3.0,2,3
D_Iunius_Juvenalis_Saturae_6,47,"tunc sentina gravis , tunc summus vertitur aer . (est)",17,5.0,0.0,1,2
D_Iunius_Juvenalis_Saturae_6,48,"quae moechum sequitur , stomacho valet .",36,3.0,1.0,2,2
D_Iunius_Juvenalis_Saturae_6,49,"illa maritum convomit , haec inter nautas et prandet et errat per puppem et duros gaudet tractare rudentis .",15,7.0,4.0,4,1
D_Iunius_Juvenalis_Saturae_6,5,"Anticum et vetus est alienum , Postume , lectum concutere atque sacri genium contemnere fulcri .",40,7.0,3.0,1,1
D_Iunius_Juvenalis_Saturae_6,50,"Qua tamen exarsit forma , qua capta iuventa Eppia ?",17,6.0,1.0,1,3
D_Iunius_Juvenalis_Saturae_6,51,quid vidit propter quod ludia dici sustinuit ?,29,4.0,4.0,2,3
D_Iunius_Juvenalis_Saturae_6,52,nam Sergiolus iam radere guttur coeperat et secto requiem sperare lacerto ;,22,5.0,4.0,1,4
D_Iunius_Juvenalis_Saturae_6,53,"praeterea multa in facie deformia , sicut attritus galea mediis -que in naribus ingens gibbus , et acre malum semper stillantis ocelli , sed gladiator erat . (sunt) (sunt)",29,12.0,2.0,1,2
D_Iunius_Juvenalis_Saturae_6,54,facit hoc illos Hyacinthos ;,15,2.0,1.0,1,1
D_Iunius_Juvenalis_Saturae_6,55,"hoc pueris patriae -que , hoc praetulit illa sorori atque viro . (praetulit)",32,6.0,0.0,1,3
D_Iunius_Juvenalis_Saturae_6,56,ferrum est quod amant .,32,3.0,2.0,2,1
D_Iunius_Juvenalis_Saturae_6,57,hic Sergius idem accepta rude coepisset Veiento videri .,31,4.0,2.0,1,6
D_Iunius_Juvenalis_Saturae_6,58,"Quid privata domus , quid fecerit Eppia , curas ? (fecerit)",43,5.0,3.0,2,5
D_Iunius_Juvenalis_Saturae_6,59,"respice rivales divorum , Claudius audi quae tulerit :",13,6.0,3.0,3,5
D_Iunius_Juvenalis_Saturae_6,6,omne aliud crimen mox ferrea protulit aetas :,49,4.0,2.0,1,3
D_Iunius_Juvenalis_Saturae_6,60,"dormire virum cum senserat uxor , ausa Palatino tegetem praeferre cubili , sumere nocturnos meretrix Augusta cucullos linquebat comite ancilla non amplius una . [ ]",53,10.0,6.0,2,4
D_Iunius_Juvenalis_Saturae_6,61,sed nigrum flavo crinem abscondente galero intravit calidum veteri centone lupanar et cellam vacuam atque suam ;,32,7.0,0.0,1,3
D_Iunius_Juvenalis_Saturae_6,62,"tunc nuda papillis prostitit auratis titulum mentita Lyciscae ostendit -que tuum , generose Britannice , ventrem .",11,8.0,5.0,2,3
D_Iunius_Juvenalis_Saturae_6,63,excepit blanda intrantis atque aera poposcit .,32,4.0,2.0,2,3
D_Iunius_Juvenalis_Saturae_6,64,[ continue -que iacens cunctorum absorbuit ictus .,54,3.0,0.0,1,3
D_Iunius_Juvenalis_Saturae_6,65,"] mox lenone suas iam dimittente puellas tristis abit , et quod potuit tamen ultima cellam clausit , adhuc ardens rigidae tentigine volvae , et lassata viris necdum satiata recessit , obscuris -que genis turpis fumo -que lucernae foeda lupanaris tulit ad pulvinar odorem . [ ] (facere)",51,13.0,5.0,5,3
D_Iunius_Juvenalis_Saturae_6,66,Hippomanes carmen -que loquar coctum -que venenum privigno -que datum ?,48,5.0,0.0,1,4
D_Iunius_Juvenalis_Saturae_6,67,faciunt graviora coactae imperio sexus minimum -que libidine peccant .,32,5.0,3.0,2,1
D_Iunius_Juvenalis_Saturae_6,68,""" Optima sed quare Censennia teste marito ? "" (est)",13,4.0,3.0,0,0
D_Iunius_Juvenalis_Saturae_6,69,bis quingena dedit .,51,2.0,0.0,1,3
D_Iunius_Juvenalis_Saturae_6,7,viderunt primos argentea saecula moechos .,49,4.0,0.0,1,3
D_Iunius_Juvenalis_Saturae_6,70,"tanti vocat ille pudicam , ne -c pharetris Veneris macer est aut lampade fervet :",34,7.0,4.0,3,1
D_Iunius_Juvenalis_Saturae_6,71,"inde faces ardent , veniunt a dote sagittae .",28,5.0,3.0,2,1
D_Iunius_Juvenalis_Saturae_6,72,libertas emitur .,31,1.0,1.0,1,2
D_Iunius_Juvenalis_Saturae_6,73,coram licet innuat atque rescribat :,49,2.0,0.0,3,3
D_Iunius_Juvenalis_Saturae_6,74,"vidua est , locuples quae nupsit avaro .",30,4.0,3.0,2,3
D_Iunius_Juvenalis_Saturae_6,75,""" Cur desiderio Bibulae Sertorius ardet ? """,50,3.0,2.0,1,1
D_Iunius_Juvenalis_Saturae_6,76,"si verum excutias , facies , non uxor amatur . (amatur)",13,5.0,3.0,2,3
D_Iunius_Juvenalis_Saturae_6,77,"tres rugae subeant et se cutis arida laxet , fiant obscuri dentes oculi -que minores , "" collige sarcinulas , "" dicet libertus , "" et exi . (fiant)",27,8.0,3.0,6,5
D_Iunius_Juvenalis_Saturae_6,78,iam gravis es nobis et saepe emungeris .,17,5.0,2.0,2,2
D_Iunius_Juvenalis_Saturae_6,79,exi ocius et propera ;,6,3.0,2.0,2,2
D_Iunius_Juvenalis_Saturae_6,8,"conventum tamen et pactum et sponsalia nostra tempestate paras , iam -que a tonsore magistro pecteris , et digito pignus fortasse dedisti ?",17,8.0,3.0,3,3
D_Iunius_Juvenalis_Saturae_6,80,sicco venit altera naso .,29,3.0,1.0,1,1
D_Iunius_Juvenalis_Saturae_6,81,"interea calet et regnat poscit -que maritum pastores et ovem Canusinam ulmos -que Falernas - quantulum in hoc ? - pueros omnes , ergastula tota . (est)",41,8.0,6.0,3,1
D_Iunius_Juvenalis_Saturae_6,82,"quodque domi non est , sed habet vicinus , ematur .",46,4.0,0.0,3,4
D_Iunius_Juvenalis_Saturae_6,83,"mense quidem brumae , quo iam mercator Iason clausus et armatis opstat casa candida nautis , grandia tolluntur crystallina , maxima rursus myrrhina , deinde adamans notissimus et Beronices in digito factus pretiosior : [ ] (tolluntur) (tollitur)",44,12.0,5.0,1,2
D_Iunius_Juvenalis_Saturae_6,84,"hunc dedit olim barbarus incestae , dedit hunc Agrippa sorori , observant ubi festa mero pede sabbata reges et vetus indulget senibus clementia porcis .",47,7.0,2.0,4,3
D_Iunius_Juvenalis_Saturae_6,85,""" Nulla -ne de tantis gregibus tibi digna videtur ? """,34,5.0,4.0,0,0
D_Iunius_Juvenalis_Saturae_6,86,"sit formosa decens dives fecunda , vetustos porticibus disponat avos , intactior omni crinibus effusis bellum dirimente Sabina , rara avis in terris nigro -que simillima cycno ; quis feret uxorem cui constant omnia ?",50,12.0,3.0,4,5
D_Iunius_Juvenalis_Saturae_6,87,"malo , malo Venusinam quam te , Cornelia , mater Gracchorum , si cum magnis virtutibus adfers grande supercilium et numeras in dote triumphos ; (malo)",48,10.0,5.0,4,1
D_Iunius_Juvenalis_Saturae_6,88,"tolle tuum , precor , Hannibalem victum -que Syphacem in castris et cum tota Carthagine migra .",52,9.0,0.0,3,2
D_Iunius_Juvenalis_Saturae_6,89,""" Parce , precor , Paean , et tu , dea , pone sagittas ;",52,6.0,4.0,3,2
D_Iunius_Juvenalis_Saturae_6,9,certe sanus eras .,33,2.0,1.0,1,2
D_Iunius_Juvenalis_Saturae_6,90,"nil pueri faciunt , ipsam configite matrem , "" Amphion clamat , sed Paean contrahit arcum .",44,7.0,2.0,3,1
D_Iunius_Juvenalis_Saturae_6,91,"extulit ergo greges natorum ipsum -que parentem , dum sibi nobilior Latonae gente videtur atque eadem scrofa Niobe fecundior alba .",49,9.0,3.0,2,3
D_Iunius_Juvenalis_Saturae_6,92,"quae tanti gravitas , quae forma , ut se tibi semper imputet ? (est)",29,7.0,3.0,1,3
D_Iunius_Juvenalis_Saturae_6,93,"huius enim rari summi -que voluptas nulla boni , quotiens animo corrupta superbo plus aloes quam mellis habet . (est) (habet)",51,10.0,2.0,1,1
D_Iunius_Juvenalis_Saturae_6,94,"quis deditus autem usque adeo est , ut non illam quam laudibus effert horreat in -que diem septenis oderit horis ?",54,8.0,0.0,6,5
D_Iunius_Juvenalis_Saturae_6,95,"Quaedam parva quidem , sed non toleranda maritis . (sunt)",44,4.0,3.0,0,0
D_Iunius_Juvenalis_Saturae_6,96,"nam quid rancidius , quam quod se non putat ulla formosam ni -si quae de Tusca Graecula facta est , de Sulmonensi mera Cecropis ? (est) (esse) (est) (facta)",47,11.0,4.0,2,1
D_Iunius_Juvenalis_Saturae_6,97,"omnia Graece , cum sit turpe magis nostris nescire Latine ; (dicunt) (dicere)",40,6.0,1.0,1,3
D_Iunius_Juvenalis_Saturae_6,98,"hoc sermone pavent , hoc iram gaudia curas , hoc cuncta effundunt animi secreta : (effudunt) (et)",54,7.0,4.0,2,1
D_Iunius_Juvenalis_Saturae_6,99,quid ultra ? (est),49,2.0,1.0,0,0
D_Iunius_Juvenalis_Saturae_7,1,Et spes et ratio studiorum in Caesare tantum ; (sunt),21,5.0,3.0,0,0
D_Iunius_Juvenalis_Saturae_7,10,spes nulla ulterior ; (est),21,3.0,2.0,0,0
D_Iunius_Juvenalis_Saturae_7,101,an -ne aliud quam sidus et occulti miranda potentia fati ? (erat) (erat),40,8.0,0.0,0,0
D_Iunius_Juvenalis_Saturae_7,102,"seruis regna dabunt , captiuis fata triumphum . (dabunt)",48,4.0,2.0,1,5
D_Iunius_Juvenalis_Saturae_7,103,felix ille tamen coruo quoque rarior albo . (est),17,5.0,1.0,0,0
D_Iunius_Juvenalis_Saturae_7,104,"paenituit multos uanae sterilis -que cathedrae , sicut Tharsimachi probat exitus atque Secundi Carrinatis ;",41,9.0,1.0,2,3
D_Iunius_Juvenalis_Saturae_7,105,"et hunc inopem uidistis , Athenae , nil praeter gelidas ausae conferre cicutas . (esse)",44,9.0,3.0,1,3
D_Iunius_Juvenalis_Saturae_7,106,"di maiorum umbris tenuem et sine pondere terram spirantis -que crocos et in urna perpetuum uer , qui praeceptorem sancti uoluere parentis esse loco . (dent)",18,13.0,5.0,1,3
D_Iunius_Juvenalis_Saturae_7,107,metuens uirgae iam grandis Achilles cantabat patriis in montibus et cui non tunc eliceret risum citharoedi cauda magistri ; [ ],44,9.0,1.0,2,4
D_Iunius_Juvenalis_Saturae_7,108,"sed Rufum atque alios caedit sua quemque iuuentus , Rufum , quem totiens Ciceronem Allobroga dixit . [ ] [ ]",32,9.0,3.0,2,3
D_Iunius_Juvenalis_Saturae_7,109,quis gremio Celadi docti -que Palaemonis adfert quantum grammaticus meruit labor ?,46,7.0,4.0,2,3
D_Iunius_Juvenalis_Saturae_7,11,"didicit iam dives avarus tantum admirari , tantum laudare disertos , ut pueri Iunonis avem . (laudant)",41,7.0,3.0,1,3
D_Iunius_Juvenalis_Saturae_7,110,"et tamen ex hoc , quodcumque est ( minus est autem quam rhetoris aera ) , discipuli custos praemordet acoenonoetus et qui dispensat frangit sibi . (sunt)",47,14.0,0.0,5,1
D_Iunius_Juvenalis_Saturae_7,111,"cede , Palaemon , et patere inde aliquid decrescere , non aliter quam institor hibernae tegetis niuei -que cadurci , dummodo non pereat mediae quod noctis ab hora sedisti , qua nemo faber , qua nemo sederet qui docet obliquo lanam deducere ferro , dummodo non pereat totidem olfecisse lucernas quot stabant pueri , cum totus decolor esset Flaccus et haereret nigro fuligo Maroni . (cedit et patitur) (sederet)",34,21.0,5.0,9,4
D_Iunius_Juvenalis_Saturae_7,112,rara tamen merces quae cognitione tribuni non egeat . (est),35,5.0,4.0,1,3
D_Iunius_Juvenalis_Saturae_7,113,"sed uos saeuas inponite leges : ut praeceptori uerborum regula constet , ut legat historias , auctores nouerit omnes tamquam ungues digitos -que suos , ut forte rogatus , dum petit aut thermas aut Phoebi balnea , dicat nutricem Anchisae , nomen patriam -que nouercae Anchemoli , dicat quot Acestes uixerit annis , quot Siculi Phrygibus uini donauerit urnas . (novit)",42,15.0,0.0,9,5
D_Iunius_Juvenalis_Saturae_7,114,"exigite ut mores teneros ceu pollice ducat , ut si quis cera uoltum facit ; (ducat) (ducat)",40,8.0,8.0,3,3
D_Iunius_Juvenalis_Saturae_7,115,"exigite ut sit et pater ipsius coetus , ne turpia ludant , ne faciant uicibus .",40,7.0,6.0,4,3
D_Iunius_Juvenalis_Saturae_7,116,non est leue tot puerorum obseruare manus oculos -que in fine trementis .,32,7.0,1.0,1,1
D_Iunius_Juvenalis_Saturae_7,117,"' haec ' inquit ' cura ; sed cum se uerterit annus , accipe , uictori populus quod postulat , aurum . '",41,6.0,0.0,5,6
D_Iunius_Juvenalis_Saturae_7,12,sed defluit aetas et pelagi patiens et cassidis atque ligonis .,49,6.0,3.0,1,1
D_Iunius_Juvenalis_Saturae_7,13,"taedia tunc subeunt animos , tunc se que suam que Terpsichoren odit facunda et nuda senectus .",54,6.0,4.0,2,3
D_Iunius_Juvenalis_Saturae_7,14,Accipe nunc artes :,43,2.0,1.0,1,2
D_Iunius_Juvenalis_Saturae_7,15,"ne quid tibi conferat iste , quem colis et Musarum et Apollinis aede relicta , ipse facit versus atque uni cedit Homero propter mille annos , et si dulcedine famae succensus recites , maculosas commodat aedes .",49,17.0,4.0,6,3
D_Iunius_Juvenalis_Saturae_7,16,"haec longe ferrata domus servire iubetur , in qua sollicitas imitatur ianua portas .",40,6.0,0.0,2,2
D_Iunius_Juvenalis_Saturae_7,17,scit dare libertos extrema in parte sedentis ordinis et magnas comitum disponere voces :,34,9.0,0.0,1,1
D_Iunius_Juvenalis_Saturae_7,18,nemo dabit regum quanti subsellia constant et quae conducto pendent anabathra tigillo quae -que reportandis posita est orchestra cathedris .,26,8.0,4.0,4,5
D_Iunius_Juvenalis_Saturae_7,19,nos tamen hoc agimus tenui -que in puluere sulcos ducimus et litus sterili uersamus aratro .,54,7.0,3.0,3,1
D_Iunius_Juvenalis_Saturae_7,2,"solus enim tristes hac tempestate Camenas respexit , cum iam celebres noti que poetae balneolum Gabiis , Romae conducere furnos temptarent , ne c foedum alii ne c turpe putarent praecones fieri , cum desertis Aganippes vallibus esuriens migraret in atria Clio ; (esse) (conducere)",47,10.0,2.0,4,4
D_Iunius_Juvenalis_Saturae_7,20,"nam si discedas , laqueo tenet ambitiosi [ consuetudo mali , tenet insanabile multos ] scribendi cacoethes et aegro in corde senescit .",53,9.0,4.0,4,3
D_Iunius_Juvenalis_Saturae_7,21,"sed uatem egregium , cui non sit publica uena , qui nihil expositum soleat deducere , ne -c qui communi feriat carmen triuiale moneta , hunc , qualem nequeo monstrare et sentio tantum , anxietate carens animus facit , omnis acerbi inpatiens , cupidus siluarum aptus -que bibendis fontibus Aonidum .",44,12.0,0.0,6,3
D_Iunius_Juvenalis_Saturae_7,22,"ne -que enim cantare sub antro Pierio thyrsum -que potest contingere maesta paupertas atque aeris inops , quo nocte die -que corpus eget : (loco)",50,9.0,0.0,2,1
D_Iunius_Juvenalis_Saturae_7,23,satur est cum dicit Horatius ' euhoe . ',28,5.0,4.0,2,1
D_Iunius_Juvenalis_Saturae_7,24,"quis locus ingenio , ni -si cum se carmine solo uexant et dominis Cirrhae Nysae -que feruntur pectora uestra duas non admittentia curas ? (est)",43,8.0,1.0,2,2
D_Iunius_Juvenalis_Saturae_7,25,magnae mentis opus ne -c de lodice paranda attonitae currus et equos facies -que deorum aspicere et qualis Rutulum confundat Erinys . (est) (opus est) (mentis),44,11.0,1.0,1,3
D_Iunius_Juvenalis_Saturae_7,26,"nam si Vergilio puer et tolerabile desset hospitium , caderent omnes a crinibus hydri , surda nihil gemeret graue bucina .",44,8.0,5.0,3,4
D_Iunius_Juvenalis_Saturae_7,27,"poscimus ut sit non minor antiquo Rubrenus Lappa cothurno , cuius et alueolos et laenam pignerat Atreus ?",30,7.0,6.0,3,3
D_Iunius_Juvenalis_Saturae_7,28,"non habet infelix Numitor quod mittat amico , Quintillae quod donet habet , ne -c defuit illi unde emeret multa pascendum carne leonem iam domitum ;",43,11.0,6.0,6,4
D_Iunius_Juvenalis_Saturae_7,29,constat leuiori belua sumptu nimirum et capiunt plus intestina poetae .,20,6.0,3.0,2,1
D_Iunius_Juvenalis_Saturae_7,3,"nam si Pieria quadrans tibi nullus in umbra ostendatur , ames nomen victum que Machaerae et vendas potius commissa quod auctio vendit stantibus , oenophorum tripedes armaria cistas , Alcithoen Pacti , Thebas et Terea Fausti .",33,10.0,4.0,4,4
D_Iunius_Juvenalis_Saturae_7,30,"contentus fama iaceat Lucanus in hortis marmoreis , at Serrano tenui -que Saleiio gloria quantalibet quid erit , si gloria tantum est ?",45,8.0,4.0,3,5
D_Iunius_Juvenalis_Saturae_7,31,"curritur ad uocem iucundam et carmen amicae Thebaidos , laetam cum fecit Statius urbem promisit -que diem :",28,9.0,5.0,3,3
D_Iunius_Juvenalis_Saturae_7,32,tanta dulcedine captos adficit ille animos tanta -que libidine uolgi auditur .,12,6.0,1.0,2,2
D_Iunius_Juvenalis_Saturae_7,33,"sed cum fregit subsellia uersu esurit , intactam Paridi ni -si uendit Agauen .",28,7.0,0.0,3,3
D_Iunius_Juvenalis_Saturae_7,34,ille et militiae multis largitus honorem semenstri uatum digitos circumligat auro .,43,6.0,4.0,1,1
D_Iunius_Juvenalis_Saturae_7,35,"quod non dant proceres , dabit histrio .",5,3.0,1.0,2,5
D_Iunius_Juvenalis_Saturae_7,36,"tu Camerinos et Baream , tu nobilium magna atria curas ? (curas)",22,6.0,0.0,1,1
D_Iunius_Juvenalis_Saturae_7,37,"praefectos Pelopea facit , Philomela tribunos . (facit)",35,4.0,2.0,1,1
D_Iunius_Juvenalis_Saturae_7,38,haut tamen inuideas uati quem pulpita pascunt .,17,4.0,3.0,2,3
D_Iunius_Juvenalis_Saturae_7,39,"quis tibi Maecenas , quis nunc erit aut Proculeius aut Fabius , quis Cotta iterum , quis Lentulus alter ? (erit) (erit) (erit)",29,6.0,3.0,1,5
D_Iunius_Juvenalis_Saturae_7,4,"hoc satius quam si dicas sub iudice "" vidi "" quod non vidisti , faciant equites Asiani [ quamquam et Cappadoces faciant equites que Bithyni , ] altera quos nudo traducit Gallia talo . (est) (sit)",35,16.0,8.0,6,3
D_Iunius_Juvenalis_Saturae_7,40,"tum par ingenio pretium , tunc utile multis pallere et uinum toto nescire Decembri . (erat) (erat)",39,8.0,0.0,0,0
D_Iunius_Juvenalis_Saturae_7,41,"uester porro labor fecundior , historiarum scriptores ? (est)",9,4.0,2.0,0,0
D_Iunius_Juvenalis_Saturae_7,42,perit hic plus temporis atque olei plus .,32,4.0,3.0,1,1
D_Iunius_Juvenalis_Saturae_7,43,nullo quippe modo millensima pagina surgit omnibus et crescit multa damnosa papyro ;,52,6.0,3.0,2,1
D_Iunius_Juvenalis_Saturae_7,44,sic ingens rerum numerus iubet atque operum lex .,32,4.0,3.0,1,1
D_Iunius_Juvenalis_Saturae_7,45,quae tamen inde seges ? (fit),46,3.0,1.0,0,0
D_Iunius_Juvenalis_Saturae_7,46,terrae quis fructus apertae ? (fit),19,3.0,0.0,0,0
D_Iunius_Juvenalis_Saturae_7,47,quis dabit historico quantum daret acta legenti ?,26,4.0,3.0,2,5
D_Iunius_Juvenalis_Saturae_7,48,"' sed genus ignauum , quod lecto gaudet et umbra . ' (historici sunt)",9,6.0,5.0,1,1
D_Iunius_Juvenalis_Saturae_7,49,dic igitur quid causidicis ciuilia praestent officia et magno comites in fasce libelli . [ ],31,8.0,5.0,2,3
D_Iunius_Juvenalis_Saturae_7,5,"Nemo tamen studiis indignum ferre laborem cogetur posthac , nectit quicumque canoris eloquium vocale modis laurum que momordit .",52,9.0,5.0,3,5
D_Iunius_Juvenalis_Saturae_7,50,"ipsi magna sonant , sed tum cum creditor audit praecipue , uel si tetigit latus acrior illo qui uenit ad dubium grandi cum codice nomen . (sonant) (sonant)",42,11.0,8.0,4,3
D_Iunius_Juvenalis_Saturae_7,51,tunc inmensa caui spirant mendacia folles conspuitur -que sinus ;,8,5.0,2.0,2,2
D_Iunius_Juvenalis_Saturae_7,52,"ueram deprendere messem si libet , hinc centum patrimonia causidicorum , parte alia solum russati pone Lacertae . (pone) (patrimonium)",26,9.0,3.0,2,2
D_Iunius_Juvenalis_Saturae_7,53,"consedere duces , surgis tu pallidus Aiax dicturus dubia pro libertate bubulco iudice . [ ]",31,8.0,6.0,2,3
D_Iunius_Juvenalis_Saturae_7,54,"rumpe miser tensum iecur , ut tibi lasso figantur uirides , scalarum gloria , palmae .",29,7.0,2.0,2,4
D_Iunius_Juvenalis_Saturae_7,55,quod uocis pretium ? (est),13,2.0,0.0,0,0
D_Iunius_Juvenalis_Saturae_7,56,"siccus petasunculus et uas pelamydum aut ueteres , Maurorum epimenia , bulbi aut uinum Tiberi deuectum , quinque lagonae . (pretium est)",12,8.0,0.0,0,0
D_Iunius_Juvenalis_Saturae_7,57,"si quater egisti , si contigit aureus unus , inde cadunt partes ex foedere pragmaticorum .",52,9.0,4.0,3,3
D_Iunius_Juvenalis_Saturae_7,58,"' Aemilio dabitur quantum licet , et melius nos egimus . '",49,5.0,3.0,3,5
D_Iunius_Juvenalis_Saturae_7,59,"huius enim stat currus aeneus , alti quadriiuges in uestibulis , atque ipse feroci bellatore sedens curuatum hastile minatur eminus et statua meditatur proelia lusca . (stant)",45,9.0,4.0,3,2
D_Iunius_Juvenalis_Saturae_7,6,"hoc agite , o iuvenes .",19,3.0,2.0,1,2
D_Iunius_Juvenalis_Saturae_7,60,"sic Pedo conturbat , Matho deficit , exitus hic est Tongilii , magno cum rhinocerote lauari qui solet et uexat lutulenta balnea turba per -que forum iuuenes longo premit assere Maedos empturus pueros , argentum , murrina , uillas ;",40,11.0,8.0,6,1
D_Iunius_Juvenalis_Saturae_7,61,spondet enim Tyrio stlattaria purpura filo .,17,4.0,2.0,1,1
D_Iunius_Juvenalis_Saturae_7,62,et tamen est illis hoc utile .,17,3.0,0.0,1,1
D_Iunius_Juvenalis_Saturae_7,63,"purpura uendit causidicum , uendunt amethystina ;",18,4.0,2.0,2,1
D_Iunius_Juvenalis_Saturae_7,64,"conuenit illi et strepitu et facie maioris uiuere census , sed finem inpensae non seruat prodiga Roma .",31,8.0,5.0,2,1
D_Iunius_Juvenalis_Saturae_7,66,"Ciceroni nemo ducentos nunc dederit nummos , ni -si fulserit anulus ingens .",13,6.0,2.0,2,6
D_Iunius_Juvenalis_Saturae_7,67,"respicit haec primum qui litigat : an tibi serui octo , decem comites , an post te sella , togati ante pedes . (sint) (sint) (sit)",36,10.0,2.0,2,1
D_Iunius_Juvenalis_Saturae_7,68,"ideo conducta Paulus agebat sardonyche , atque ideo pluris quam Gallus agebat , quam Basilus . (agebat) (agebat)",32,9.0,6.0,2,2
D_Iunius_Juvenalis_Saturae_7,69,rara in tenui facundia panno . (est),5,4.0,3.0,0,0
D_Iunius_Juvenalis_Saturae_7,7,circumspicit et stimulat vos materiam que sibi ducis indulgentia quaerit .,10,4.0,2.0,3,1
D_Iunius_Juvenalis_Saturae_7,70,quando licet Basilo flentem producere matrem ?,49,4.0,1.0,1,1
D_Iunius_Juvenalis_Saturae_7,71,quis bene dicentem Basilum ferat ?,11,4.0,1.0,1,3
D_Iunius_Juvenalis_Saturae_7,72,"accipiat te Gallia uel potius nutricula causidicorum Africa , si placuit mercedem ponere linguae . (accipiat) [ ]",13,7.0,4.0,2,3
D_Iunius_Juvenalis_Saturae_7,73,declamare doces ?,6,1.0,1.0,1,1
D_Iunius_Juvenalis_Saturae_7,74,"o ferrea pectora Vetti , cum perimit saeuos classis numerosa tyrannos .",47,6.0,2.0,1,1
D_Iunius_Juvenalis_Saturae_7,75,"nam quaecumque sedens modo legerat , haec eadem stans perferet atque eadem cantabit uersibus isdem .",44,7.0,3.0,3,5
D_Iunius_Juvenalis_Saturae_7,76,occidit miseros crambe repetita magistros .,6,4.0,2.0,1,1
D_Iunius_Juvenalis_Saturae_7,77,"quis color et quod sit causae genus atque ubi summa quaestio , quae ueniant diuersa parte sagittae , nosse uolunt omnes , mercedem soluere nemo . (vult) (sit) (sit)",50,11.0,2.0,3,3
D_Iunius_Juvenalis_Saturae_7,78,' mercedem appellas ? (discipulus dicit),20,2.0,0.0,1,1
D_Iunius_Juvenalis_Saturae_7,79,quid enim scio ? ' (discipulus dicit),34,3.0,1.0,1,1
D_Iunius_Juvenalis_Saturae_7,8,"si qua aliunde putas rerum expectanda tuarum praesidia atque ideo croceae membrana tabellae impletur , lignorum aliquid posce ocius et quae componis dona Veneris , Telesine , marito , aut clude et positos tinea pertunde libellos .",47,11.0,4.0,5,2
D_Iunius_Juvenalis_Saturae_7,80,"' culpa docentis scilicet arguitur , quod laeuae parte mamillae nil salit Arcadico iuueni , cuius mihi sexta quaque die miserum dirus caput Hannibal inplet , quidquid id est de quo deliberat , an petat urbem a Cannis , an post nimbos et fulmina cautus circumagat madidas a tempestate cohortes . (sophistae conclamant)",51,16.0,0.0,7,3
D_Iunius_Juvenalis_Saturae_7,81,quantum uis stipulare et protinus accipe : quid do ut totiens illum pater audiat ? ' (sophistae conclamant),32,8.0,0.0,4,3
D_Iunius_Juvenalis_Saturae_7,82,haec alii sex uel plures uno conclamant ore sophistae et ueras agitant lites raptore relicto ;,17,7.0,3.0,2,1
D_Iunius_Juvenalis_Saturae_7,83,"fusa uenena silent , malus ingratus -que maritus et quae iam ueteres sanant mortaria caecos .",48,6.0,0.0,2,1
D_Iunius_Juvenalis_Saturae_7,84,"ergo sibi dabit ipse rudem , si nostra mouebunt consilia , et uitae diuersum iter ingredietur ad pugnam qui rhetorica descendit ab umbra , summula ne pereat qua uilis tessera uenit frumenti ;",36,12.0,4.0,6,5
D_Iunius_Juvenalis_Saturae_7,85,quippe haec merces lautissima . (est),15,3.0,2.0,0,0
D_Iunius_Juvenalis_Saturae_7,86,"tempta Chrysogonus quanti doceat uel Pollio quanti lautorum pueros , artem scindes Theodori . (doceat)",43,7.0,4.0,3,5
D_Iunius_Juvenalis_Saturae_7,87,balnea sescentis et pluris porticus in qua gestetur dominus quotiens pluit . (constant) (constat),23,7.0,0.0,2,4
D_Iunius_Juvenalis_Saturae_7,88,an -ne serenum expectet spargat -que luto iumenta recenti ?,29,5.0,0.0,2,3
D_Iunius_Juvenalis_Saturae_7,89,"hic potius , nam -que hic mundae nitet ungula mulae . (gestatur)",15,6.0,2.0,1,1
D_Iunius_Juvenalis_Saturae_7,9,"frange miser calamum vigilata que proelia dele , qui facis in parva sublimia carmina cella , ut dignus venias hederis et imagine macra .",49,10.0,5.0,4,3
D_Iunius_Juvenalis_Saturae_7,90,parte alia longis Numidarum fulta columnis surgat et algentem rapiat cenatio solem .,30,8.0,1.0,2,3
D_Iunius_Juvenalis_Saturae_7,91,"quanticumque domus , ueniet qui fercula docte conponit , ueniet qui pulmentaria condit . (constat)",4,6.0,3.0,4,5
D_Iunius_Juvenalis_Saturae_7,92,"hos inter sumptus sestertia Quintiliano , ut multum , duo sufficient : (sufficit)",29,6.0,2.0,1,5
D_Iunius_Juvenalis_Saturae_7,93,res nulla minoris constabit patri quam filius . (constabit),25,6.0,4.0,1,5
D_Iunius_Juvenalis_Saturae_7,94,' unde igitur tot Quintilianus habet saltus ? ' (roges),32,3.0,0.0,1,1
D_Iunius_Juvenalis_Saturae_7,95,exempla nouorum fatorum transi .,40,3.0,3.0,1,3
D_Iunius_Juvenalis_Saturae_7,96,"felix et pulcher et acer , felix et sapiens et nobilis et generosus adpositam nigrae lunam subtexit alutae , felix orator quoque maximus et iaculator et , si perfrixit , cantat bene . (est) (vir) (vir) (est)",52,10.0,3.0,3,3
D_Iunius_Juvenalis_Saturae_7,97,distat enim quae sidera te excipiant modo primos incipientem edere uagitus et adhuc a matre rubentem .,18,8.0,6.0,2,3
D_Iunius_Juvenalis_Saturae_7,98,"si Fortuna uolet , fies de rhetore consul ; si uolet haec eadem , fiet de consule rhetor .",31,9.0,5.0,4,5
D_Iunius_Juvenalis_Saturae_7,99,Ventidius quid enim ? (erat),17,2.0,1.0,0,0
M_Tullius_Cicero_Oratio_In_Catilinam_I_1_1-1_10,1,"Quo usque tandem abutere , Catilina , patientia nostra ?",22,4.0,2.0,1,5
M_Tullius_Cicero_Oratio_In_Catilinam_I_1_1-1_10,10,hic tamen vivit .,17,2.0,1.0,1,1
M_Tullius_Cicero_Oratio_In_Catilinam_I_1_1-1_10,11,Vivit ?,13,,,1,1
M_Tullius_Cicero_Oratio_In_Catilinam_I_1_1-1_10,12,"immo vero etiam in senatum venit , fit publici consilii particeps , notat et designat oculis ad caedem unum quemque nostrum .",24,7.0,3.0,4,1
M_Tullius_Cicero_Oratio_In_Catilinam_I_1_1-1_10,13,"Nos autem fortes viri satis facere rei publicae videmur , si istius furorem ac tela vitemus . [ ]",47,7.0,0.0,2,3
M_Tullius_Cicero_Oratio_In_Catilinam_I_1_1-1_10,14,"Ad mortem te , Catilina , duci iussu consulis iam pridem oportebat , in te conferri pestem , quam tu in nos omnes iam diu machinaris . (oportebat)",15,11.0,1.0,2,5
M_Tullius_Cicero_Oratio_In_Catilinam_I_1_1-1_10,15,"An vero vir amplissumus , P. Scipio , pontifex maximus , Ti. Gracchum mediocriter labefactantem statum rei publicae privatus interfecit ;",46,8.0,0.0,1,3
M_Tullius_Cicero_Oratio_In_Catilinam_I_1_1-1_10,16,Catilinam orbem terrae caede atque incendiis vastare cupientem nos consules perferemus ? [ ],32,7.0,2.0,1,5
M_Tullius_Cicero_Oratio_In_Catilinam_I_1_1-1_10,17,"Nam illa nimis antiqua praetereo , quod C. Servilius Ahala Sp. Maelium novis rebus studentem manu sua occidit .",30,8.0,5.0,2,3
M_Tullius_Cicero_Oratio_In_Catilinam_I_1_1-1_10,18,"Fuit , fuit ista quondam in hac re publica virtus , ut viri fortes acrioribus suppliciis civem perniciosum quam acerbissimum hostem coercerent . (coercerent)",29,11.0,4.0,3,4
M_Tullius_Cicero_Oratio_In_Catilinam_I_1_1-1_10,19,"Habemus senatus consultum in te , Catilina , vehemens et grave , non deest rei publicae consilium ne -que auctoritas huius ordinis ; (deest)",44,9.0,5.0,2,1
M_Tullius_Cicero_Oratio_In_Catilinam_I_1_1-1_10,2,quam diu etiam furor iste tuus nos eludet ?,25,4.0,2.0,1,5
M_Tullius_Cicero_Oratio_In_Catilinam_I_1_1-1_10,20,"nos , nos , dico aperte , consules desumus .",43,5.0,3.0,2,1
M_Tullius_Cicero_Oratio_In_Catilinam_I_1_1-1_10,21,"Decrevit quondam senatus , ut L. Opimius consul videret , ne quid res publica detrimenti caperet ; [ ]",40,7.0,1.0,3,4
M_Tullius_Cicero_Oratio_In_Catilinam_I_1_1-1_10,22,nox nulla intercessit ;,13,2.0,2.0,1,3
M_Tullius_Cicero_Oratio_In_Catilinam_I_1_1-1_10,23,"interfectus est propter quasdam seditionum suspiciones C. Gracchus , clarissimo patre , avo , maioribus , occisus est cum liberis M. Fulvius consularis . [ ]",37,8.0,4.0,2,1
M_Tullius_Cicero_Oratio_In_Catilinam_I_1_1-1_10,24,Simili senatus consulto C. Mario et L. Valerio consulibus est permissa res publica ; [ ],50,6.0,2.0,1,1
M_Tullius_Cicero_Oratio_In_Catilinam_I_1_1-1_10,25,num unum diem postea L. Saturninum tribunum plebis et C. Servilium praetorem mors ac rei publicae poena remorata est ? [ ] [ ],39,8.0,4.0,1,1
M_Tullius_Cicero_Oratio_In_Catilinam_I_1_1-1_10,26,At vero nos vicesimum iam diem patimur hebescere aciem horum auctoritatis .,54,6.0,0.0,1,2
M_Tullius_Cicero_Oratio_In_Catilinam_I_1_1-1_10,27,"Habemus enim huiusce modi senatus consultum , verum inclusum in tabulis tamquam in vagina reconditum , quo ex senatus consulto confestim te interfectum esse , Catilina , convenit .",52,12.0,4.0,2,1
M_Tullius_Cicero_Oratio_In_Catilinam_I_1_1-1_10,28,"Vivis , et vivis non ad deponendam , sed ad confirmandam audaciam . (audaciam) (vivis)",49,8.0,5.0,2,1
M_Tullius_Cicero_Oratio_In_Catilinam_I_1_1-1_10,29,"Cupio , patres conscripti , me esse clementem , cupio in tantis rei publicae periculis me non dissolutum videri , sed iam me ipse inertiae nequitiae -que condemno .",21,10.0,3.0,3,1
M_Tullius_Cicero_Oratio_In_Catilinam_I_1_1-1_10,3,quem ad finem sese effrenata iactabit audacia ?,31,5.0,2.0,1,5
M_Tullius_Cicero_Oratio_In_Catilinam_I_1_1-1_10,30,"Castra sunt in Italia contra populum Romanum in Etruriae faucibus conlocata , crescit in dies singulos hostium numerus ;",28,8.0,4.0,2,1
M_Tullius_Cicero_Oratio_In_Catilinam_I_1_1-1_10,31,eorum autem castrorum imperatorem ducem -que hostium intra moenia atque adeo in senatu videtis intestinam aliquam cotidie perniciem rei publicae molientem .,47,8.0,4.0,1,1
M_Tullius_Cicero_Oratio_In_Catilinam_I_1_1-1_10,32,"Si te iam , Catilina , comprehendi , si interfici iussero , credo , erit verendum mihi ne non hoc potius omnes boni serius a me quam quisquam crudelius factum esse dicat . (iussero) (dicant) (factum) (verundum est)",48,12.0,3.0,4,6
M_Tullius_Cicero_Oratio_In_Catilinam_I_1_1-1_10,33,"Verum ego hoc , quod iam pridem factum esse oportuit , certa de causa nondum adducor ut faciam .",50,10.0,0.0,2,3
M_Tullius_Cicero_Oratio_In_Catilinam_I_1_1-1_10,34,"Tum denique interficiere , cum iam nemo tam inprobus , tam perditus , tam tui similis inveniri poterit , qui id non iure factum esse fateatur .",50,8.0,1.0,3,5
M_Tullius_Cicero_Oratio_In_Catilinam_I_1_1-1_10,35,"Quamdiu quisquam erit , qui te defendere audeat , vives , et vives ita , ut nunc vivis , multis meis et firmis praesidiis obsessus , ne commovere te contra rem publicam possis .",47,15.0,3.0,6,5
M_Tullius_Cicero_Oratio_In_Catilinam_I_1_1-1_10,36,"Multorum te etiam oculi et aures non sentientem , sicut adhuc fecerunt , speculabuntur atque custodient .",45,6.0,3.0,3,5
M_Tullius_Cicero_Oratio_In_Catilinam_I_1_1-1_10,37,"Etenim quid est , Catilina , quod iam amplius expectes , si ne -que nox tenebris obscurare coetus nefarios ne -c privata domus parietibus continere voces coniurationis tuae potest , si illustrantur , si erumpunt omnia ? (potest)",46,11.0,4.0,5,3
M_Tullius_Cicero_Oratio_In_Catilinam_I_1_1-1_10,38,"Muta iam istam mentem , mihi crede , obliviscere caedis atque incendiorum .",54,7.0,4.0,3,5
M_Tullius_Cicero_Oratio_In_Catilinam_I_1_1-1_10,39,Teneris undique ;,23,1.0,1.0,1,2
M_Tullius_Cicero_Oratio_In_Catilinam_I_1_1-1_10,4,"Nihil -ne te nocturnum praesidium Palati , nihil urbis vigiliae , nihil timor populi , nihil concursus bonorum omnium , nihil hic munitissimus habendi senatus locus , nihil horum ora voltus -que moverunt ? (movit) (moverunt) (movit) (movit) (movit)",53,8.0,4.0,1,3
M_Tullius_Cicero_Oratio_In_Catilinam_I_1_1-1_10,40,luce sunt clariora nobis tua consilia omnia ;,21,4.0,2.0,1,1
M_Tullius_Cicero_Oratio_In_Catilinam_I_1_1-1_10,41,quae iam me -cum licet recognoscas .,49,4.0,1.0,2,3
M_Tullius_Cicero_Oratio_In_Catilinam_I_1_1-1_10,42,"Meministi -ne me ante diem XII Kalendas Novembris dicere in senatu fore in armis certo die , qui dies futurus esset ante diem VI Kal. Novembris , C. Manlium , audaciae satellitem atque administrum tuae ?",50,9.0,7.0,2,4
M_Tullius_Cicero_Oratio_In_Catilinam_I_1_1-1_10,43,"Num me fefellit , Catilina , non modo res tanta , tam atrox tam -que incredibilis , verum , id quod multo magis est admirandum , dies ? (non me fefellit)",41,10.0,5.0,2,3
M_Tullius_Cicero_Oratio_In_Catilinam_I_1_1-1_10,44,"Dixi ego idem in senatu caedem te optumatium contulisse in ante diem V Kalendas Novembris , tum cum multi principes civitatis Roma non tam sui conservandi quam tuorum consiliorum reprimendorum causa profugerunt . (causa) (profugerunt)",50,15.0,9.0,2,3
M_Tullius_Cicero_Oratio_In_Catilinam_I_1_1-1_10,45,"Num infitiari potes te illo ipso die meis praesidiis , mea diligentia circumclusum commovere te contra rem publicam non potuisse , cum tu discessu ceterorum nostra tamen , qui remansissemus , caede te contentum esse dicebas ?",39,14.0,6.0,3,6
M_Tullius_Cicero_Oratio_In_Catilinam_I_1_1-1_10,47,"cum te Praeneste Kalendis ipsis Novembribus occupaturum nocturno impetu esse confideres , sensisti -ne illam coloniam meo iussu meis praesidiis , custodiis , vigiliis esse munitam ?",53,8.0,3.0,2,4
M_Tullius_Cicero_Oratio_In_Catilinam_I_1_1-1_10,48,"Nihil agis , nihil moliris , nihil cogitas , quod non ego non modo audiam , sed etiam videam plane -que sentiam .",44,8.0,6.0,6,3
M_Tullius_Cicero_Oratio_In_Catilinam_I_1_1-1_10,49,Recognosce tandem me -cum noctem illam superiorem ;,28,4.0,2.0,1,2
M_Tullius_Cicero_Oratio_In_Catilinam_I_1_1-1_10,5,"Patere tua consilia non sentis , constrictam iam horum omnium scientia teneri coniurationem tuam non vides ?",30,11.0,2.0,2,1
M_Tullius_Cicero_Oratio_In_Catilinam_I_1_1-1_10,50,iam intelleges multo me vigilare acrius ad salutem quam te ad perniciem rei publicae . (vigilare) (intelleges),53,10.0,3.0,1,5
M_Tullius_Cicero_Oratio_In_Catilinam_I_1_1-1_10,51,Dico te priore nocte venisse inter falcarios – non agam obscure – in M. Laecae domum ; convenisse eodem complures eiusdem amentiae sceleris -que socios .,47,10.0,0.0,2,5
M_Tullius_Cicero_Oratio_In_Catilinam_I_1_1-1_10,52,Num negare audes ?,41,2.0,1.0,1,1
M_Tullius_Cicero_Oratio_In_Catilinam_I_1_1-1_10,53,quid taces ?,9,1.0,1.0,1,1
M_Tullius_Cicero_Oratio_In_Catilinam_I_1_1-1_10,54,"Convincam , si negas .",41,3.0,1.0,2,5
M_Tullius_Cicero_Oratio_In_Catilinam_I_1_1-1_10,55,"Video enim esse hic in senatu quosdam , qui te -cum una fuerunt .",28,6.0,5.0,2,3
M_Tullius_Cicero_Oratio_In_Catilinam_I_1_1-1_10,56,O di inmortales !,31,2.0,1.0,0,0
M_Tullius_Cicero_Oratio_In_Catilinam_I_1_1-1_10,57,ubinam gentium sumus ?,49,2.0,2.0,1,1
M_Tullius_Cicero_Oratio_In_Catilinam_I_1_1-1_10,58,in qua urbe vivimus ?,13,3.0,3.0,1,1
M_Tullius_Cicero_Oratio_In_Catilinam_I_1_1-1_10,59,quam rem publicam habemus ?,21,2.0,0.0,1,1
M_Tullius_Cicero_Oratio_In_Catilinam_I_1_1-1_10,6,"Quid proxima , quid superiore nocte egeris , ubi fueris , quos convocaveris , quid consilii ceperis , quem nostrum ignorare arbitraris ? (egeris)",19,6.0,0.0,5,5
M_Tullius_Cicero_Oratio_In_Catilinam_I_1_1-1_10,60,"Hic , hic sunt in nostro numero , patres conscripti , in hoc orbis terrae sanctissimo gravissimo -que consilio , qui de nostro omnium interitu , qui de huius urbis atque adeo de orbis terrarum exitio cogitent ! (exitio) (cogitent) (cogitent)",37,12.0,7.0,2,3
M_Tullius_Cicero_Oratio_In_Catilinam_I_1_1-1_10,61,"Hos ego video consul et de re publica sententiam rogo et , quos ferro trucidari oportebat , eos nondum voce volnero ! [ ]",32,9.0,4.0,4,2
M_Tullius_Cicero_Oratio_In_Catilinam_I_1_1-1_10,62,"Fuisti igitur apud Laecam illa nocte , Catilina , distribuisti partes Italiae , statuisti , quo quemque proficisci placeret , delegisti , quos Romae relinqueres , quos te -cum educeres , discripsisti urbis partes ad incendia , confirmasti te ipsum iam esse exiturum , dixisti paulum tibi esse etiam nunc morae , quod ego viverem .",49,10.0,5.0,11,4
M_Tullius_Cicero_Oratio_In_Catilinam_I_1_1-1_10,63,"Reperti sunt duo equites Romani , qui te ista cura liberarent et sese illa ipsa nocte paulo ante lucem me in meo lectulo interfecturos esse pollicerentur .",53,8.0,5.0,3,5
M_Tullius_Cicero_Oratio_In_Catilinam_I_1_1-1_10,64,Haec ego omnia vixdum etiam coetu vestro dimisso comperi ;,15,5.0,3.0,1,3
M_Tullius_Cicero_Oratio_In_Catilinam_I_1_1-1_10,65,"domum meam maioribus praesidiis munivi atque firmavi , exclusi eos , quos tu ad me salutatum mane miseras , cum illi ipsi venissent , quos ego iam multis ac summis viris ad me id temporis venturos esse praedixeram .",32,10.0,5.0,6,6
M_Tullius_Cicero_Oratio_In_Catilinam_I_1_1-1_10,66,"Quae cum ita sint , Catilina , perge , quo coepisti , egredere aliquando ex urbe ; (modo)",43,7.0,3.0,4,5
M_Tullius_Cicero_Oratio_In_Catilinam_I_1_1-1_10,67,patent portae ;,8,1.0,1.0,1,1
M_Tullius_Cicero_Oratio_In_Catilinam_I_1_1-1_10,69,Nimium diu te imperatorem tua illa Manliana castra desiderant . [ ],50,4.0,2.0,1,1
M_Tullius_Cicero_Oratio_In_Catilinam_I_1_1-1_10,7,"O tempora , o mores !",30,4.0,2.0,0,0
M_Tullius_Cicero_Oratio_In_Catilinam_I_1_1-1_10,70,"Educ te -cum etiam omnes tuos , si minus , quam plurimos ; (est)",28,8.0,1.0,1,2
M_Tullius_Cicero_Oratio_In_Catilinam_I_1_1-1_10,71,purga urbem .,7,1.0,1.0,1,2
M_Tullius_Cicero_Oratio_In_Catilinam_I_1_1-1_10,72,"Magno me metu liberabis , dum modo inter me atque te murus intersit .",32,7.0,2.0,2,5
M_Tullius_Cicero_Oratio_In_Catilinam_I_1_1-1_10,73,Nobis -cum versari iam diutius non potes ;,28,4.0,1.0,1,1
M_Tullius_Cicero_Oratio_In_Catilinam_I_1_1-1_10,74,"non feram , non patiar , non sinam .",36,4.0,2.0,3,5
M_Tullius_Cicero_Oratio_In_Catilinam_I_1_1-1_10,8,Senatus haec intellegit .,20,2.0,1.0,1,1
M_Tullius_Cicero_Oratio_In_Catilinam_I_1_1-1_10,9,Consul videt ;,15,1.0,1.0,1,1
M_Tullius_Cicero_Oratio_pro_Caelio_1-5,1,"si quis , iudices , forte nunc adsit ignarus legum iudiciorum consuetudinis -que nostrae , miretur profecto quae sit tanta atrocitas huiusce causae , quod diebus festis ludis -que publicis , omnibus forensibus negotiis intermissis , unum hoc iudicium exerceatur , ne -c dubitet quin tanti facinoris reus arguatur ut eo neglecto civitas stare non possit .",50,16.0,3.0,7,4
M_Tullius_Cicero_Oratio_pro_Caelio_1-5,10,de dignitate M. Caelius notis ac maioribus natu etiam sine mea oratione tacitus facile ipse respondet ;,32,6.0,3.0,1,1
M_Tullius_Cicero_Oratio_pro_Caelio_1-5,11,"quibus autem propter senectutem , quod iam diu minus in foro nobis -cum -que versatur , non aeque est cognitus , hi sic habeant , quaecumque in equite Romano dignitas esse possit , quae certe potest esse maxima , eam semper in M. Caelio habitam esse summam hodie -que haberi non solum a suis sed etiam ab omnibus quibus potuerit aliqua de causa esse notus . (esse)",50,17.0,5.0,6,5
M_Tullius_Cicero_Oratio_pro_Caelio_1-5,12,equitis autem Romani esse filium criminis loco poni ab accusatoribus ne -que his iudicantibus oportuit ne -que defendentibus nobis . (oportuit),47,8.0,3.0,1,3
M_Tullius_Cicero_Oratio_pro_Caelio_1-5,13,"nam quod de pietate dixistis , est ista quidem nostra existimatio sed iudicium certe parentis . (est)",44,7.0,3.0,2,3
M_Tullius_Cicero_Oratio_pro_Caelio_1-5,14,"quid nos opinemur audietis ex iuratis ; quid parentes sentiant lacrimae matris incredibilis -que maeror , squalor patris et haec praesens maestitia quam cernitis luctus -que declarat .",50,9.0,4.0,5,5
M_Tullius_Cicero_Oratio_pro_Caelio_1-5,15,"nam quod est obiectum municipibus esse adulescentem non probatum suis , nemini umquam praesenti maiores honores habuerunt , iudices , quam absenti M. Caelio ; (habuerunt) [ ]",50,11.0,4.0,2,3
M_Tullius_Cicero_Oratio_pro_Caelio_1-5,16,quem et absentem in amplissimum ordinem cooptarunt et ea non petenti detulerunt quae multis petentibus denegarunt .,46,9.0,5.0,3,3
M_Tullius_Cicero_Oratio_pro_Caelio_1-5,17,idem -que nunc lectissimos viros et nostri ordinis et equites Romanos cum legatione ad hoc iudicium et cum gravissima atque ornatissima laudatione miserunt . [ ] (viros),32,10.0,0.0,1,3
M_Tullius_Cicero_Oratio_pro_Caelio_1-5,18,"videor mihi iecisse fundamenta defensionis meae , quae firmissima sunt si nituntur iudicio suorum .",14,8.0,7.0,3,2
M_Tullius_Cicero_Oratio_pro_Caelio_1-5,19,"ne -que enim vobis satis commendata huius aetas esse posset , si non modo parenti , tali viro , verum etiam municipio tam inlustri ac tam gravi displiceret . (displiceret)",49,10.0,0.0,2,4
M_Tullius_Cicero_Oratio_pro_Caelio_1-5,2,"idem cum audiat esse legem quae de seditiosis consceleratis -que civibus qui armati senatum obsederint , magistratibus vim attulerint , rem publicam oppugnarint cotidie quaeri iubeat , legem non improbet , crimen quod versetur in iudicio requirat ;",54,16.0,2.0,8,5
M_Tullius_Cicero_Oratio_pro_Caelio_1-5,3,"cum audiat nullum facinus , nullam audaciam , nullam vim in iudicium vocari , sed adulescentem inlustri ingenio , industria , gratia accusari ab eius filio quem ipse in iudicium et vocet et vocarit , oppugnari autem opibus meretriciis , Atratini ipsius pietatem non reprehendat , libidinem muliebrem comprimendam putet , vos laboriosos existimet quibus otiosis ne in communi quidem otio liceat esse . (esse)",54,19.0,11.0,7,5
M_Tullius_Cicero_Oratio_pro_Caelio_1-5,4,"et -enim si attendere diligenter atque existimare vere de omni hac causa volueritis , sic constituetis , iudices , ne -c descensurum quemquam ad hanc accusationem fuisse cui utrum vellet liceret ne -c , cum descendisset , quicquam habiturum spei fuisse , ni -si alicuius intolerabili libidine et nimis acerbo odio niteretur .",50,15.0,0.0,6,6
M_Tullius_Cicero_Oratio_pro_Caelio_1-5,5,"sed ego Atratino , humanissimo atque optimo adulescenti , meo necessario , ignosco , qui habet excusationem vel pietatis vel necessitatis vel aetatis .",49,8.0,0.0,2,1
M_Tullius_Cicero_Oratio_pro_Caelio_1-5,6,"si voluit accusare , pietati tribuo , si iussus est , necessitati , si speravit aliquid , pueritiae . (tribuo) (tribuo)",47,8.0,4.0,4,3
M_Tullius_Cicero_Oratio_pro_Caelio_1-5,7,ceteris non modo nihil ignoscendum sed etiam acriter est resistendum .,44,5.0,2.0,1,1
M_Tullius_Cicero_Oratio_pro_Caelio_1-5,8,"ac mihi quidem videtur , iudices , hic introitus defensionis adulescentiae M. Caeli maxime convenire , ut ad ea quae accusatores deformandi huius causa et detrahendae spoliandae -que dignitatis gratia dixerunt primum respondeam .",50,15.0,0.0,3,3
M_Tullius_Cicero_Oratio_pro_Caelio_1-5,9,"obiectus est pater varie , quod aut parum splendidus ipse aut parum pie tractatus a filio diceretur . (esse)",36,7.0,1.0,2,5
M_Tullius_Cicero_Oratio_pro_Caelio_16-20,1,"quod haud scio an de ambitu et de criminibus istis sodalium ac sequestrium , quoniam huc incidi , similiter respondendum putem .",50,9.0,2.0,3,3
M_Tullius_Cicero_Oratio_pro_Caelio_16-20,10,"vos autem dum illi placere voltis , ad tempus eius mendacium vestrum accommodavistis .",47,7.0,0.0,2,3
M_Tullius_Cicero_Oratio_pro_Caelio_16-20,11,reprehendistis a patre quod semigrarit .,7,4.0,1.0,2,5
M_Tullius_Cicero_Oratio_pro_Caelio_16-20,12,quod quidem in hac aetate minime reprendendum est .,49,4.0,3.0,1,1
M_Tullius_Cicero_Oratio_pro_Caelio_16-20,13,"qui cum et ex publica causa iam esset mihi quidem molestam , sibi tamen gloriosam victoriam consecutus et per aetatem magistratus petere posset , non modo permittente patre sed etiam suadente ab eo semigravit et , cum domus patris a foro longe abesset , quo facilius et nostras domus obire et ipse a suis coli posset , conduxit in Palatio non magno domum .",50,14.0,7.0,6,4
M_Tullius_Cicero_Oratio_pro_Caelio_16-20,14,"quo loco possum dicere id quod vir clarissimus , M. Crassus , cum de adventu regis Ptolemaei quereretur , paulo ante dixit : [ ] Vtinam ne in nemore Pelio — ac longius mihi quidem contexere hoc carmen liceret : nam numquam era errans hanc molestiam nobis exhiberet Medea animo aegro , amore saevo saucia . [ aposiopesis - trabes accidisset ] [ ]",49,20.0,2.0,5,5
M_Tullius_Cicero_Oratio_pro_Caelio_16-20,15,"sic enim , iudices , reperietis quod , cum ad id loci venero , ostendam , hanc Palatinam Medeam migrationem -que hanc adulescenti causam si -ve malorum omnium si -ve potius sermonum fuisse .",50,11.0,6.0,3,6
M_Tullius_Cicero_Oratio_pro_Caelio_16-20,16,"quam ob rem illa quae ex accusatorum oratione praemuniri iam et fingi intellegebam , fretus vestra prudentia , iudices , non pertimesco .",21,9.0,3.0,2,2
M_Tullius_Cicero_Oratio_pro_Caelio_16-20,17,aiebant enim fore testem senatorem qui se pontificiis comitiis pulsatum a Caelio diceret . [ ],45,7.0,6.0,2,4
M_Tullius_Cicero_Oratio_pro_Caelio_16-20,18,"A quo quaeram , si prodierit , primum cur statim nihil egerit , deinde , si id queri quam agere maluerit , cur productus a vobis potius quam ipse per se , cur tanto post potius quam continuo queri maluerit . (quaeram) (voluerit) (venerit) (voluerit queri)",44,11.0,8.0,5,6
M_Tullius_Cicero_Oratio_pro_Caelio_16-20,19,"si mihi ad haec acute argute -que responderit , tum quaeram denique ex quo iste fonte senator emanet .",40,8.0,4.0,3,6
M_Tullius_Cicero_Oratio_pro_Caelio_16-20,2,"numquam enim tam Caelius amens fuisset ut , si sese isto infinito ambitu commaculasset , ambitus alterum accusaret , ne -que eius facti in altero suspicionem quaereret cuius ipse sibi perpetuam licentiam optaret , ne -c , si sibi semel periculum ambitus subeundum putaret , ipse alterum iterum ambitus crimine arcesseret .",51,15.0,3.0,7,6
M_Tullius_Cicero_Oratio_pro_Caelio_16-20,20,"nam si ipse orietur et nascetur ex sese , fortasse , ut soleo , commovebor ; sin autem est rivolus arcessitus et ductus ab ipso capite accusationis vestrae , laetabor , cum tanta gratia tantis -que opibus accusatio vestra nitatur , unum senatorem esse solum qui vobis gratificari vellet inventum .",47,14.0,9.0,8,5
M_Tullius_Cicero_Oratio_pro_Caelio_16-20,21,de teste Fufio . [ ] (testimonium hic redditum est),15,3.0,3.0,0,0
M_Tullius_Cicero_Oratio_pro_Caelio_16-20,22,ne -c tamen illud genus alterum nocturnorum testium perhorresco .,53,4.0,0.0,1,1
M_Tullius_Cicero_Oratio_pro_Caelio_16-20,23,est enim dictum ab illis fore qui dicerent uxores suas a cena redeuntis attrectatas esse a Caelio .,40,9.0,7.0,2,4
M_Tullius_Cicero_Oratio_pro_Caelio_16-20,24,"graves erunt homines qui hoc iurati dicere audebunt , cum sit eis confitendum numquam se ne congressu quidem et constituto coepisse de tantis iniuriis experiri .",44,11.0,4.0,3,5
M_Tullius_Cicero_Oratio_pro_Caelio_16-20,25,"sed totum genus oppugnationis huius , iudices , et iam prospicitis animis et , cum inferetur , propulsare debebitis .",34,9.0,0.0,3,5
M_Tullius_Cicero_Oratio_pro_Caelio_16-20,26,non enim ab isdem accusatur M. Caelius a quibus oppugnatur ;,47,7.0,5.0,2,2
M_Tullius_Cicero_Oratio_pro_Caelio_16-20,27,"palam in eum tela iaciuntur , clam subministrantur .",35,5.0,2.0,2,2
M_Tullius_Cicero_Oratio_pro_Caelio_16-20,3,"quod quamquam ne -c sapienter et me invito facit , tamen est eius modi cupiditas ut magis insectari alterius innocentiam quam de se timide cogitare videatur . (videatur)",52,17.0,1.0,3,4
M_Tullius_Cicero_Oratio_pro_Caelio_16-20,4,"nam quod aes alienum obiectum est , sumptus reprehensi , tabulae flagitatae , videte quam pauca respondeam .",25,8.0,4.0,3,3
M_Tullius_Cicero_Oratio_pro_Caelio_16-20,5,tabulas qui in patris potestate est nullas conficit .,27,6.0,4.0,2,1
M_Tullius_Cicero_Oratio_pro_Caelio_16-20,6,versuram numquam omnino fecit ullam .,35,3.0,2.0,1,3
M_Tullius_Cicero_Oratio_pro_Caelio_16-20,7,"sumptus unius generis obiectus est , habitationis ;",5,5.0,3.0,1,1
M_Tullius_Cicero_Oratio_pro_Caelio_16-20,8,triginta milibus dixistis habitare .,10,3.0,0.0,1,3
M_Tullius_Cicero_Oratio_pro_Caelio_16-20,9,"nunc demum intellego P. Clodi insulam esse venalem , cuius hic in aediculis habitat decem , ut opinor , milibus .",29,9.0,2.0,3,2
M_Tullius_Cicero_Oratio_pro_Caelio_21-25,1,ne -que ego id dico ut invidiosum sit in eos quibus gloriosum etiam hoc esse debet .,32,10.0,0.0,3,3
M_Tullius_Cicero_Oratio_pro_Caelio_21-25,10,"res cum re , causa cum causa , ratio cum ratione pugnabit . (pugnabit) (pugnabit)",50,6.0,3.0,1,5
M_Tullius_Cicero_Oratio_pro_Caelio_21-25,11,"itaque illam partem causae facile patior graviter et ornate a M. Crasso peroratam de seditionibus Neapolitanis , de Alexandrinorum pulsatione Puteolana , de bonis Pallae .",50,8.0,4.0,1,2
M_Tullius_Cicero_Oratio_pro_Caelio_21-25,12,vellem dictum esset ab eodem etiam de Dione .,31,4.0,3.0,2,4
M_Tullius_Cicero_Oratio_pro_Caelio_21-25,13,de quo ipso tamen quid est quod exspectetis ?,40,5.0,1.0,2,3
M_Tullius_Cicero_Oratio_pro_Caelio_21-25,14,quod is qui fecit aut non timet aut etiam fatetur ;,14,5.0,2.0,3,3
M_Tullius_Cicero_Oratio_pro_Caelio_21-25,15,est enim rex ;,17,2.0,1.0,1,1
M_Tullius_Cicero_Oratio_pro_Caelio_21-25,16,"qui autem dictus est adiutor fuisse et conscius , P. Asicius , iudicio est liberatus .",47,6.0,0.0,2,1
M_Tullius_Cicero_Oratio_pro_Caelio_21-25,17,"quod igitur est eius modi crimen ut qui commisit non neget , qui negavit absolutus sit , id hic pertimescat qui non modo a facti verum etiam a conscientiae suspicione afuit ? (suspicione) (afuit)",52,13.0,11.0,7,3
M_Tullius_Cicero_Oratio_pro_Caelio_21-25,18,"et , si Asicio causa plus profuit quam nocuit invidia , huic oberit maledictum tuum qui istius facti non modo suspicione sed ne infamia quidem est aspersus ? (aspersus)",50,12.0,0.0,4,5
M_Tullius_Cicero_Oratio_pro_Caelio_21-25,19,at praevaricatione est Asicius liberatus .,45,2.0,0.0,1,1
M_Tullius_Cicero_Oratio_pro_Caelio_21-25,2,"funguntur officio , defendunt suos , faciunt quod viri fortissimi solent ; (facere)",40,6.0,4.0,3,1
M_Tullius_Cicero_Oratio_pro_Caelio_21-25,20,"perfacile est isti loco respondere , mihi praesertim a quo illa causa defensa est .",50,8.0,5.0,2,1
M_Tullius_Cicero_Oratio_pro_Caelio_21-25,21,sed Caelius optimam causam Asici esse arbitratur ;,50,4.0,0.0,1,2
M_Tullius_Cicero_Oratio_pro_Caelio_21-25,22,"cuicuimodi autem sit , a sua putat esse seiunctam .",47,5.0,0.0,2,3
M_Tullius_Cicero_Oratio_pro_Caelio_21-25,23,"ne -que solum Caelius sed etiam adulescentes humanissimi et doctissimi , rectissimis studiis atque optimis artibus praediti , Titus Gaius -que Coponii qui ex omnibus maxime Dionis mortem doluerunt , qui cum doctrinae studio atque humanitatis tum etiam hospitio Dionis tenebantur . (putant) (putat) (tenebantur)",51,13.0,9.0,2,3
M_Tullius_Cicero_Oratio_pro_Caelio_21-25,24,"habitabat apud Titum , ut audistis , Dio , erat ei cognitus Alexandriae .",47,6.0,4.0,3,3
M_Tullius_Cicero_Oratio_pro_Caelio_21-25,25,"quid aut hic aut summo splendore praeditus frater eius de M. Caelio existimet ex ipsis , si producti erunt , audietis .",16,9.0,2.0,3,5
M_Tullius_Cicero_Oratio_pro_Caelio_21-25,26,"ergo haec removeantur , ut aliquando , in quibus causa nititur , ad ea veniamus .",50,8.0,3.0,3,4
M_Tullius_Cicero_Oratio_pro_Caelio_21-25,27,"animadverti enim , iudices , audiri a vobis meum familiarem , L. Herennium , perattente .",17,6.0,4.0,1,3
M_Tullius_Cicero_Oratio_pro_Caelio_21-25,28,"in quo etsi magna ex parte ingenio eius et dicendi genere quodam tenebamini , tamen non numquam verebar ne illa subtiliter ad criminandum inducta oratio ad animos vestros sensim ac leniter accederet .",36,11.0,5.0,3,4
M_Tullius_Cicero_Oratio_pro_Caelio_21-25,29,"dixit enim multa de luxurie , multa de libidine , multa de vitiis iuventutis , multa de moribus et , qui in reliqua vita mitis esset et in hac suavitate humanitatis qua prope iam delectantur omnes versari periucunde soleret , fuit in hac causa pertristis quidam patruus , censor , magister ;",50,15.0,6.0,5,4
M_Tullius_Cicero_Oratio_pro_Caelio_21-25,3,"laesi dolent , irati efferuntur , pugnant lacessiti .",51,4.0,2.0,3,2
M_Tullius_Cicero_Oratio_pro_Caelio_21-25,30,"obiurgavit M. Caelium , sicut neminem umquam parens ; (obiurgat)",29,5.0,1.0,1,3
M_Tullius_Cicero_Oratio_pro_Caelio_21-25,31,multa de incontinentia intemperantia -que disseruit .,15,4.0,4.0,1,3
M_Tullius_Cicero_Oratio_pro_Caelio_21-25,32,"quid quaeritis , iudices ?",10,3.0,2.0,1,1
M_Tullius_Cicero_Oratio_pro_Caelio_21-25,33,"ignoscebam vobis attente audientibus , propterea quod egomet tam triste illud , tam asperum genus orationis horrebam .",41,9.0,3.0,2,2
M_Tullius_Cicero_Oratio_pro_Caelio_21-25,4,"sed vestrae sapientiae tamen est , iudices , non , si causa iusta est viris fortibus oppugnandi M. Caelium , ideo vobis quoque causam putare esse iustam alieno dolori potius quam vestrae fidei consulendi . (consulitis)",50,13.0,0.0,2,1
M_Tullius_Cicero_Oratio_pro_Caelio_21-25,5,"iam quae sit multitudo in foro , quae genera , quae studia , quae varietas hominum videtis . (sint) (sint) (sit)",25,6.0,4.0,2,3
M_Tullius_Cicero_Oratio_pro_Caelio_21-25,6,"ex hac copia quam multos esse arbitramini qui hominibus potentibus , gratiosis , disertis , cum aliquid eos velle arbitrentur , ultro se offerre soleant , operam navare , testimonium polliceri ?",53,8.0,0.0,1,3
M_Tullius_Cicero_Oratio_pro_Caelio_21-25,7,"hoc ex genere si qui se in hoc iudicium forte proiecerint , excluditote eorum cupiditatem , iudices , sapientia vestra , ut eodem tempore et huius saluti et religioni vestrae et contra periculosas hominum potentias condicioni omnium civium providisse videamini .",53,13.0,5.0,3,6
M_Tullius_Cicero_Oratio_pro_Caelio_21-25,8,"equidem vos abducam a testibus ne -que huius iudici veritatem quae mutari nullo modo potest in voluntate testium conlocari sinam quae facillime fingi , nullo negotio flecti ac detorqueri potest .",52,12.0,8.0,4,5
M_Tullius_Cicero_Oratio_pro_Caelio_21-25,9,"argumentis agemus , signis luce omni clarioribus crimina refellemus ;",22,7.0,5.0,2,5
M_Tullius_Cicero_Oratio_pro_Caelio_26-30,1,"ac prima pars fuit illa quae me minus movebat , fuisse meo necessario Bestiae Caelium familiarem , cenasse apud eum , ventitasse domum , studuisse praeturae . [ ]",47,10.0,4.0,2,3
M_Tullius_Cicero_Oratio_pro_Caelio_26-30,10,"tibi autem , Balbe , respondeo primum precario , si licet , si fas est defendi a me eum qui nullum convivium renuerit , qui in hortis fuerit , qui unguenta sumpserit , qui Baias viderit .",47,11.0,0.0,8,5
M_Tullius_Cicero_Oratio_pro_Caelio_26-30,11,"equidem multos et vidi in hac civitate et audivi , non modo qui primoribus labris gustassent genus hoc vitae et extremis , ut dicitur , digitis attigissent sed qui totam adulescentiam voluptatibus dedidissent , emersisse aliquando et se ad frugem bonam , ut dicitur , recepisse gravis -que homines atque inlustris fuisse .",51,12.0,6.0,7,6
M_Tullius_Cicero_Oratio_pro_Caelio_26-30,12,"datur enim concessu omnium huic aliqui ludus aetati , et ipsa natura profundit adulescentiae cupiditates .",49,6.0,3.0,2,2
M_Tullius_Cicero_Oratio_pro_Caelio_26-30,13,"quae si ita erumpunt ut nullius vitam labefactent , nullius domum evertant , faciles et tolerabiles haberi solent . (esse)",43,12.0,6.0,4,3
M_Tullius_Cicero_Oratio_pro_Caelio_26-30,14,sed tu mihi videbare ex communi infamia iuventutis aliquam invidiam Caelio velle conflare .,45,6.0,0.0,1,3
M_Tullius_Cicero_Oratio_pro_Caelio_26-30,15,itaque omne illud silentium quod est orationi tributum tuae fuit ob eam causam quod uno reo proposito de multorum vitiis cogitabamus . [ ],53,11.0,7.0,3,3
M_Tullius_Cicero_Oratio_pro_Caelio_26-30,16,facile est accusare luxuriem .,47,3.0,2.0,1,1
M_Tullius_Cicero_Oratio_pro_Caelio_26-30,17,"dies iam me deficiat , si quae dici in eam sententiam possunt coner expromere ;",36,9.0,1.0,3,4
M_Tullius_Cicero_Oratio_pro_Caelio_26-30,18,"de corruptelis , de adulteriis , de protervitate , de sumptibus immensa oratio est .",17,5.0,1.0,1,1
M_Tullius_Cicero_Oratio_pro_Caelio_26-30,19,"Vt tibi reum neminem sed vitia ista proponas , res tamen ipsa et copiose et graviter accusari potest .",53,8.0,5.0,2,3
M_Tullius_Cicero_Oratio_pro_Caelio_26-30,2,non me haec movent quae perspicue falsa sunt ;,15,5.0,4.0,2,1
M_Tullius_Cicero_Oratio_pro_Caelio_26-30,20,"sed vestrae sapientiae , iudices , est non abduci ab reo ne -c , quos aculeos habeat severitas gravitas -que vestra , cum eos accusator erexerit in rem , in vitia , in mores , in tempora , emittere in hominem et in reum , cum is non suo crimine sed multorum vitio sit in quoddam odium iniustum vocatus . (vocatus sit)",30,11.0,0.0,4,5
M_Tullius_Cicero_Oratio_pro_Caelio_26-30,21,itaque ego severitati tuae ita ut oportet respondere non audeo .,43,5.0,4.0,2,1
M_Tullius_Cicero_Oratio_pro_Caelio_26-30,22,erat enim meum deprecari vacationem adulescentiae veniam -que petere .,42,4.0,3.0,1,2
M_Tullius_Cicero_Oratio_pro_Caelio_26-30,23,"non , inquam , audeo ;",40,3.0,1.0,2,1
M_Tullius_Cicero_Oratio_pro_Caelio_26-30,24,"perfugiis nihil utor aetatis , concessa omnibus iura dimitto ;",49,7.0,1.0,1,1
M_Tullius_Cicero_Oratio_pro_Caelio_26-30,25,"tantum peto ut , si qua est invidia communis hoc tempore aeris alieni , petulantiae , libidinum iuventutis , quam video esse magnam , tamen ne huic aliena peccata , ne aetatis ac temporum vitia noceant . (noceant)",49,10.0,5.0,4,3
M_Tullius_Cicero_Oratio_pro_Caelio_26-30,26,atque ego idem qui haec postulo quin criminibus quae in hunc proprie conferuntur diligentissime respondeam non recuso .,35,9.0,0.0,4,3
M_Tullius_Cicero_Oratio_pro_Caelio_26-30,27,"sunt autem duo crimina , auri et veneni , in quibus una atque eadem persona versatur .",48,6.0,4.0,1,1
M_Tullius_Cicero_Oratio_pro_Caelio_26-30,28,"aurum sumptum a Clodia , venenum quaesitum quod Clodiae daretur , ut dicitur .",48,7.0,4.0,2,5
M_Tullius_Cicero_Oratio_pro_Caelio_26-30,29,"omnia sunt alia non crimina sed maledicta , iurgi petulantis magis quam publicae quaestionis . (sunt) (sunt) (sunt)",25,9.0,5.0,1,1
M_Tullius_Cicero_Oratio_pro_Caelio_26-30,3,etenim eos una cenasse dixit qui aut absunt aut quibus necesse est idem dicere .,31,7.0,6.0,3,3
M_Tullius_Cicero_Oratio_pro_Caelio_26-30,30,"' adulter , impudicus , sequester ' convicium est , non accusatio . (est)",1,5.0,2.0,1,1
M_Tullius_Cicero_Oratio_pro_Caelio_26-30,31,"nullum est enim fundamentum horum criminum , nullae sedes ;",17,4.0,3.0,1,1
M_Tullius_Cicero_Oratio_pro_Caelio_26-30,32,voces sunt contumeliosae temere ab irato accusatore nullo auctore emissae .,48,5.0,3.0,1,1
M_Tullius_Cicero_Oratio_pro_Caelio_26-30,4,ne -que vero illud me commovet quod sibi in Lupercis sodalem esse Caelium dixit . [ ],8,7.0,0.0,2,3
M_Tullius_Cicero_Oratio_pro_Caelio_26-30,5,"fera quaedam sodalitas et plane pastoricia atque agrestis germanorum Lupercorum , quorum coitio illa silvestris ante est instituta quam humanitas atque leges , si quidem non modo nomina deferunt inter se sodales sed etiam commemorant sodalitatem in accusando , ut ne quis id forte nesciat timere videantur ! (est) (institutae sunt)",47,17.0,1.0,5,4
M_Tullius_Cicero_Oratio_pro_Caelio_26-30,6,sed haec omitto ; ad illa quae me magis moverunt respondeo .,45,7.0,0.0,3,3
M_Tullius_Cicero_Oratio_pro_Caelio_26-30,7,"deliciarum obiurgatio fuit longa , etiam lenior , plus -que disputationis habuit quam atrocitatis , quo etiam audita est attentius . (id habuit)",25,9.0,5.0,3,3
M_Tullius_Cicero_Oratio_pro_Caelio_26-30,8,"nam P. Clodius , amicus meus , cum se gravissime vehementissime -que iactaret et omnia inflammatus ageret tristissimis verbis , voce maxima , tametsi probabam eius eloquentiam , tamen non pertimescebam ;",41,10.0,1.0,4,4
M_Tullius_Cicero_Oratio_pro_Caelio_26-30,9,aliquot enim in causis eum videram frustra litigantem .,50,6.0,1.0,1,4
M_Tullius_Cicero_Oratio_pro_Caelio_31-35,1,"Horum duorum criminum video auctorem , video fontem , video certum nomen et caput .",33,7.0,3.0,3,1
M_Tullius_Cicero_Oratio_pro_Caelio_31-35,10,"sed intellegis pro tua praestanti prudentia , Cn. Domiti , cum hac sola rem esse nobis .",28,8.0,5.0,1,1
M_Tullius_Cicero_Oratio_pro_Caelio_31-35,11,"quae si se aurum Caelio commodasse non dicit , si venenum ab hoc sibi paratum esse non arguit , petulanter facimus , si matrem familias secus quam matronarum sanctitas postulat nominamus .",48,13.0,1.0,5,1
M_Tullius_Cicero_Oratio_pro_Caelio_31-35,12,"sin ista muliere remota ne -c crimen ullum ne -c opes ad oppugnandum M. Caelium illis relinquuntur , quid est aliud quod nos patroni facere debeamus , ni -si ut eos qui insectantur repellamus ? (est) [ ]",47,14.0,7.0,5,3
M_Tullius_Cicero_Oratio_pro_Caelio_31-35,13,"quod quidem facerem vehementius , ni -si intercederent mihi inimicitiae cum istius mulieris viro — fratrem volui dicere ;",47,10.0,1.0,3,4
M_Tullius_Cicero_Oratio_pro_Caelio_31-35,14,semper hic erro .,15,2.0,1.0,1,1
M_Tullius_Cicero_Oratio_pro_Caelio_31-35,15,nunc agam modice ne -c longius progrediar quam me mea fides et causa ipsa coget :,53,9.0,7.0,3,5
M_Tullius_Cicero_Oratio_pro_Caelio_31-35,16,"ne -c enim muliebris umquam inimicitias mihi gerendas putavi , praesertim cum ea quam omnes semper amicam omnium potius quam cuiusquam inimicam putaverunt . (putaverunt esse) (esse)",47,12.0,0.0,2,3
M_Tullius_Cicero_Oratio_pro_Caelio_31-35,17,"sed tamen ex ipsa quaeram prius utrum me se -cum severe et graviter et prisce agere malit , an remisse et leniter et urbane .",52,8.0,0.0,2,5
M_Tullius_Cicero_Oratio_pro_Caelio_31-35,18,"si illo austero more ac modo , aliquis mihi ab inferis excitandus est ex barbatis illis , non hac barbula qua ista delectatur sed illa horrida quam in statuis antiquis atque imaginibus videmus , qui obiurget mulierem et qui pro me loquatur ne mihi ista forte suscenseat . (mavult agi)",52,14.0,9.0,6,4
M_Tullius_Cicero_Oratio_pro_Caelio_31-35,19,exsistat igitur ex hac ipsa familia aliquis ac potissimum Caecus ille ; (exsistat),32,8.0,5.0,1,3
M_Tullius_Cicero_Oratio_pro_Caelio_31-35,2,auro opus fuit ;,41,2.0,1.0,1,3
M_Tullius_Cicero_Oratio_pro_Caelio_31-35,20,minimum enim dolorem capiet qui istam non videbit .,33,4.0,2.0,2,5
M_Tullius_Cicero_Oratio_pro_Caelio_31-35,21,"qui profecto , si exstiterit , sic aget ac sic loquetur :",36,4.0,2.0,3,6
M_Tullius_Cicero_Oratio_pro_Caelio_31-35,22,"' mulier , quid tibi cum Caelio , quid cum homine adulescentulo , quid cum alieno ? (est) (est) (est) [ ]",47,7.0,4.0,0,0
M_Tullius_Cicero_Oratio_pro_Caelio_31-35,23,"cur aut tam familiaris fuisti ut aurum commodares , aut tam inimica ut venenum timeres ? (fuisti)",48,12.0,1.0,3,4
M_Tullius_Cicero_Oratio_pro_Caelio_31-35,24,"non patrem tuum videras , non patruum , non avum , non proavum , non abavum , non atavum audieras consules fuisse ; (audieras) (audieras) (audieras) (audieras) (fuisse consulem) (fuisse consulem) (fuisse consulem) (fuisse consulem) (fuisse consulem)",15,7.0,3.0,2,4
M_Tullius_Cicero_Oratio_pro_Caelio_31-35,25,"non denique modo te Q. Metelli matrimonium tenuisse sciebas , clarissimi ac fortissimi viri patriae -que amantissimi , qui simul ac pedem limine extulerat , omnis prope civis virtute , gloria , dignitate superabat ?",46,10.0,2.0,3,4
M_Tullius_Cicero_Oratio_pro_Caelio_31-35,26,"cum ex amplissimo genere in familiam clarissimam nupsisses , cur tibi Caelius tam coniunctus fuit ?",46,6.0,5.0,2,6
M_Tullius_Cicero_Oratio_pro_Caelio_31-35,27,"cognatus , adfinis , viri tui familiaris ? (fuit)",9,4.0,0.0,0,0
M_Tullius_Cicero_Oratio_pro_Caelio_31-35,28,nihil eorum . (fuit),44,2.0,2.0,0,0
M_Tullius_Cicero_Oratio_pro_Caelio_31-35,29,quid igitur fuit ni -si quaedam temeritas ac libido ? (fuit),32,5.0,1.0,1,3
M_Tullius_Cicero_Oratio_pro_Caelio_31-35,3,"sumpsit a Clodia , sumpsit sine teste , habuit quamdiu voluit .",25,6.0,3.0,4,3
M_Tullius_Cicero_Oratio_pro_Caelio_31-35,30,"non -ne te , si nostrae imagines viriles non commovebant , ne progenies quidem mea , Q. illa Claudia , aemulam domesticae laudis in gloria muliebri esse admonebat , non virgo illa Vestalis Claudia quae patrem complexa triumphantem ab inimico tribuno plebei de curru detrahi passa non est ? (admonebat) [ ]",44,14.0,8.0,3,2
M_Tullius_Cicero_Oratio_pro_Caelio_31-35,31,cur te fraterna vitia potius quam bona paterna et avita et usque a nobis cum in viris tum etiam in feminis repetita moverunt ? (repetita) (moverunt) [ ],28,11.0,6.0,1,3
M_Tullius_Cicero_Oratio_pro_Caelio_31-35,32,"ideo -ne ego pacem Pyrrhi diremi ut tu amorum turpissimorum cotidie foedera ferires , ideo aquam adduxi ut ea tu inceste uterere , ideo viam munivi ut eam tu alienis viris comitata celebrares ? '",52,13.0,5.0,6,5
M_Tullius_Cicero_Oratio_pro_Caelio_31-35,33,"sed quid ego , iudices , ita gravem personam induxi ut verear ne se idem Appius repente convertat et Caelium incipiat accusare illa sua gravitate censoria ?",47,13.0,0.0,4,4
M_Tullius_Cicero_Oratio_pro_Caelio_31-35,34,"sed videro hoc posterius atque ita , iudices , ut vel severissimis disceptatoribus M. Caeli vitam me probaturum esse confidam .",43,9.0,4.0,1,3
M_Tullius_Cicero_Oratio_pro_Caelio_31-35,35,"tu vero , mulier — iam enim ipse te -cum nulla persona introducta loquor — si ea quae facis , quae dicis , quae insimulas , quae moliris , quae arguis , probare cogitas , rationem tantae familiaritatis , tantae consuetudinis , tantae coniunctionis reddas atque exponas necesse est .",47,14.0,5.0,10,5
M_Tullius_Cicero_Oratio_pro_Caelio_31-35,36,"accusatores quidem libidines , amores , adulteria , Baias , actas , convivia , comissationes , cantus , symphonias , navigia iactant , idem -que significant nihil se te invita dicere .",44,7.0,4.0,2,1
M_Tullius_Cicero_Oratio_pro_Caelio_31-35,37,"quae tu quoniam mente nescio qua effrenata atque praecipiti in forum deferri iudicium -que voluisti , aut diluas oportet ac falsa esse doceas aut nihil ne -que crimini tuo ne -que testimonio credendum esse fateare .",44,12.0,3.0,6,4
M_Tullius_Cicero_Oratio_pro_Caelio_31-35,4,maximum video signum cuiusdam egregiae familiaritatis .,22,3.0,0.0,1,1
M_Tullius_Cicero_Oratio_pro_Caelio_31-35,5,necare eandem voluit ;,31,2.0,2.0,1,3
M_Tullius_Cicero_Oratio_pro_Caelio_31-35,6,"quaesivit venenum , sollicitavit servos , potionem paravit , locum constituit , clam attulit .",48,4.0,2.0,5,3
M_Tullius_Cicero_Oratio_pro_Caelio_31-35,7,Magnum rursus odium video cum crudelissimo discidio exstitisse .,35,5.0,4.0,1,1
M_Tullius_Cicero_Oratio_pro_Caelio_31-35,8,"res est omnis in hac causa nobis , iudices , cum Clodia , muliere non solum nobili verum etiam nota ;",50,10.0,6.0,1,1
M_Tullius_Cicero_Oratio_pro_Caelio_31-35,9,de qua ego nihil dicam ni -si depellendi criminis causa . (dicam),50,7.0,2.0,1,5
M_Tullius_Cicero_Oratio_pro_Caelio_36-40,1,"sin autem urbanius me agere mavis , sic agam te -cum .",47,6.0,0.0,2,5
M_Tullius_Cicero_Oratio_pro_Caelio_36-40,10,saepius videre voluisti ;,15,2.0,1.0,1,3
M_Tullius_Cicero_Oratio_pro_Caelio_36-40,11,fuisti non numquam in isdem hortis ;,31,4.0,2.0,1,3
M_Tullius_Cicero_Oratio_pro_Caelio_36-40,12,vis nobilis mulier illum filium familias patre parco ac tenaci habere tuis copiis devinctum .,47,7.0,2.0,1,1
M_Tullius_Cicero_Oratio_pro_Caelio_36-40,13,non potes ;,8,1.0,1.0,1,1
M_Tullius_Cicero_Oratio_pro_Caelio_36-40,14,"calcitrat , respuit , repellit , non putat tua dona esse tanti .",47,5.0,3.0,4,1
M_Tullius_Cicero_Oratio_pro_Caelio_36-40,16,habes hortos ad Tiberim ac diligenter eo loco paratos quo omnis iuventus natandi causa venit ;,50,7.0,5.0,2,1
M_Tullius_Cicero_Oratio_pro_Caelio_36-40,17,hinc licet condiciones cotidie legas ;,49,2.0,0.0,2,3
M_Tullius_Cicero_Oratio_pro_Caelio_36-40,18,cur huic qui te spernit molesta es ? ',15,5.0,4.0,2,1
M_Tullius_Cicero_Oratio_pro_Caelio_36-40,19,"redeo nunc ad te , Caeli , vicissim ac mihi auctoritatem patriam severitatem -que suscipio .",44,6.0,3.0,2,1
M_Tullius_Cicero_Oratio_pro_Caelio_36-40,2,removebo illum senem durum ac paene agrestem ;,32,4.0,0.0,1,5
M_Tullius_Cicero_Oratio_pro_Caelio_36-40,20,"sed dubito quem patrem potissimum sumam , Caecilianum -ne aliquem vehementem atque durum : nunc enim demum mi animus ardet , nunc meum cor cumulatur ira aut illum : (sumam) O infelix , o sceleste ! (qui diceret) (qui diceret)",53,12.0,4.0,4,5
M_Tullius_Cicero_Oratio_pro_Caelio_36-40,21,ferrei sunt isti patres :,7,3.0,2.0,1,1
M_Tullius_Cicero_Oratio_pro_Caelio_36-40,22,"ego -ne quid dicam , quid velim ? (illi dicerent)",15,4.0,0.0,2,3
M_Tullius_Cicero_Oratio_pro_Caelio_36-40,23,"quae tu omnia tuis foedis factis facis ut nequiquam velim , vix ferendi . (dicerent)",40,6.0,2.0,2,3
M_Tullius_Cicero_Oratio_pro_Caelio_36-40,24,diceret talis pater : ' cur te in istam vicinitatem meretriciam contulisti ?,22,6.0,4.0,2,4
M_Tullius_Cicero_Oratio_pro_Caelio_36-40,25,cur inlecebris cognitis non refugisti ? ' (talis pater diceret),11,3.0,0.0,1,3
M_Tullius_Cicero_Oratio_pro_Caelio_36-40,26,cur alienam ullam mulierem nosti ? (talis pater diceret),47,3.0,0.0,1,3
M_Tullius_Cicero_Oratio_pro_Caelio_36-40,27,Dide ac dissice ; (talis pater diceret),32,2.0,0.0,2,2
M_Tullius_Cicero_Oratio_pro_Caelio_36-40,28,per me tibi licet . (talis pater diceret),6,3.0,0.0,1,1
M_Tullius_Cicero_Oratio_pro_Caelio_36-40,29,"si egebis , tibi dolebit , non mihi . (talis pater diceret) (dolebit)",51,6.0,0.0,2,5
M_Tullius_Cicero_Oratio_pro_Caelio_36-40,3,"ex his igitur sumam aliquem ac potissimum minimum fratrem qui est in isto genere urbanissimus ; (sumam) qui te amat plurimum , qui propter nescio quam , credo , timiditatem et nocturnos quosdam inanis metus te -cum semper pusio cum maiore sorore cubitabat .",53,13.0,8.0,6,5
M_Tullius_Cicero_Oratio_pro_Caelio_36-40,30,mihi sat est qui aetatis quod relicuom est oblectem meae . (talis pater diceret),49,8.0,0.0,3,3
M_Tullius_Cicero_Oratio_pro_Caelio_36-40,31,huic tristi ac derecto seni responderet Caelius se nulla cupiditate inductum de via decessisse .,32,8.0,3.0,1,4
M_Tullius_Cicero_Oratio_pro_Caelio_36-40,32,quid signi ? (est),22,2.0,2.0,0,0
M_Tullius_Cicero_Oratio_pro_Caelio_36-40,33,"nulli sumptus , nulla iactura , nulla versura . (sunt)",13,4.0,0.0,0,0
M_Tullius_Cicero_Oratio_pro_Caelio_36-40,34,at fuit fama .,45,2.0,2.0,1,3
M_Tullius_Cicero_Oratio_pro_Caelio_36-40,35,"quotus quisque istam effugere potest , praesertim in tam maledica civitate ?",18,7.0,3.0,1,1
M_Tullius_Cicero_Oratio_pro_Caelio_36-40,36,vicinum eius mulieris miraris male audisse cuius frater germanus sermones iniquorum effugere non potuit ?,47,7.0,0.0,2,3
M_Tullius_Cicero_Oratio_pro_Caelio_36-40,37,"leni vero et clementi patre cuius modi ille est : fores ecfregit , restituentur ; discidit vestem , resarcietur . (diceret)",49,10.0,4.0,5,5
M_Tullius_Cicero_Oratio_pro_Caelio_36-40,38,Caeli causa est expeditissima .,50,3.0,1.0,1,1
M_Tullius_Cicero_Oratio_pro_Caelio_36-40,39,quid enim esset in quo se non facile defenderet ?,20,5.0,4.0,2,4
M_Tullius_Cicero_Oratio_pro_Caelio_36-40,4,Eum putato te -cum loqui :,47,3.0,0.0,1,3
M_Tullius_Cicero_Oratio_pro_Caelio_36-40,40,"nihil iam in istam mulierem dico , sed , si esset aliqua dissimilis istius quae se omnibus pervolgaret , quae haberet palam decretum semper aliquem , cuius in hortos , domum , Baias iure suo libidines omnium commearent , quae etiam aleret adulescentis et parsimoniam patrum suis sumptibus sustineret ; [ aposiopesis ]",48,13.0,2.0,7,4
M_Tullius_Cicero_Oratio_pro_Caelio_36-40,41,"si vidua libere , proterva petulanter , dives effuse , libidinosa meretricio more viveret , adulterum ego putarem si quis hanc paulo liberius salutasset ? (viveret) (viveret) (viveret) (esse)",47,10.0,5.0,3,6
M_Tullius_Cicero_Oratio_pro_Caelio_36-40,42,dicet aliquis : ' haec igitur est tua disciplina ?,35,4.0,3.0,2,5
M_Tullius_Cicero_Oratio_pro_Caelio_36-40,43,sic tu instituis adulescentis ? (aliquis dicet),48,2.0,0.0,1,1
M_Tullius_Cicero_Oratio_pro_Caelio_36-40,44,"ob hanc causam tibi hunc puerum parens commendavit et tradidit , ut in amore atque in voluptatibus adulescentiam suam conlocaret , et ut hanc tu vitam atque haec studia defenderes ? ' (aliquis dicet)",51,10.0,0.0,4,4
M_Tullius_Cicero_Oratio_pro_Caelio_36-40,45,"ego , si quis , iudices , hoc robore animi atque hac indole virtutis ac continentiae fuit ut respueret omnis voluptates omnem -que vitae suae cursum in labore corporis atque in animi contentione conficeret , quem non quies , non remissio , non aequalium studia , non ludi , non convivium delectaret , nihil in vita expetendum putaret ni -si quod esset cum laude et cum dignitate coniunctum , hunc mea sententia divinis quibusdam bonis instructum atque ornatum puto . (delectaret) (delectaret) (delectaret) (delectaret)",52,16.0,3.0,7,4
M_Tullius_Cicero_Oratio_pro_Caelio_36-40,46,"ex hoc genere illos fuisse arbitror Camillos , Fabricios , Curios , omnis -que eos qui haec ex minimis tanta fecerunt .",15,8.0,0.0,2,3
M_Tullius_Cicero_Oratio_pro_Caelio_36-40,47,verum haec genera virtutum non solum in moribus nostris sed vix iam in libris reperiuntur . (reperiuntur),30,7.0,4.0,1,2
M_Tullius_Cicero_Oratio_pro_Caelio_36-40,48,chartae quoque quae illam pristinam severitatem continebant obsoleverunt ;,16,5.0,4.0,2,3
M_Tullius_Cicero_Oratio_pro_Caelio_36-40,49,"ne -que solum apud nos qui hanc sectam rationem -que vitae re magis quam verbis secuti sumus sed etiam apud Graecos , doctissimos homines , quibus , cum facere non possent , loqui tamen et scribere honeste et magnifice licebat , alia quaedam mutatis Graeciae temporibus praecepta exstiterunt . (secuti sumus) (exstiterunt)",51,16.0,9.0,4,4
M_Tullius_Cicero_Oratio_pro_Caelio_36-40,5,"' quid tumultuaris , soror ?",21,3.0,2.0,1,2
M_Tullius_Cicero_Oratio_pro_Caelio_36-40,7,quid clamorem exorsa verbis parvam rem magnam facis ?,21,4.0,2.0,1,1
M_Tullius_Cicero_Oratio_pro_Caelio_36-40,8,vicinum adulescentulum aspexisti ;,46,2.0,0.0,1,3
M_Tullius_Cicero_Oratio_pro_Caelio_36-40,9,candor huius te et proceritas voltus oculi -que pepulerunt ;,20,4.0,1.0,1,3
M_Tullius_Cicero_Oratio_pro_Caelio_41-45,1,"itaque alii voluptatis causa omnia sapientes facere dixerunt , ne -que ab hac orationis turpitudine eruditi homines refugerunt ;",52,8.0,4.0,2,3
M_Tullius_Cicero_Oratio_pro_Caelio_41-45,10,"ac multi quidem et nostra et patrum maiorum -que memoria , iudices , summi homines et clarissimi cives fuerunt quorum , cum adulescentiae cupiditates defervissent , eximiae virtutes firmata iam aetate exstiterunt .",49,10.0,0.0,3,6
M_Tullius_Cicero_Oratio_pro_Caelio_41-45,11,ex quibus neminem mihi libet nominare ;,13,5.0,1.0,1,1
M_Tullius_Cicero_Oratio_pro_Caelio_41-45,12,vosmet vobis -cum recordamini .,28,3.0,2.0,1,2
M_Tullius_Cicero_Oratio_pro_Caelio_41-45,13,nolo enim cuiusquam fortis atque inlustris viri ne minimum quidem erratum cum maxima laude coniungere .,44,7.0,4.0,1,1
M_Tullius_Cicero_Oratio_pro_Caelio_41-45,14,"quod si facere vellem , multi a me summi atque ornatissimi viri praedicarentur quorum partim nimia libertas in adulescentia , partim profusa luxuries , magnitudo aeris alieni , sumptus , libidines nominarentur , quae multis postea virtutibus obtecta adulescentiae qui vellet excusatione defenderet . (nominaretur)",52,13.0,3.0,5,5
M_Tullius_Cicero_Oratio_pro_Caelio_41-45,15,"at vero in M. Caelio — dicam enim iam confidentius de studiis eius honestis , quoniam audeo quaedam fretus vestra sapientia libere confiteri — nulla luxuries reperietur , nulli sumptus , nullum aes alienum , nulla conviviorum ac lustrorum libido .",45,11.0,0.0,3,5
M_Tullius_Cicero_Oratio_pro_Caelio_41-45,16,quod quidem vitium ventris et gurgitis non modo non minuit aetas hominibus sed etiam auget .,49,6.0,2.0,2,1
M_Tullius_Cicero_Oratio_pro_Caelio_41-45,17,"amores autem et deliciae quae vocantur , quae firmiore animo praeditis diutius molestae non solent esse — mature enim et celeriter deflorescunt — numquam hunc occupatum impeditum -ve tenuerunt .",47,10.0,0.0,4,3
M_Tullius_Cicero_Oratio_pro_Caelio_41-45,18,"Audistis cum pro se diceret , audistis antea cum accusaret — defendendi haec causa , non gloriandi loquor — genus orationis , facultatem , copiam sententiarum atque verborum , quae vestra prudentia est , perspexistis . (loquor) (causa)",50,13.0,8.0,7,4
M_Tullius_Cicero_Oratio_pro_Caelio_41-45,19,"atque in eo non solum ingenium elucere eius videbatis , quod saepe , etiam si industria non alitur , valet tamen ipsum suis viribus , sed inerat , ni -si me propter benivolentiam forte fallebat , ratio et bonis artibus instituta et cura et vigiliis elaborata .",54,13.0,0.0,5,2
M_Tullius_Cicero_Oratio_pro_Caelio_41-45,2,"alii cum voluptate dignitatem coniungendam putaverunt , ut res maxime inter se repugnantis dicendi facultate coniungerent ;",51,8.0,3.0,2,4
M_Tullius_Cicero_Oratio_pro_Caelio_41-45,20,"atqui scitote , iudices , eas cupiditates quae obiciuntur Caelio atque haec studia de quibus disputo non facile in eodem homine esse posse .",34,9.0,6.0,3,3
M_Tullius_Cicero_Oratio_pro_Caelio_41-45,21,"fieri enim non potest ut animus libidini deditus , amore , desiderio , cupiditate , saepe nimia copia , inopia etiam non numquam impeditus hoc quicquid est quod nos facimus in dicendo , quoquo modo facimus , non modo agendo verum etiam cogitando possit sustinere . (impeditus) (impeditus)",52,14.0,10.0,5,3
M_Tullius_Cicero_Oratio_pro_Caelio_41-45,3,"illud unum derectum iter ad laudem cum labore qui probaverunt , prope soli iam in scholis sunt relicti .",41,6.0,2.0,2,3
M_Tullius_Cicero_Oratio_pro_Caelio_41-45,4,multa enim nobis blandimenta natura ipsa genuit quibus sopita virtus coniveret interdum ; multas vias adulescentiae lubricas ostendit quibus illa insistere aut ingredi sine casu aliquo ac prolapsione vix posset ; multarum rerum iucundissimarum varietatem dedit qua non modo haec aetas sed etiam iam conroborata caperetur . (caperetur) (caperetur),49,14.0,2.0,6,5
M_Tullius_Cicero_Oratio_pro_Caelio_41-45,5,"quam ob rem si quem forte inveneritis qui aspernetur oculis pulchritudinem rerum , non odore ullo , non tactu , non sapore capiatur , excludat auribus omnem suavitatem , huic homini ego fortasse et pauci deos propitios , plerique autem iratos putabunt . (putabunt) (capiatur) (capiatur) (esse)",48,13.0,7.0,4,6
M_Tullius_Cicero_Oratio_pro_Caelio_41-45,6,ergo haec deserta via et inculta atque interclusa iam frondibus et virgultis relinquatur .,32,6.0,5.0,1,4
M_Tullius_Cicero_Oratio_pro_Caelio_41-45,7,"detur aliqui ludus aetati ; sit adulescentia liberior ; non omnia voluptatibus denegentur ; non semper superet vera illa et derecta ratio ; vincat aliquando cupiditas voluptas -que rationem , dum modo illa in hoc genere praescriptio moderatio -que teneatur .",51,10.0,3.0,6,4
M_Tullius_Cicero_Oratio_pro_Caelio_41-45,8,"parcat iuventus pudicitiae suae , ne spoliet alienam , ne effundat patrimonium , ne faenore trucidetur , ne incurrat in alterius domum atque familiam , ne probrum castis , labem integris , infamiam bonis inferat , ne quem vi terreat , ne intersit insidiis , scelere careat . (inferat) (inferat)",54,7.0,4.0,9,4
M_Tullius_Cicero_Oratio_pro_Caelio_41-45,9,"postremo cum paruerit voluptatibus , dederit aliquid temporis ad ludum aetatis atque ad inanis hasce adulescentiae cupiditates , revocet se aliquando ad curam rei domesticae , rei forensis rei -que publicae , ut ea quae ratione antea non perspexerat satietate abiecisse et experiendo contempsisse videatur .",51,13.0,7.0,5,6
M_Tullius_Cicero_Oratio_pro_Caelio_46-50,1,"an vos aliam causam esse ullam putatis cur in tantis praemiis eloquentiae , tanta voluptate dicendi , tanta laude , tanta gratia , tanto honore , tam sint pauci semper -que fuerint qui in hoc labore versentur ? [ ]",51,9.0,0.0,4,5
M_Tullius_Cicero_Oratio_pro_Caelio_46-50,10,"hic ego ipsam rem definiam , mulierem nullam nominabo , tantum in medio relinquam .",47,6.0,3.0,3,5
M_Tullius_Cicero_Oratio_pro_Caelio_46-50,11,"si quae non nupta mulier domum suam patefecerit omnium cupiditati palam -que sese in meretricia vita conlocarit , virorum alienissimorum conviviis uti instituerit , si hoc in urbe , si in hortis , si in Baiarum illa celebritate faciat , si denique ita sese gerat non incessu solum sed ornatu atque comitatu , non flagrantia oculorum , non libertate sermonum , sed etiam complexu , osculatione , actis , navigatione , conviviis , ut non solum meretrix sed etiam proterva meretrix procax -que videatur : cum hac si qui adulescens forte fuerit , utrum hic tibi , L. Herenni , adulter an amator , expugnare pudicitiam an explere libidinem voluisse videatur ? (faciat) (faciat) (videatur) (gerat) (gerat) (gerat) (gerat) (esse)",48,15.0,2.0,8,5
M_Tullius_Cicero_Oratio_pro_Caelio_46-50,12,"obliviscor iam iniurias tuas , Clodia , depono memoriam doloris mei ;",54,7.0,4.0,2,2
M_Tullius_Cicero_Oratio_pro_Caelio_46-50,13,quae abs te crudeliter in meos me absente facta sunt neglego ;,18,4.0,0.0,2,1
M_Tullius_Cicero_Oratio_pro_Caelio_46-50,14,ne sint haec in te dicta quae dixi .,15,5.0,3.0,2,3
M_Tullius_Cicero_Oratio_pro_Caelio_46-50,15,"sed ex te ipsa requiro , quoniam et crimen accusatores abs te et testem eius criminis te ipsam dicunt se habere .",15,10.0,0.0,2,1
M_Tullius_Cicero_Oratio_pro_Caelio_46-50,16,"si quae mulier sit eius modi qualem ego paulo ante descripsi , tui dissimilis , vita instituto -que meretricio , cum hac aliquid adulescentem hominem habuisse rationis num tibi perturpe aut perflagitiosum esse videatur ?",52,11.0,3.0,3,4
M_Tullius_Cicero_Oratio_pro_Caelio_46-50,17,"ea si tu non es , sicut ego malo , quid est quod obiciant Caelio ?",29,7.0,2.0,4,3
M_Tullius_Cicero_Oratio_pro_Caelio_46-50,18,"sin eam te volunt esse , quid est cur nos crimen hoc , si tu contemnis , pertimescamus ?",40,8.0,3.0,4,3
M_Tullius_Cicero_Oratio_pro_Caelio_46-50,19,qua re nobis da viam rationem -que defensionis .,21,4.0,2.0,1,2
M_Tullius_Cicero_Oratio_pro_Caelio_46-50,2,"obterendae sunt omnes voluptates , relinquenda studia delectationis , ludus , iocus , convivium , sermo paene est familiarium deserendus .",51,7.0,4.0,2,1
M_Tullius_Cicero_Oratio_pro_Caelio_46-50,20,"aut enim pudor tuus defendet nihil a M. Caelio petulantius esse factum , aut impudentia et huic et ceteris magnam ad se defendendum facultatem dabit .",44,10.0,5.0,2,5
M_Tullius_Cicero_Oratio_pro_Caelio_46-50,3,"qua re in hoc genere labor offendit homines a studio -que deterret , non quo aut ingenia deficiant aut doctrina puerilis .",51,9.0,4.0,3,3
M_Tullius_Cicero_Oratio_pro_Caelio_46-50,4,"an hic , si sese isti vitae dedidisset , consularem hominem admodum adulescens in iudicium vocavisset ? [ ]",48,7.0,0.0,2,6
M_Tullius_Cicero_Oratio_pro_Caelio_46-50,5,"hic , si laborem fugeret , si obstrictus voluptatibus teneretur , hac in acie cotidie versaretur , appeteret inimicitias , in iudicium vocaret , subiret periculum capitis , ipse inspectante populo Romano tot iam mensis aut de salute aut de gloria dimicaret ?",54,10.0,4.0,7,5
M_Tullius_Cicero_Oratio_pro_Caelio_46-50,6,"nihil -ne igitur illa vicinitas redolet , nihil -ne hominum fama , nihil Baiae denique ipsae loquuntur ? (redolet)",44,6.0,3.0,2,2
M_Tullius_Cicero_Oratio_pro_Caelio_46-50,7,"illae vero non loquuntur solum verum etiam personant , huc unius mulieris libidinem esse prolapsam ut ea non modo solitudinem ac tenebras atque haec flagitiorum integumenta non quaerat sed in turpissimis rebus frequentissima celebritate et clarissima luce laetetur .",47,13.0,10.0,4,4
M_Tullius_Cicero_Oratio_pro_Caelio_46-50,8,"verum si quis est qui etiam meretriciis amoribus interdictum iuventuti putet , est ille quidem valde severus — negare non possum — sed abhorret non modo ab huius saeculi licentia verum etiam a maiorum consuetudine atque concessis . (abhorret)",49,14.0,0.0,5,3
M_Tullius_Cicero_Oratio_pro_Caelio_46-50,9,"quando enim hoc non factitatum est , quando reprehensum , quando non permissum , quando denique fuit ut quod licet non liceret ?",49,7.0,4.0,4,4
M_Tullius_Cicero_Oratio_pro_Caelio_51-55,1,"sed quoniam emersisse iam e vadis et scopulos praetervecta videtur esse oratio mea , perfacilis mihi reliquus cursus ostenditur .",28,8.0,0.0,2,2
M_Tullius_Cicero_Oratio_pro_Caelio_51-55,10,vidit hoc Balbus ;,15,2.0,1.0,1,3
M_Tullius_Cicero_Oratio_pro_Caelio_51-55,11,"celatam esse Clodiam dixit , atque ita Caelium ad illam attulisse , se ad ornatum ludorum aurum quaerere .",43,7.0,0.0,1,3
M_Tullius_Cicero_Oratio_pro_Caelio_51-55,12,"si tam familiaris erat Clodiae quam tu esse vis cum de libidine eius tam multa dicis , dixit profecto quo vellet aurum ; si tam familiaris non erat , non dedit .",41,18.0,4.0,7,4
M_Tullius_Cicero_Oratio_pro_Caelio_51-55,13,"ita si verum tibi Caelius dixit , o immoderata mulier , sciens tu aurum ad facinus dedisti ; si non est ausus dicere , non dedisti .",47,8.0,4.0,4,3
M_Tullius_Cicero_Oratio_pro_Caelio_51-55,14,"quid ego nunc argumentis huic crimini , quae sunt innumerabilia , resistam ?",15,5.0,3.0,2,3
M_Tullius_Cicero_Oratio_pro_Caelio_51-55,15,possum dicere mores M. Caeli longissime a tanti sceleris atrocitate esse disiunctos ; minime esse credendum homini tam ingenioso tam -que prudenti non venisse in mentem rem tanti sceleris ignotis alienis -que servis non esse credendam .,47,11.0,8.0,1,1
M_Tullius_Cicero_Oratio_pro_Caelio_51-55,16,"possum etiam alia et ceterorum patronorum et mea consuetudine ab accusatore perquirere , ubi sit congressus cum servis Luccei Caelius , qui ei fuerit aditus ;",28,11.0,4.0,3,5
M_Tullius_Cicero_Oratio_pro_Caelio_51-55,17,"si per se , qua temeritate ! (fecit) (fecit)",13,6.0,4.0,0,0
M_Tullius_Cicero_Oratio_pro_Caelio_51-55,18,"si per alium , per quem ? (fecit) (fecit)",13,6.0,4.0,0,0
M_Tullius_Cicero_Oratio_pro_Caelio_51-55,19,possum omnis latebras suspicionum peragrare dicendo ;,8,3.0,0.0,1,1
M_Tullius_Cicero_Oratio_pro_Caelio_51-55,2,"duo sunt enim crimina una in muliere summorum facinorum , auri quod sumptum a Clodia dicitur , et veneni quod eiusdem Clodiae necandae causa parasse Caelium criminantur .",50,11.0,7.0,3,2
M_Tullius_Cicero_Oratio_pro_Caelio_51-55,20,"non causa , non locus , non facultas , non conscius , non perficiendi , non occultandi malefici spes , non ratio ulla , non vestigium maximi facinoris reperietur . (reperietur) (reperietur) (reperietur) (reperietur) (reperietur) (reperietur) (reperietur) (spes) (malefici)",50,8.0,3.0,1,5
M_Tullius_Cicero_Oratio_pro_Caelio_51-55,21,"sed haec quae sunt oratoris propria , quae mihi non propter ingenium meum sed propter hanc exercitationem usum -que dicendi fructum aliquem ferre potuissent , cum a me ipso elaborata proferri viderentur , brevitatis causa relinquo omnia .",50,14.0,0.0,4,6
M_Tullius_Cicero_Oratio_pro_Caelio_51-55,22,"habeo enim , iudices , quem vos socium vestrae religionis iuris -que iurandi facile esse patiamini , L. Lucceium , sanctissimum hominem et gravissimum testem , qui tantum facinus in famam atque in fortunas suas ne -que non audisset inlatum a M. Caelio ne -que neglexisset ne -que tulisset .",52,13.0,8.0,5,6
M_Tullius_Cicero_Oratio_pro_Caelio_51-55,23,"an ille vir illa humanitate praeditus , illis studiis , illis artibus atque doctrina illius ipsius periculum quem propter haec ipsa studia diligebat , neglegere potuisset et , quod facinus in alienum hominem intentum severe acciperet , id omisisset curare in hospitem ?",53,17.0,0.0,4,6
M_Tullius_Cicero_Oratio_pro_Caelio_51-55,24,"quod per ignotos actum si comperisset doleret , id a suis servis temptatum esse neglegeret ?",51,9.0,0.0,3,6
M_Tullius_Cicero_Oratio_pro_Caelio_51-55,25,"quod in agris locis -ve publicis factum reprehenderet , id in urbe ac domi suae coeptum esse leniter ferret ?",46,11.0,1.0,1,4
M_Tullius_Cicero_Oratio_pro_Caelio_51-55,26,"quod in alicuius agrestis periculo non praetermitteret , id homo eruditus in insidiis doctissimi hominis dissimulandum putaret ?",47,10.0,2.0,2,4
M_Tullius_Cicero_Oratio_pro_Caelio_51-55,27,"sed cur diutius vos , iudices , teneo ?",13,3.0,0.0,1,1
M_Tullius_Cicero_Oratio_pro_Caelio_51-55,28,ipsius iurati religionem auctoritatem -que percipite atque omnia diligenter testimoni verba cognoscite .,52,7.0,2.0,2,2
M_Tullius_Cicero_Oratio_pro_Caelio_51-55,29,recita .,20,,,1,2
M_Tullius_Cicero_Oratio_pro_Caelio_51-55,3,"aurum sumpsit , ut dicitis , quod L. Luccei servis daret , per quos Alexandrinus Dio qui tum apud Lucceium habitabat necaretur .",47,11.0,8.0,5,5
M_Tullius_Cicero_Oratio_pro_Caelio_51-55,31,quid exspectatis amplius ?,46,2.0,0.0,1,1
M_Tullius_Cicero_Oratio_pro_Caelio_51-55,32,an aliquam vocem putatis ipsam pro se causam et veritatem posse mittere ?,50,5.0,2.0,1,1
M_Tullius_Cicero_Oratio_pro_Caelio_51-55,33,"haec est innocentiae defensio , haec ipsius causae oratio , haec una vox veritatis . (est) (est)",50,7.0,3.0,1,1
M_Tullius_Cicero_Oratio_pro_Caelio_51-55,34,"in crimine ipso nulla suspicio est , in re nihil est argumenti , in negotio quod actum esse dicitur nullum vestigium sermonis , loci , temporis ; (est)",44,10.0,6.0,3,2
M_Tullius_Cicero_Oratio_pro_Caelio_51-55,35,"nemo testis , nemo conscius nominatur , totum crimen profertur ex inimica , ex infami , ex crudeli , ex facinerosa , ex libidinosa domo . (nominatur) (domo) (domo) (domo) (domo)",24,7.0,5.0,2,2
M_Tullius_Cicero_Oratio_pro_Caelio_51-55,36,"domus autem illa quae temptata esse scelere isto nefario dicitur plena est integritatis , dignitatis , offici , religionis ;",52,8.0,0.0,2,2
M_Tullius_Cicero_Oratio_pro_Caelio_51-55,37,"ex qua domo recitatur vobis iure iurando devincta auctoritas , ut res minime dubitanda in contentione ponatur , utrum temeraria , procax , irata mulier finxisse crimen , an gravis sapiens moderatus -que vir religiose testimonium dixisse videatur . (videatur)",48,13.0,3.0,3,4
M_Tullius_Cicero_Oratio_pro_Caelio_51-55,4,"Magnum crimen vel in legatis insidiandis vel in servis ad hospitem domini necandum sollicitandis , plenum sceleris consilium , plenum audaciae !",53,12.0,1.0,0,0
M_Tullius_Cicero_Oratio_pro_Caelio_51-55,5,"quo quidem in crimine primum illud requiro , dixerit -ne Clodiae quam ob rem aurum sumeret , an non dixerit .",44,10.0,5.0,4,5
M_Tullius_Cicero_Oratio_pro_Caelio_51-55,6,"si non dixit , cur dedit ?",13,4.0,3.0,2,3
M_Tullius_Cicero_Oratio_pro_Caelio_51-55,7,"si dixit , eodem se conscientiae scelere devinxit .",47,5.0,3.0,2,3
M_Tullius_Cicero_Oratio_pro_Caelio_51-55,8,"tu -ne aurum ex armario tuo promere ausa es , tu -ne Venerem illam tuam spoliare ornamentis , spoliatricem ceterorum , cum scires quantum ad facinus aurum hoc quaereretur , ad necem legati , ad L. Luccei , sanctissimi hominis atque integerrimi , labem sceleris sempiternam ? (ausa)",47,16.0,3.0,3,5
M_Tullius_Cicero_Oratio_pro_Caelio_51-55,9,"huic facinori tanto tua mens liberalis conscia , tua domus popularis ministra , tua denique hospitalis illa Venus adiutrix esse non debuit . (esse non debuit) (esse non debuit)",44,6.0,3.0,1,3
M_Tullius_Cicero_Oratio_pro_Caelio_56-60,1,reliquum est igitur crimen de veneno ;,48,4.0,3.0,1,1
M_Tullius_Cicero_Oratio_pro_Caelio_56-60,10,credibile est igitur tantum facinus nullam ob causam esse commissum ?,50,5.0,2.0,1,1
M_Tullius_Cicero_Oratio_pro_Caelio_56-60,11,et vos non videtis fingi sceleris maximi crimen ut alterius sceleris suscipiendi fuisse causa videatur ?,50,9.0,0.0,2,4
M_Tullius_Cicero_Oratio_pro_Caelio_56-60,12,"cui denique commisit , quo adiutore usus est , quo socio , quo conscio , cui tantum facinus , cui se , cui salutem suam credidit ? (creditit) (creditit)",53,8.0,4.0,3,3
M_Tullius_Cicero_Oratio_pro_Caelio_56-60,13,servis -ne mulieris ? (credidit),47,3.0,2.0,0,0
M_Tullius_Cicero_Oratio_pro_Caelio_56-60,14,sic enim est obiectum .,17,2.0,1.0,1,1
M_Tullius_Cicero_Oratio_pro_Caelio_56-60,15,"et erat tam demens is cui vos ingenium certe tribuitis , etiam si cetera inimica oratione detrahitis , ut omnis suas fortunas alienis servis committeret ?",33,12.0,7.0,4,4
M_Tullius_Cicero_Oratio_pro_Caelio_56-60,16,at quibus servis — refert enim magno opere id ipsum — ? (credidit),45,7.0,0.0,1,1
M_Tullius_Cicero_Oratio_pro_Caelio_56-60,17,eis -ne quos intellegebat non communi condicione servitutis uti sed licentius liberius familiarius -que cum domina vivere ? (credidit),49,7.0,2.0,1,2
M_Tullius_Cicero_Oratio_pro_Caelio_56-60,18,"quis enim hoc non videt , iudices , aut quis ignorat , in eius modi domo in qua mater familias meretricio more vivat , in qua nihil geratur quod foras proferendum sit , in qua inusitatae libidines , luxuries , omnia denique inaudita vitia ac flagitia versentur , hic servos non esse servos , quibus omnia committantur , per quos gerantur , qui versentur isdem in voluptatibus , quibus occulta credantur , ad quos aliquantum etiam ex cotidianis sumptibus ac luxurie redundet ? (versentur) (versentur)",52,15.0,9.0,11,4
M_Tullius_Cicero_Oratio_pro_Caelio_56-60,19,id igitur Caelius non videbat ?,17,2.0,1.0,1,2
M_Tullius_Cicero_Oratio_pro_Caelio_56-60,2,cuius ego ne -c principium invenire ne -que evolvere exitum possum . (possum),11,7.0,2.0,1,1
M_Tullius_Cicero_Oratio_pro_Caelio_56-60,20,"si enim tam familiaris erat mulieris quam vos voltis , istos quoque servos familiaris dominae esse sciebat .",47,10.0,3.0,3,2
M_Tullius_Cicero_Oratio_pro_Caelio_56-60,21,"sin ei tanta consuetudo quanta a vobis inducitur non erat , quae cum servis eius potuit familiaritas esse tanta ?",28,11.0,7.0,3,3
M_Tullius_Cicero_Oratio_pro_Caelio_56-60,22,ipsius autem veneni quae ratio fingitur ?,48,4.0,0.0,1,2
M_Tullius_Cicero_Oratio_pro_Caelio_56-60,23,"ubi quaesitum est , quem ad modum paratum , quo pacto , cui , quo in loco traditum ?",52,8.0,3.0,1,1
M_Tullius_Cicero_Oratio_pro_Caelio_56-60,24,habuisse aiunt domi vim -que eius esse expertum in servo quodam ad eam rem ipsam parato ;,54,9.0,0.0,1,1
M_Tullius_Cicero_Oratio_pro_Caelio_56-60,25,cuius perceleri interitu esse ab hoc comprobatum venenum . (accusatores aiunt),48,4.0,0.0,0,0
M_Tullius_Cicero_Oratio_pro_Caelio_56-60,26,pro di immortales !,31,2.0,1.0,0,0
M_Tullius_Cicero_Oratio_pro_Caelio_56-60,27,cur interdum in hominum sceleribus maximis aut conivetis aut praesentis fraudis poenas in diem reservatis ?,50,8.0,4.0,2,1
M_Tullius_Cicero_Oratio_pro_Caelio_56-60,28,"vidi enim , vidi et illum hausi dolorem vel acerbissimum in vita , cum Q. Metellus abstraheretur e sinu gremio -que patriae , cum -que ille vir qui se natum huic imperio putavit tertio die post quam in curia , quam in rostris , quam in re publica floruisset , integerrima aetate , optimo habitu , maximis viribus eriperetur indignissime bonis omnibus atque universae civitati . (floruisset) (floruisset)",54,16.0,13.0,7,6
M_Tullius_Cicero_Oratio_pro_Caelio_56-60,29,"quo quidem tempore ille moriens , cum iam ceteris ex partibus oppressa mens esset , extremum sensum ad memoriam rei publicae reservabat , cum me intuens flentem significabat interruptis ac morientibus vocibus quanta inpenderet procella mihi , quanta tempestas civitati et cum parietem saepe feriens eum qui cum Q. Catulo fuerat ei communis crebro Catulum , saepe me , saepissime rem publicam nominabat , ut non tam se mori quam spoliari suo praesidio cum patriam tum etiam me doleret . (inpenderet) (nominabat) (nominabat) (doleret) [ ] (spoliari)",51,17.0,6.0,7,4
M_Tullius_Cicero_Oratio_pro_Caelio_56-60,3,"quae fuit enim causa quam ob rem isti mulieri venenum dare vellet Caelius ? , [ ]",50,6.0,4.0,2,4
M_Tullius_Cicero_Oratio_pro_Caelio_56-60,30,"quem quidem virum si nulla vis repentini sceleris sustulisset , quonam modo ille furenti fratri suo consularis restitisset qui consul incipientem furere atque tonantem sua se manu interfecturum audiente senatu dixerit ? [ ] [ ] (Clodium)",54,12.0,4.0,3,6
M_Tullius_Cicero_Oratio_pro_Caelio_56-60,31,ex hac igitur domo progressa ista mulier de veneni celeritate dicere audebit ?,48,9.0,4.0,1,5
M_Tullius_Cicero_Oratio_pro_Caelio_56-60,32,"non -ne ipsam domum metuet ne quam vocem eiciat , non parietes conscios , non noctem illam funestam ac luctuosam perhorrescet ? (perhorrescet)",32,10.0,5.0,3,5
M_Tullius_Cicero_Oratio_pro_Caelio_56-60,33,sed revertor ad crimen ;,44,3.0,3.0,0,0
M_Tullius_Cicero_Oratio_pro_Caelio_56-60,34,etenim haec facta illius clarissimi ac fortissimi viri mentio et vocem meam fletu debilitavit et mentem dolore impedivit .,44,7.0,4.0,2,3
M_Tullius_Cicero_Oratio_pro_Caelio_56-60,4,ne aurum redderet ? (Caelius mulieri venenum dara voluit),41,3.0,3.0,1,4
M_Tullius_Cicero_Oratio_pro_Caelio_56-60,5,num petivit ?,39,1.0,1.0,1,3
M_Tullius_Cicero_Oratio_pro_Caelio_56-60,7,num quis obiecit ?,40,2.0,1.0,1,3
M_Tullius_Cicero_Oratio_pro_Caelio_56-60,8,"num quis denique fecisset mentionem , si hic nullius nomen detulisset ?",40,5.0,1.0,2,6
M_Tullius_Cicero_Oratio_pro_Caelio_56-60,9,"quin etiam L. Herennium dicere audistis verbo se molestum non futurum fuisse Caelio , ni -si iterum eadem de re suo familiari absoluto nomen hic detulisset .",31,8.0,4.0,2,6
M_Tullius_Cicero_Oratio_pro_Caelio_6-10,1,"Equidem , ut ad me revertar , ab his fontibus profluxi ad hominum famam , et meus hic forensis labor vitae -que ratio demanavit ad existimationem hominum paulo latius commendatione ac iudicio meorum .",44,9.0,5.0,3,4
M_Tullius_Cicero_Oratio_pro_Caelio_6-10,10,vellem aliquis ex vobis robustioribus hunc male dicendi locum suscepisset ;,40,7.0,0.0,2,6
M_Tullius_Cicero_Oratio_pro_Caelio_6-10,11,aliquanto liberius et fortius et magis more nostro refutaremus istam male dicendi licentiam .,30,6.0,3.0,1,4
M_Tullius_Cicero_Oratio_pro_Caelio_6-10,12,"te -cum , Atratine , agam lenius , quod et pudor tuus moderatur orationi meae et meum erga te parentem -que tuum beneficium tueri debeo .",53,11.0,2.0,3,5
M_Tullius_Cicero_Oratio_pro_Caelio_6-10,13,"illud tamen te esse admonitum volo , primum ut qualis es talem te omnes esse existiment , ut quantum a rerum turpitudine abes tantum te a verborum libertate seiungas , deinde ut ea in alterum ne dicas quae , cum tibi falso responsa sint , erubescas .",45,14.0,2.0,8,3
M_Tullius_Cicero_Oratio_pro_Caelio_6-10,14,"quis est enim cui via ista non pateat , quis est qui huic aetati atque isti dignitati non possit quam velit petulanter , etiam si sine ulla suspicione , at non sine argumento male dicere ? (dicit) (dicit)",49,15.0,7.0,5,3
M_Tullius_Cicero_Oratio_pro_Caelio_6-10,15,sed istarum partium culpa est eorum qui te agere voluerunt ;,26,7.0,0.0,2,3
M_Tullius_Cicero_Oratio_pro_Caelio_6-10,16,"laus pudoris tui , quod ea te invitum dicere videbamus , ingeni , quod ornate polite -que dixisti . (est) (est)",43,11.0,3.0,2,3
M_Tullius_Cicero_Oratio_pro_Caelio_6-10,17,verum ad istam omnem orationem brevis est defensio .,25,5.0,0.0,1,1
M_Tullius_Cicero_Oratio_pro_Caelio_6-10,18,"nam quoad aetas M. Caeli dare potuit isti suspicioni locum , fuit primum ipsius pudore , deinde etiam patris diligentia disciplina -que munita . (munita)",49,8.0,5.0,2,3
M_Tullius_Cicero_Oratio_pro_Caelio_6-10,19,"qui ut huic togam virilem dedit — nihil dicam hoc loco de me ; tantum sit quantum vos existimatis ; hoc dicam , hunc a patre continuo ad me esse deductum — nemo hunc M. Caelium in illo aetatis flore vidit ni -si aut cum patre aut me -cum aut in M. Crassi castissima domo cum artibus honestissimis erudiretur . (vidit)",49,16.0,3.0,7,5
M_Tullius_Cicero_Oratio_pro_Caelio_6-10,2,"nam quod obiectum est de pudicitia quod -que omnium accusatorum non criminibus sed vocibus maledictis -que celebratum est , id numquam tam acerbe feret M. Caelius ut eum paeniteat non deformem esse natum . (celebratum est)",52,15.0,5.0,5,6
M_Tullius_Cicero_Oratio_pro_Caelio_6-10,20,"nam quod Catilinae familiaritas obiecta Caelio est , longe ab ista suspicione abhorrere debet .",18,9.0,4.0,2,1
M_Tullius_Cicero_Oratio_pro_Caelio_6-10,21,hoc enim adulescente scitis consulatum me -cum petisse Catilinam .,48,4.0,3.0,1,1
M_Tullius_Cicero_Oratio_pro_Caelio_6-10,22,ad quem si accessit aut si a me discessit umquam — quamquam multi boni adulescentes illi homini nequam atque improbo studuerunt — tum existimetur Caelius Catilinae nimium familiaris fuisse .,48,10.0,1.0,4,4
M_Tullius_Cicero_Oratio_pro_Caelio_6-10,23,at enim postea scimus et vidimus esse hunc in illius etiam amicis .,45,5.0,0.0,2,3
M_Tullius_Cicero_Oratio_pro_Caelio_6-10,24,quis negat ?,41,1.0,1.0,1,1
M_Tullius_Cicero_Oratio_pro_Caelio_6-10,25,"sed ego illud tempus aetatis quod ipsum sua sponte infirmum , aliorum autem libidine infestum est , id hoc loco defendo . (est)",49,9.0,0.0,2,1
M_Tullius_Cicero_Oratio_pro_Caelio_6-10,26,fuit adsiduus me -cum praetore me ; non noverat Catilinam ;,28,5.0,3.0,2,4
M_Tullius_Cicero_Oratio_pro_Caelio_6-10,27,Africam tum praetor ille obtinebat . [ ],4,3.0,2.0,1,2
M_Tullius_Cicero_Oratio_pro_Caelio_6-10,28,"secutus est tum annus , causam de pecuniis repetundis Catilina dixit .",50,7.0,5.0,2,3
M_Tullius_Cicero_Oratio_pro_Caelio_6-10,29,me -cum erat hic ; illi ne advocatus quidem venit umquam .,44,7.0,2.0,2,3
M_Tullius_Cicero_Oratio_pro_Caelio_6-10,3,sunt enim ista maledicta pervolgata in omnis quorum in adulescentia forma et species fuit liberalis .,17,7.0,5.0,2,3
M_Tullius_Cicero_Oratio_pro_Caelio_6-10,30,deinceps fuit annus quo ego consulatum petivi ; petebat Catilina me -cum .,28,7.0,4.0,3,3
M_Tullius_Cicero_Oratio_pro_Caelio_6-10,31,"numquam ad illum accessit , a me numquam recessit .",51,6.0,3.0,2,3
M_Tullius_Cicero_Oratio_pro_Caelio_6-10,4,"sed aliud est male dicere , aliud accusare . (est)",47,5.0,2.0,1,1
M_Tullius_Cicero_Oratio_pro_Caelio_6-10,5,"accusatio crimen desiderat , rem ut definiat , hominem notet , argumento probet , teste confirmet ;",50,5.0,1.0,5,3
M_Tullius_Cicero_Oratio_pro_Caelio_6-10,6,maledictio autem nihil habet propositi praeter contumeliam ;,47,4.0,3.0,1,1
M_Tullius_Cicero_Oratio_pro_Caelio_6-10,7,"quae si petulantius iactatur , convicium , si facetius , urbanitas nominatur . (iactatur) (nominatur)",13,8.0,0.0,2,2
M_Tullius_Cicero_Oratio_pro_Caelio_6-10,8,quam quidem partem accusationis admiratus sum et moleste tuli potissimum esse Atratino datam .,44,6.0,3.0,2,3
M_Tullius_Cicero_Oratio_pro_Caelio_6-10,9,"ne -que enim decebat ne -que aetas illa postulabat ne -que , id quod animum advertere poteratis , pudor patiebatur optimi adulescentis in tali illum oratione versari .",49,9.0,6.0,4,3
M_Tullius_Cicero_Oratio_pro_Caelio_61-65,1,"sed tamen venenum unde fuerit , quem ad modum paratum sit non dicitur .",52,6.0,0.0,3,5
M_Tullius_Cicero_Oratio_pro_Caelio_61-65,10,cur enim potissimum balneas publicas constituerat ?,17,3.0,2.0,1,4
M_Tullius_Cicero_Oratio_pro_Caelio_61-65,11,in quibus non invenio quae latebra togatis hominibus esse posset .,11,6.0,2.0,2,4
M_Tullius_Cicero_Oratio_pro_Caelio_61-65,12,"nam si essent in vestibulo balnearum , non laterent ;",48,6.0,5.0,2,4
M_Tullius_Cicero_Oratio_pro_Caelio_61-65,13,"sin se in intimum conicere vellent , ne -c satis commode calceati et vestiti id facere possent et fortasse non reciperentur , ni -si forte mulier potens quadrantaria illa permutatione familiaris facta erat balneatori .",47,11.0,3.0,4,5
M_Tullius_Cicero_Oratio_pro_Caelio_61-65,14,atque equidem vehementer exspectabam quinam isti viri boni testes huius manifesto deprehensi veneni dicerentur ; (esse),48,7.0,0.0,2,5
M_Tullius_Cicero_Oratio_pro_Caelio_61-65,15,nulli enim sunt adhuc nominati .,18,2.0,1.0,1,1
M_Tullius_Cicero_Oratio_pro_Caelio_61-65,16,"sed non dubito quin sint pergraves , qui primum sint talis feminae familiares , deinde eam provinciam susceperint ut in balneas contruderentur , quod illa ni -si a viris honestissimis ac plenissimis dignitatis , quam velit sit potens , numquam impetravisset . [ ] (impetravisset)",49,14.0,0.0,8,6
M_Tullius_Cicero_Oratio_pro_Caelio_61-65,17,sed quid ego de dignitate istorum testium loquor ?,36,5.0,0.0,1,2
M_Tullius_Cicero_Oratio_pro_Caelio_61-65,18,virtutem eorum diligentiam -que cognoscite .,25,2.0,0.0,1,2
M_Tullius_Cicero_Oratio_pro_Caelio_61-65,19,” in balneis delituerunt . ”,5,3.0,2.0,1,3
M_Tullius_Cicero_Oratio_pro_Caelio_61-65,2,"datum esse aiunt huic P. Licinio , pudenti adulescenti et bono , Caeli familiari ;",48,6.0,5.0,1,1
M_Tullius_Cicero_Oratio_pro_Caelio_61-65,21,” dein temere prosiluerunt . ”,17,2.0,1.0,1,3
M_Tullius_Cicero_Oratio_pro_Caelio_61-65,22,homines temperantis !,10,1.0,1.0,0,0
M_Tullius_Cicero_Oratio_pro_Caelio_61-65,23,"sic enim fingitis , cum Licinius venisset , pyxidem teneret in manu , conaretur tradere , nondum tradidisset , tum repente evolasse istos praeclaros testis sine nomine ; Licinium autem , cum iam manum ad tradendam pyxidem porrexisset , retraxisse atque ex illo repentino hominum impetu se in fugam coniecisse .",47,12.0,6.0,6,6
M_Tullius_Cicero_Oratio_pro_Caelio_61-65,24,"O magnam vim veritatis , quae contra hominum ingenia , calliditatem , sollertiam contra -que fictas omnium insidias facile se per se ipsa defendat !",54,7.0,6.0,1,3
M_Tullius_Cicero_Oratio_pro_Caelio_61-65,25,"velut haec tota fabella veteris et plurimarum fabularum poetriae quam est sine argumento , quam nullum invenire exitum potest !",25,9.0,3.0,2,1
M_Tullius_Cicero_Oratio_pro_Caelio_61-65,26,quid enim ? (est),17,2.0,1.0,0,0
M_Tullius_Cicero_Oratio_pro_Caelio_61-65,27,isti tot viri — nam necesse est fuisse non paucos ut et comprehendi Licinius facile posset et res multorum oculis esset testatior — cur Licinium de manibus amiserunt ?,48,12.0,2.0,4,4
M_Tullius_Cicero_Oratio_pro_Caelio_61-65,28,"qui minus enim Licinius comprehendi potuit cum se retraxit ne pyxidem traderet , quam si tradidisset ? (potuit comprehendi)",48,11.0,6.0,4,6
M_Tullius_Cicero_Oratio_pro_Caelio_61-65,29,"erant enim illi positi ut comprehenderent Licinium , ut manifesto Licinius teneretur aut cum retineret venenum aut cum tradidisset .",48,8.0,6.0,5,6
M_Tullius_Cicero_Oratio_pro_Caelio_61-65,3,constitutum esse cum servis ut venirent ad balneas Senias ; (accusatores aiunt),29,7.0,6.0,1,4
M_Tullius_Cicero_Oratio_pro_Caelio_61-65,30,"hoc fuit totum consilium mulieris , haec istorum provincia qui rogati sunt ; (fuit)",49,8.0,5.0,2,3
M_Tullius_Cicero_Oratio_pro_Caelio_61-65,31,quos quidem tu quam ob rem temere prosiluisse dicas atque ante tempus non reperio .,44,6.0,1.0,2,3
M_Tullius_Cicero_Oratio_pro_Caelio_61-65,32,"fuerant ad hoc rogati , fuerant ad hanc rem conlocati , ut venenum , ut insidiae , facinus denique ipsum ut manifesto comprenderetur . (comprehenderentur) (comprehenderetur)",48,9.0,4.0,3,5
M_Tullius_Cicero_Oratio_pro_Caelio_61-65,33,"potuerunt -ne magis tempore prosilire quam cum Licinius venisset , cum in manu teneret veneni pyxidem ? (tempore prosilire potuerunt)",48,11.0,1.0,3,6
M_Tullius_Cicero_Oratio_pro_Caelio_61-65,34,"quae cum iam erat tradita servis , si evasissent subito ex balneis mulieris amici Licinium -que comprehendissent , imploraret hominum fidem atque a se illam pyxidem traditam pernegaret .",48,9.0,3.0,5,6
M_Tullius_Cicero_Oratio_pro_Caelio_61-65,35,quem quo modo illi reprehenderent ?,52,3.0,2.0,1,4
M_Tullius_Cicero_Oratio_pro_Caelio_61-65,36,vidisse se dicerent ?,3,2.0,2.0,1,4
M_Tullius_Cicero_Oratio_pro_Caelio_61-65,37,primum ad se vocarent maximi facinoris crimen ; deinde id se vidisse dicerent quod quo loco conlocati fuerant non potuissent videre . (loco),17,12.0,5.0,4,6
M_Tullius_Cicero_Oratio_pro_Caelio_61-65,38,"tempore igitur ipso se ostenderunt , cum Licinius venisset , pyxidem expediret , manum porrigeret , venenum traderet .",48,6.0,2.0,5,6
M_Tullius_Cicero_Oratio_pro_Caelio_61-65,39,"mimi ergo iam exitus , non fabulae ; (est) (est exitus)",27,5.0,0.0,0,0
M_Tullius_Cicero_Oratio_pro_Caelio_61-65,4,eodem Licinium esse venturum atque eis veneni pyxidem traditurum . (accusatores aiunt),48,5.0,0.0,0,0
M_Tullius_Cicero_Oratio_pro_Caelio_61-65,40,"in quo cum clausula non invenitur , fugit aliquis e manibus , dein scabilla concrepant , aulaeum tollitur .",30,7.0,3.0,4,2
M_Tullius_Cicero_Oratio_pro_Caelio_61-65,5,"hic primum illud requiro , quid attinuerit ferri in eum locum constitutum , cur illi servi non ad Caelium domum venerint .",15,8.0,5.0,3,5
M_Tullius_Cicero_Oratio_pro_Caelio_61-65,6,"si manebat tanta illa consuetudo Caeli , tanta familiaritas cum Clodia , quid suspicionis esset si apud Caelium mulieris servus visus esset ?",47,10.0,6.0,3,4
M_Tullius_Cicero_Oratio_pro_Caelio_61-65,7,"sin autem iam suberat simultas , exstincta erat consuetudo , discidium exstiterat , hinc illae lacrimae nimirum et haec causa est omnium horum scelerum atque criminum . (sunt)",50,9.0,0.0,4,4
M_Tullius_Cicero_Oratio_pro_Caelio_61-65,8,"” immo ” inquit ” cum servi ad dominam rem totam et maleficium Caeli detulissent , mulier ingeniosa praecepit his ut omnia Caelio pollicerentur ; sed ut venenum , cum a Licinio traderetur , manifesto comprehendi posset , constitui locum iussit balneas Senias , ut eo mitteret amicos qui delitiscerent , deinde repente , cum venisset Licinius venenum -que traderet , prosilirent hominem -que comprenderent . ”",53,18.0,0.0,13,6
M_Tullius_Cicero_Oratio_pro_Caelio_61-65,9,"quae quidem omnia , iudices , perfacilem rationem habent reprendendi .",44,4.0,2.0,1,1
M_Tullius_Cicero_Oratio_pro_Caelio_66-70,1,"quaero enim cur Licinium titubantem , haesitantem , cedentem , fugere conantem mulieraria manus ista de manibus emiserit , cur non comprenderint , cur non ipsius confessione , multorum oculis , facinoris denique voce tanti sceleris crimen expresserint .",47,11.0,7.0,4,5
M_Tullius_Cicero_Oratio_pro_Caelio_66-70,10,"quam volent in conviviis faceti , dicaces , non numquam etiam ad vinum diserti sint , alia fori vis est , alia triclini , alia subselliorum ratio , alia lectorum ; (est) (vis) (est) (est) (ratio)",54,9.0,4.0,3,3
M_Tullius_Cicero_Oratio_pro_Caelio_66-70,11,non idem iudicum comissatorum -que conspectus ; (est),31,4.0,1.0,0,0
M_Tullius_Cicero_Oratio_pro_Caelio_66-70,12,"lux denique longe alia est solis , alia lychnorum . (lux) (est)",30,6.0,3.0,1,1
M_Tullius_Cicero_Oratio_pro_Caelio_66-70,13,"quam ob rem excutiemus omnis istorum delicias , omnis ineptias , si prodierint .",21,6.0,3.0,2,6
M_Tullius_Cicero_Oratio_pro_Caelio_66-70,14,"sed me audiant , navent aliam operam , aliam ineant gratiam , in aliis se rebus ostentent , vigeant apud istam mulierem venustate , dominentur sumptibus , haereant , iaceant , deserviant ; capiti vero innocentis fortunis -que parcant .",47,8.0,0.0,10,4
M_Tullius_Cicero_Oratio_pro_Caelio_66-70,15,"at sunt servi illi de cognatorum sententia , nobilissimorum et clarissimorum hominum , manu missi .",45,8.0,0.0,1,1
M_Tullius_Cicero_Oratio_pro_Caelio_66-70,16,"tandem aliquid invenimus quod ista mulier de suorum propinquorum , fortissimorum virorum , sententia atque auctoritate fecisse dicatur .",47,9.0,2.0,2,3
M_Tullius_Cicero_Oratio_pro_Caelio_66-70,17,sed scire cupio quid habeat argumenti ista manumissio ; in qua aut crimen est Caelio quaesitum aut quaestio sublata aut multarum rerum consciis servis cum causa praemium persolutum .,50,10.0,0.0,3,3
M_Tullius_Cicero_Oratio_pro_Caelio_66-70,18,' at propinquis ' inquit ' placuit . ',45,3.0,0.0,2,3
M_Tullius_Cicero_Oratio_pro_Caelio_66-70,19,"cur non placeret , cum rem tute ad eos non ab aliis tibi adlatam sed a te ipsa compertam deferre diceres ?",28,10.0,1.0,2,4
M_Tullius_Cicero_Oratio_pro_Caelio_66-70,2,"an timebant ne tot unum , valentes imbecillum , alacres perterritum superare non possent ? (superare non possent) (superare non possent)",33,6.0,6.0,2,4
M_Tullius_Cicero_Oratio_pro_Caelio_66-70,20,"hic etiam miramur , si illam commenticiam pyxidem obscenissima sit fabula consecuta ?",50,5.0,1.0,2,3
M_Tullius_Cicero_Oratio_pro_Caelio_66-70,21,nihil est quod in eius modi mulierem non cadere videatur .,52,7.0,5.0,2,4
M_Tullius_Cicero_Oratio_pro_Caelio_66-70,22,audita et percelebrata sermonibus res est .,21,2.0,1.0,1,1
M_Tullius_Cicero_Oratio_pro_Caelio_66-70,23,"percipitis animis , iudices , iam dudum quid velim vel potius quid nolim dicere . (dicere) (percipitis)",15,8.0,2.0,3,3
M_Tullius_Cicero_Oratio_pro_Caelio_66-70,24,"quod etiam si est factum , certe a Caelio quidem non est factum — quid enim attinebat ? — est enim ab aliquo adulescente fortasse non tam insulso quam inverecundo . (factum) (factum est ab adulescente)",48,14.0,7.0,4,2
M_Tullius_Cicero_Oratio_pro_Caelio_66-70,25,"sin autem est fictum , non illud quidem modestum sed tamen est non infacetum mendacium ; (est) quod profecto numquam hominum sermo atque opinio comprobasset , ni -si omnia quae cum turpitudine aliqua dicerentur in istam quadrare apte viderentur .",50,12.0,0.0,5,6
M_Tullius_Cicero_Oratio_pro_Caelio_66-70,26,"Dicta est a me causa , iudices , et perorata .",50,4.0,2.0,1,1
M_Tullius_Cicero_Oratio_pro_Caelio_66-70,27,"iam intellegitis quantum iudicium sustineatis , quanta res sit commissa vobis .",33,6.0,3.0,3,3
M_Tullius_Cicero_Oratio_pro_Caelio_66-70,28,de vi quaeritis .,54,2.0,2.0,1,1
M_Tullius_Cicero_Oratio_pro_Caelio_66-70,29,"quae lex ad imperium , ad maiestatem , ad statum patriae , ad salutem omnium pertinet , quam legem Q. Catulus armata dissensione civium rei publicae paene extremis temporibus tulit , quae -que lex sedata illa flamma consulatus mei fumantis reliquias coniurationis exstinxit , hac nunc lege Caeli adulescentia non ad rei publicae poenas sed ad mulieris libidines et delicias deposcitur . (deposcitur)",53,12.0,6.0,4,3
M_Tullius_Cicero_Oratio_pro_Caelio_66-70,3,"nullum argumentum in re , nulla suspicio in causa , nullus exitus criminis reperietur . (reperietur) (reperietur)",50,6.0,1.0,1,5
M_Tullius_Cicero_Oratio_pro_Caelio_66-70,4,"itaque haec causa ab argumentis , a coniectura , ab eis signis quibus veritas inlustrari solet ad testis tota traducta est . (traducta est) (traducta est)",50,9.0,5.0,2,1
M_Tullius_Cicero_Oratio_pro_Caelio_66-70,5,"quos quidem ego , iudices , testis non modo sine ullo timore sed etiam cum aliqua spe delectationis exspecto . (exspecto)",44,8.0,4.0,1,1
M_Tullius_Cicero_Oratio_pro_Caelio_66-70,6,"praegestit animus iam videre , primum lautos iuvenes mulieris beatae ac nobilis familiaris , deinde fortis viros ab imperatrice in insidiis atque in praesidio balnearum conlocatos . (videre) [ ]",47,13.0,8.0,1,1
M_Tullius_Cicero_Oratio_pro_Caelio_66-70,7,"ex quibus requiram quem ad modum latuerint aut ubi , alveus -ne ille an equus Troianus fuerit qui tot invictos viros muliebre bellum gerentis tulerit ac texerit .",52,11.0,5.0,5,5
M_Tullius_Cicero_Oratio_pro_Caelio_66-70,8,"illud vero respondere cogam , cur tot viri ac tales hunc et unum et tam imbecillum quem videtis non aut stantem comprehenderint aut fugientem consecuti sint ; (hunc)",48,9.0,1.0,4,5
M_Tullius_Cicero_Oratio_pro_Caelio_66-70,9,"qui se numquam profecto , si in istum locum processerint , explicabunt .",14,6.0,1.0,2,6
P_Ovidius_Naso_Amores_1_1_1,1,"Arma gravi numero violenta -que bella parabam edere , materia conveniente modis .",52,5.0,0.0,1,2
P_Ovidius_Naso_Amores_1_1_1,10,"an , quod ubique , tuum est ? (est)",29,3.0,0.0,1,1
P_Ovidius_Naso_Amores_1_1_1,11,tua sunt Heliconia Tempe ?,17,3.0,2.0,1,1
P_Ovidius_Naso_Amores_1_1_1,12,vix etiam Phoebo iam lyra tuta sua est ?,53,4.0,2.0,1,1
P_Ovidius_Naso_Amores_1_1_1,13,"cum bene surrexit versu nova pagina primo , attenuat nervos proximus ille meos ;",28,6.0,4.0,2,3
P_Ovidius_Naso_Amores_1_1_1,14,"ne -c mihi materia est numeris levioribus apta , aut puer aut longas compta puella comas . '",34,9.0,0.0,1,1
P_Ovidius_Naso_Amores_1_1_1,15,"Questus eram , pharetra cum protinus ille soluta legit in exitium spicula facta meum , lunavit -que genu sinuosum fortiter arcum , ' quod ' -que ' canas , vates , accipe ' dixit ' opus ! '",39,11.0,1.0,6,3
P_Ovidius_Naso_Amores_1_1_1,16,Me miserum !,6,1.0,1.0,0,0
P_Ovidius_Naso_Amores_1_1_1,17,certas habuit puer ille sagittas .,33,4.0,2.0,1,3
P_Ovidius_Naso_Amores_1_1_1,18,"uror , et in vacuo pectore regnat Amor .",43,5.0,4.0,2,2
P_Ovidius_Naso_Amores_1_1_1,19,"Sex mihi surgat opus numeris , in quinque residat :",17,6.0,3.0,2,3
P_Ovidius_Naso_Amores_1_1_1,2,par erat inferior versus — risisse Cupido dicitur atque unum surripuisse pedem .,36,8.0,2.0,2,2
P_Ovidius_Naso_Amores_1_1_1,20,ferrea cum vestris bella valete modis !,52,4.0,0.0,1,2
P_Ovidius_Naso_Amores_1_1_1,21,"cingere litorea flaventia tempora myrto , Musa , per undenos emodulanda pedes !",36,7.0,5.0,1,5
P_Ovidius_Naso_Amores_1_1_1,3,"' Quis tibi , saeve puer , dedit hoc in carmina iuris ?",35,6.0,4.0,1,3
P_Ovidius_Naso_Amores_1_1_1,4,"Pieridum vates , non tua turba sumus .",22,4.0,2.0,1,1
P_Ovidius_Naso_Amores_1_1_1,5,"quid , si praeripiat flavae Venus arma Minervae , ventilet accensas flava Minerva faces ? (fit)",13,6.0,5.0,2,3
P_Ovidius_Naso_Amores_1_1_1,6,"quis probet in silvis Cererem regnare iugosis , lege pharetratae Virginis arva coli ?",41,8.0,5.0,1,3
P_Ovidius_Naso_Amores_1_1_1,7,"crinibus insignem quis acuta cuspide Phoebum instruat , Aoniam Marte movente lyram ?",40,6.0,3.0,1,3
P_Ovidius_Naso_Amores_1_1_1,8,"sunt tibi magna , puer , nimium -que potentia regna ;",30,6.0,2.0,1,1
P_Ovidius_Naso_Amores_1_1_1,9,"cur opus adfectas , ambitiose , novum ?",9,4.0,2.0,1,1
P_Ovidius_Naso_Amores_1_1_12,1,Flete meos casus — tristes rediere tabellae Infelix hodie littera posse negat . [ ],41,6.0,0.0,3,3
P_Ovidius_Naso_Amores_1_1_12,10,"Praebuit illa arbor misero suspendia collo , Carnifici diras praebuit illa cruces ;",38,6.0,3.0,2,3
P_Ovidius_Naso_Amores_1_1_12,11,"Illa dedit turpes raucis bubonibus umbras , Vulturis in ramis et strigis ova tulit .",40,7.0,3.0,2,3
P_Ovidius_Naso_Amores_1_1_12,12,His ego commisi nostros insanus amores Mollia -que ad dominam verba ferenda dedi ?,51,8.0,3.0,2,3
P_Ovidius_Naso_Amores_1_1_12,13,"Aptius hae capiant vadimonia garrula cerae , Quas aliquis duro cognitor ore legat ;",21,6.0,3.0,2,3
P_Ovidius_Naso_Amores_1_1_12,14,"Inter ephemeridas melius tabulas -que iacerent , In quibus absumptas fleret avarus opes .",18,6.0,5.0,2,4
P_Ovidius_Naso_Amores_1_1_12,15,Ergo ego vos rebus duplices pro nomine sensi . (esse),30,5.0,4.0,1,3
P_Ovidius_Naso_Amores_1_1_12,16,Auspicii numerus non erat ipse boni .,17,4.0,2.0,1,2
P_Ovidius_Naso_Amores_1_1_12,17,"Quid precer iratus , ni -si vos cariosa senectus Rodat , et inmundo cera sit alba situ ? (precer)",52,7.0,1.0,3,4
P_Ovidius_Naso_Amores_1_1_12,2,Omina sunt aliquid ;,21,2.0,1.0,1,1
P_Ovidius_Naso_Amores_1_1_12,3,"modo cum discedere vellet , Ad limen digitos restitit icta Nape .",30,6.0,2.0,2,4
P_Ovidius_Naso_Amores_1_1_12,4,Missa foras iterum limen transire memento Cautius atque alte sobria ferre pedem ! (memento),50,6.0,2.0,1,3
P_Ovidius_Naso_Amores_1_1_12,5,"Ite hinc , difficiles , funebria ligna , tabellae , Tu -que , negaturis cera referta notis !",41,8.0,4.0,1,2
P_Ovidius_Naso_Amores_1_1_12,6,"— Quam , puto , de longae collectam flore cicutae Melle sub infami Corsica misit apis .",47,9.0,5.0,2,3
P_Ovidius_Naso_Amores_1_1_12,7,At tamquam minio penitus medicata rubebas — Ille color vere sanguinolentus erat .,45,7.0,0.0,2,2
P_Ovidius_Naso_Amores_1_1_12,8,"Proiectae triviis iaceatis , inutile lignum , Vos -que rotae frangat praetereuntis onus !",45,7.0,4.0,2,3
P_Ovidius_Naso_Amores_1_1_12,9,"Illum etiam , qui vos ex arbore vertit in usum , Convincam puras non habuisse manus .",12,6.0,1.0,2,3
P_Ovidius_Naso_Amores_1_1_14,1,Dicebam “ medicare tuos desiste capillos ! ”,6,4.0,0.0,2,2
P_Ovidius_Naso_Amores_1_1_14,10,Ante meos saepe est oculos ornata ne -c umquam bracchia derepta saucia fecit acu .,52,7.0,3.0,2,3
P_Ovidius_Naso_Amores_1_1_14,11,Saepe etiam nondum digestis mane capillis purpureo iacuit semisupina toro .,27,4.0,2.0,1,3
P_Ovidius_Naso_Amores_1_1_14,12,"Tum quoque erat neclecta decens , ut Threcia Bacche , cum temere in viridi gramine lassa iacet . (erat)",29,9.0,2.0,2,2
P_Ovidius_Naso_Amores_1_1_14,13,"Cum graciles essent tamen et lanuginis instar , heu , male vexatae quanta tulere comae !",28,8.0,2.0,2,4
P_Ovidius_Naso_Amores_1_1_14,14,"Quam se praebuerunt ferro patienter et igni , ut fieret torto nexilis orbe sinus !",32,7.0,2.0,1,3
P_Ovidius_Naso_Amores_1_1_14,15,"Clamabam : “ scelus est istos , scelus urere crines !",47,5.0,0.0,2,2
P_Ovidius_Naso_Amores_1_1_14,17,"capiti , ferrea , parce tuo ! (clamabam)",42,4.0,0.0,1,2
P_Ovidius_Naso_Amores_1_1_14,18,Vim procul hinc remove ! (clamabam),54,3.0,0.0,1,2
P_Ovidius_Naso_Amores_1_1_14,19,"non est , qui debeat uri ; (clamabam)",7,3.0,0.0,2,3
P_Ovidius_Naso_Amores_1_1_14,2,"Tingere quam possis , iam tibi nulla coma est .",13,5.0,1.0,2,3
P_Ovidius_Naso_Amores_1_1_14,20,Erudit admotas ipse capillus acus . ” (clamabam),15,4.0,3.0,1,1
P_Ovidius_Naso_Amores_1_1_14,21,"Formosae periere comae — quas vellet Apollo , quas vellet capiti Bacchus inesse suo !",30,7.0,0.0,3,4
P_Ovidius_Naso_Amores_1_1_14,22,"Illis contulerim , quas quondam nuda Dione pingitur umenti sustinuisse manu .",4,5.0,5.0,2,5
P_Ovidius_Naso_Amores_1_1_14,23,Quid male dispositos quereris periisse capillos ?,39,5.0,1.0,1,2
P_Ovidius_Naso_Amores_1_1_14,24,"Quid speculum maesta ponis , inepta , manu ?",50,4.0,2.0,1,1
P_Ovidius_Naso_Amores_1_1_14,25,Non bene consuetis a te spectaris ocellis ;,8,6.0,2.0,1,2
P_Ovidius_Naso_Amores_1_1_14,26,"Ut placeas , debes inmemor esse tui .",38,5.0,0.0,2,3
P_Ovidius_Naso_Amores_1_1_14,27,"Non te cantatae laeserunt paelicis herbae , non anus Haemonia perfida lavit aqua ; ne -c tibi vis morbi nocuit — procul omen abesto ! — ne -c minuit densas invida lingua comas .",54,7.0,4.0,5,3
P_Ovidius_Naso_Amores_1_1_14,28,Facta manu culpa -que tua dispendia sentis ;,30,4.0,0.0,1,1
P_Ovidius_Naso_Amores_1_1_14,29,Ipsa dabas capiti mixta venena tuo .,48,4.0,2.0,1,2
P_Ovidius_Naso_Amores_1_1_14,3,"At si passa fores , quid erat spatiosius illis ?",45,5.0,0.0,2,4
P_Ovidius_Naso_Amores_1_1_14,30,Nunc tibi captivos mittet Germania crines ;,48,3.0,2.0,1,5
P_Ovidius_Naso_Amores_1_1_14,31,Tuta triumphatae munere gentis eris .,53,4.0,1.0,1,5
P_Ovidius_Naso_Amores_1_1_14,32,"O quam saepe comas aliquo mirante rubebis , et dices : “ empta nunc ego merce probor , nescio quam pro me laudat nunc iste Sygambram .",41,9.0,6.0,5,5
P_Ovidius_Naso_Amores_1_1_14,33,Fama tamen memini cum fuit ista mea . ” (dices),50,5.0,0.0,2,3
P_Ovidius_Naso_Amores_1_1_14,34,Me miserum !,6,1.0,1.0,0,0
P_Ovidius_Naso_Amores_1_1_14,35,lacrimas male continet ora -que dextra protegit ingenuas picta rubore genas .,28,6.0,3.0,2,1
P_Ovidius_Naso_Amores_1_1_14,36,"Sustinet antiquos gremio spectat -que capillos , ei mihi , non illo munera digna loco ! [ ]",46,7.0,2.0,2,1
P_Ovidius_Naso_Amores_1_1_14,37,Collige cum vultu mentem !,44,3.0,2.0,1,2
P_Ovidius_Naso_Amores_1_1_14,4,"Contigerant imum , qua patet usque , latus .",34,3.0,0.0,2,4
P_Ovidius_Naso_Amores_1_1_14,5,"Quid , quod erant tenues , et quos ornare timeres , (est) Vela colorati qualia Seres habent , vel pede quod gracili deducit aranea filum , Cum leve deserta sub trabe nectit opus ?",52,11.0,1.0,5,4
P_Ovidius_Naso_Amores_1_1_14,6,"Ne -c tamen ater erat ne -c erat tamen aureus ille , sed , quamvis neuter , mixtus uterque color — Qualem clivosae madidis in vallibus Idae Ardua derepto cortice cedrus habet . (erat) (erat)",52,11.0,0.0,3,2
P_Ovidius_Naso_Amores_1_1_14,7,"Adde , quod et dociles et centum flexibus apti et tibi nullius causa doloris erant . (erant)",50,9.0,4.0,2,2
P_Ovidius_Naso_Amores_1_1_14,8,"Non acus abrupit , non vallum pectinis illos . (abrupit)",38,5.0,3.0,1,3
P_Ovidius_Naso_Amores_1_1_14,9,Ornatrix tuto corpore semper erat ;,53,3.0,2.0,1,2
P_Ovidius_Naso_Amores_1_1_2,1,"Esse quid hoc dicam , quod tam mihi dura videntur strata , ne -que in lecto pallia nostra sedent , et vacuus somno noctem , quam longa , peregi , lassa -que versati corporis ossa dolent ? (est) (esse)",53,12.0,6.0,5,3
P_Ovidius_Naso_Amores_1_1_2,10,"asper equus duris contunditur ora lupatis , frena minus sentit , quisquis ad arma facit .",51,7.0,4.0,3,2
P_Ovidius_Naso_Amores_1_1_2,11,acrius invitos multo -que ferocius urget quam qui servitium ferre fatentur Amor . (urget),25,7.0,1.0,2,2
P_Ovidius_Naso_Amores_1_1_2,12,En ego confiteor !,6,2.0,1.0,1,2
P_Ovidius_Naso_Amores_1_1_2,13,"tua sum nova praeda , Cupido ;",9,4.0,2.0,1,1
P_Ovidius_Naso_Amores_1_1_2,14,porrigimus victas ad tua iura manus .,7,5.0,3.0,1,1
P_Ovidius_Naso_Amores_1_1_2,15,nil opus est bello — veniam pacem -que rogamus ;,44,5.0,2.0,2,1
P_Ovidius_Naso_Amores_1_1_2,16,ne -c tibi laus armis victus inermis ero .,11,4.0,0.0,1,5
P_Ovidius_Naso_Amores_1_1_2,18,"qui deceat , currum vitricus ipse dabit , in -que dato curru , populo clamante triumphum , stabis et adiunctas arte movebis aves .",48,9.0,3.0,4,5
P_Ovidius_Naso_Amores_1_1_2,19,ducentur capti iuvenes captae -que puellae ;,8,4.0,0.0,1,5
P_Ovidius_Naso_Amores_1_1_2,2,"nam , puto , sentirem , si quo temptarer amore .",47,7.0,3.0,3,5
P_Ovidius_Naso_Amores_1_1_2,20,haec tibi magnificus pompa triumphus erit .,48,4.0,2.0,1,5
P_Ovidius_Naso_Amores_1_1_2,21,"ipse ego , praeda recens , factum modo vulnus habebo et nova captiva vincula mente feram .",48,7.0,1.0,2,5
P_Ovidius_Naso_Amores_1_1_2,22,"Mens Bona ducetur manibus post terga retortis , et Pudor , et castris quidquid Amoris obest . (ducetur) (ducetur)",51,8.0,2.0,2,5
P_Ovidius_Naso_Amores_1_1_2,23,omnia te metuent ; ad te sua bracchia tendens vulgus ' io ' magna voce ' triumphe ! ' canet .,48,7.0,3.0,2,5
P_Ovidius_Naso_Amores_1_1_2,24,"Blanditiae comites tibi erunt Error -que Furor -que , adsidue partes turba secuta tuas .",36,6.0,2.0,1,5
P_Ovidius_Naso_Amores_1_1_2,25,his tu militibus superas homines -que deos -que ;,17,4.0,2.0,1,1
P_Ovidius_Naso_Amores_1_1_2,26,"haec tibi si demas commoda , nudus eris .",15,5.0,1.0,2,5
P_Ovidius_Naso_Amores_1_1_2,27,Laeta triumphanti de summo mater Olympo plaudet et adpositas sparget in ora rosas .,16,7.0,3.0,2,5
P_Ovidius_Naso_Amores_1_1_2,28,"tu pinnas gemma , gemma variante capillos ibis in auratis aureus ipse rotis . (variante)",52,6.0,3.0,1,5
P_Ovidius_Naso_Amores_1_1_2,29,"tunc quoque non paucos , si te bene novimus , ures ;",16,5.0,2.0,2,5
P_Ovidius_Naso_Amores_1_1_2,3,an subit et tecta callidus arte nocet ?,43,4.0,0.0,2,1
P_Ovidius_Naso_Amores_1_1_2,30,tunc quoque praeteriens vulnera multa dabis .,24,3.0,2.0,1,5
P_Ovidius_Naso_Amores_1_1_2,31,"non possunt , licet ipse velis , cessare sagittae ;",49,4.0,3.0,3,3
P_Ovidius_Naso_Amores_1_1_2,32,fervida vicino flamma vapore nocet .,46,4.0,0.0,1,1
P_Ovidius_Naso_Amores_1_1_2,33,talis erat domita Bacchus Gangetide terra ;,22,4.0,3.0,1,2
P_Ovidius_Naso_Amores_1_1_2,34,"tu gravis alitibus , tigribus ille fuit . (eris) (gravis)",17,4.0,0.0,1,3
P_Ovidius_Naso_Amores_1_1_2,35,"Ergo cum possim sacri pars esse triumphi , parce tuas in me perdere , victor , opes !",48,9.0,4.0,2,3
P_Ovidius_Naso_Amores_1_1_2,36,"adspice cognati felicia Caesaris arma — qua vicit , victos protegit ille manu . (loco)",11,9.0,3.0,3,3
P_Ovidius_Naso_Amores_1_1_2,4,"sic erit ; haeserunt tenues in corde sagittae , et possessa ferus pectora versat Amor .",53,6.0,4.0,3,5
P_Ovidius_Naso_Amores_1_1_2,5,"Cedimus , an subitum luctando accendimus ignem ?",29,4.0,2.0,2,1
P_Ovidius_Naso_Amores_1_1_2,7,"leve fit , quod bene fertur , onus .",45,4.0,1.0,2,2
P_Ovidius_Naso_Amores_1_1_2,8,vidi ego iactatas mota face crescere flammas et rursus nullo concutiente mori .,36,6.0,4.0,1,3
P_Ovidius_Naso_Amores_1_1_2,9,"verbera plura ferunt , quam quos iuvat usus aratri , detractant prensi dum iuga prima boves .",25,10.0,4.0,3,1
P_Ovidius_Naso_Amores_1_1_3,1,Iusta precor :,52,1.0,1.0,1,2
P_Ovidius_Naso_Amores_1_1_3,10,"te -cum , quos dederint annos mihi fila sororum , vivere contingat te -que dolente mori !",51,8.0,0.0,2,6
P_Ovidius_Naso_Amores_1_1_3,11,te mihi materiem felicem in carmina praebe — provenient causa carmina digna sua . [ ],50,11.0,2.0,2,5
P_Ovidius_Naso_Amores_1_1_3,12,"carmine nomen habent exterrita cornibus Io et quam fluminea lusit adulter ave , quae -que super pontum simulato vecta iuvenco virginea tenuit cornua vara manu .",45,9.0,6.0,3,3
P_Ovidius_Naso_Amores_1_1_3,13,"nos quoque per totum pariter cantabimur orbem , iuncta -que semper erunt nomina nostra tuis .",44,7.0,3.0,2,5
P_Ovidius_Naso_Amores_1_1_3,2,"quae me nuper praedata puella est , aut amet aut faciat , cur ego semper amem !",30,7.0,2.0,4,3
P_Ovidius_Naso_Amores_1_1_3,3,"a , nimium volui — tantum patiatur amari ;",36,5.0,3.0,2,4
P_Ovidius_Naso_Amores_1_1_3,4,audierit nostras tot Cytherea preces !,32,3.0,1.0,1,6
P_Ovidius_Naso_Amores_1_1_3,5,"Accipe , per longos tibi qui deserviat annos ;",18,4.0,0.0,2,3
P_Ovidius_Naso_Amores_1_1_3,6,"accipe , qui pura norit amare fide !",12,4.0,0.0,2,5
P_Ovidius_Naso_Amores_1_1_3,7,"si me non veterum commendant magna parentum nomina , si nostri sanguinis auctor eques , ne -c meus innumeris renovatur campus aratris , temperat et sumptus parcus uterque parens (est) — at Phoebus comites -que novem vitis -que repertor hac faciunt , et me qui tibi donat , Amor , et nulli cessura fides , sine crimine mores nuda -que simplicitas purpureus -que pudor . (parte)",45,13.0,5.0,5,2
P_Ovidius_Naso_Amores_1_1_3,8,"non mihi mille placent , non sum desultor amoris :",12,5.0,3.0,2,1
P_Ovidius_Naso_Amores_1_1_3,9,"tu mihi , si qua fides , cura perennis eris . (est)",40,6.0,2.0,1,5
P_Ovidius_Naso_Amores_1_1_4,1,"Vir tuus est epulas nobis aditurus easdem — ultima coena tuo sit , precor , illa viro !",52,8.0,5.0,3,3
P_Ovidius_Naso_Amores_1_1_4,10,"cum premet ille torum , vultu comes ipsa modesto ibis , ut accumbas — clam mihi tange pedem !",50,6.0,2.0,4,5
P_Ovidius_Naso_Amores_1_1_4,11,me specta nutus -que meos vultum -que loquacem ;,20,5.0,0.0,1,2
P_Ovidius_Naso_Amores_1_1_4,12,excipe furtivas et refer ipsa notas .,23,4.0,2.0,2,2
P_Ovidius_Naso_Amores_1_1_4,13,verba superciliis sine voce loquentia dicam ;,36,5.0,4.0,1,5
P_Ovidius_Naso_Amores_1_1_4,14,"verba leges digitis , verba notata mero . (notata)",10,6.0,0.0,1,5
P_Ovidius_Naso_Amores_1_1_4,15,"cum tibi succurret Veneris lascivia nostrae , purpureas tenero pollice tange genas .",42,7.0,5.0,2,5
P_Ovidius_Naso_Amores_1_1_4,16,"si -quid erit , de me tacita quod mente queraris , pendeat extrema mollis ab aure manus .",51,9.0,6.0,3,5
P_Ovidius_Naso_Amores_1_1_4,17,"cum tibi , quae faciam , mea lux , dicam -ve , placebunt , versetur digitis anulus usque tuis .",28,7.0,5.0,4,5
P_Ovidius_Naso_Amores_1_1_4,18,"tange manu mensam , tangunt quo more precantes , optabis merito cum mala multa viro .",46,7.0,4.0,3,5
P_Ovidius_Naso_Amores_1_1_4,19,"Quod tibi miscuerit , sapias , bibat ipse , iubeto ;",15,5.0,3.0,4,6
P_Ovidius_Naso_Amores_1_1_4,2,ergo ego dilectam tantum conviva puellam adspiciam ? [ ],43,5.0,3.0,1,5
P_Ovidius_Naso_Amores_1_1_4,20,"tu puerum leviter posce , quod ipsa voles .",15,3.0,2.0,2,5
P_Ovidius_Naso_Amores_1_1_4,21,"quae tu reddideris ego primus pocula sumam , et , qua tu biberis , hac ego parte bibam .",26,8.0,2.0,4,6
P_Ovidius_Naso_Amores_1_1_4,22,"si tibi forte dabit , quod praegustaverit ipse , reice libatos illius ore cibos .",15,8.0,4.0,3,6
P_Ovidius_Naso_Amores_1_1_4,23,"ne -c premat inpositis sinito tua colla lacertis , mite ne -c in rigido pectore pone caput ;",43,8.0,4.0,3,3
P_Ovidius_Naso_Amores_1_1_4,24,ne -c sinus admittat digitos habiles -ve papillae ;,34,4.0,0.0,1,3
P_Ovidius_Naso_Amores_1_1_4,25,oscula praecipue nulla dedisse velis !,13,4.0,1.0,1,3
P_Ovidius_Naso_Amores_1_1_4,26,"oscula si dederis , fiam manifestus amator et dicam ' mea sunt ! '",24,6.0,3.0,4,6
P_Ovidius_Naso_Amores_1_1_4,27,iniciam -que manum .,8,2.0,2.0,1,5
P_Ovidius_Naso_Amores_1_1_4,28,"Haec tamen adspiciam , sed quae bene pallia celant , illa mihi caeci causa timoris erunt .",50,6.0,2.0,3,5
P_Ovidius_Naso_Amores_1_1_4,29,ne -c femori committe femur ne -c crure cohaere ne -c tenerum duro cum pede iunge pedem .,36,6.0,3.0,3,2
P_Ovidius_Naso_Amores_1_1_4,3,"tangi quem iuvet , alter erit , alterius -que sinus apte subiecta fovebis ?",42,6.0,3.0,3,5
P_Ovidius_Naso_Amores_1_1_4,30,"multa miser timeo , quia feci multa proterve , exempli -que metu torqueor , ecce , mei .",43,8.0,3.0,3,3
P_Ovidius_Naso_Amores_1_1_4,31,saepe mihi dominae -que meae properata voluptas veste sub iniecta dulce peregit opus .,53,6.0,3.0,2,4
P_Ovidius_Naso_Amores_1_1_4,32,hoc tu non facies ;,15,2.0,1.0,1,5
P_Ovidius_Naso_Amores_1_1_4,33,"sed , ne fecisse puteris , conscia de tergo pallia deme tuo .",47,6.0,0.0,2,4
P_Ovidius_Naso_Amores_1_1_4,34,"vir bibat usque roga — precibus tamen oscula desint ! — dum -que bibit , furtim si potes , adde merum .",43,8.0,3.0,6,3
P_Ovidius_Naso_Amores_1_1_4,35,"si bene conpositus somno vino -que iacebit , consilium nobis res -que locus -que dabunt .",21,7.0,3.0,2,5
P_Ovidius_Naso_Amores_1_1_4,36,"cum surges abitura domum , surgemus et omnes , in medium turbae fac memor agmen eas .",28,9.0,5.0,4,5
P_Ovidius_Naso_Amores_1_1_4,37,agmine me invenies aut invenieris in illo :,12,5.0,3.0,2,5
P_Ovidius_Naso_Amores_1_1_4,38,"quidquid ibi poteris tangere , tange , mei .",51,4.0,2.0,2,5
P_Ovidius_Naso_Amores_1_1_4,39,Me miserum !,6,1.0,1.0,0,0
P_Ovidius_Naso_Amores_1_1_4,4,"iniciet collo , cum volet , ille manum ?",28,4.0,1.0,2,5
P_Ovidius_Naso_Amores_1_1_4,40,"monui , paucas quod prosit in horas ;",9,5.0,1.0,2,3
P_Ovidius_Naso_Amores_1_1_4,41,separor a domina nocte iubente mea .,13,5.0,3.0,1,2
P_Ovidius_Naso_Amores_1_1_4,42,"nocte vir includet , lacrimis ego maestus obortis , qua licet , ad saevas prosequar usque fores . (prosequi)",50,8.0,3.0,3,5
P_Ovidius_Naso_Amores_1_1_4,43,"oscula iam sumet , iam non tantum oscula sumet :",25,5.0,3.0,2,5
P_Ovidius_Naso_Amores_1_1_4,44,"quod mihi das furtim , iure coacta dabis .",32,4.0,2.0,2,5
P_Ovidius_Naso_Amores_1_1_4,45,verum invita dato — potes hoc — similis -que coactae ; (facere),50,7.0,5.0,2,3
P_Ovidius_Naso_Amores_1_1_4,46,"blanditiae taceant , sit -que maligna Venus .",9,4.0,2.0,2,3
P_Ovidius_Naso_Amores_1_1_4,47,"si mea vota valent , illum quoque ne iuvet , opto ;",46,6.0,3.0,3,3
P_Ovidius_Naso_Amores_1_1_4,48,"si minus , at certe te iuvet inde nihil . (mea vota valent)",45,4.0,0.0,1,3
P_Ovidius_Naso_Amores_1_1_4,49,"sed quaecumque tamen noctem fortuna sequetur , cras mihi constanti voce dedisse nega !",41,5.0,0.0,2,5
P_Ovidius_Naso_Amores_1_1_4,5,"desino mirari , posito quod candida vino Atracis ambiguos traxit in arma viros .",50,5.0,2.0,2,3
P_Ovidius_Naso_Amores_1_1_4,6,"ne -c mihi silva domus , ne -c equo mea membra cohaerent — vix a te videor posse tenere manus ! (est)",18,9.0,4.0,2,2
P_Ovidius_Naso_Amores_1_1_4,7,"Quae tibi sint facienda tamen cognosce , ne -c Euris da mea ne -c tepidis verba ferenda Notis ! (da)",17,7.0,4.0,3,3
P_Ovidius_Naso_Amores_1_1_4,8,"ante veni , quam vir — ne -c quid , si veneris ante , possit agi video ; (venit)",25,10.0,3.0,4,6
P_Ovidius_Naso_Amores_1_1_4,9,sed tamen ante veni .,17,2.0,0.0,1,2
P_Ovidius_Naso_Amores_Epigram,1,"Qui modo Nasonis fueramus quinque libelli , tres sumus ;",5,4.0,1.0,2,4
P_Ovidius_Naso_Amores_Epigram,2,hoc illi praetulit auctor opus .,15,3.0,1.0,1,3
P_Ovidius_Naso_Amores_Epigram,3,"ut iam nulla tibi nos sit legisse voluptas , at levior demptis poena duobus erit .",51,6.0,4.0,2,5
P_Ovidius_Naso_Ars_Amatoria_Book_I,1,"si -quis in hoc artem populo non novit amandi , hoc legat et lecto carmine doctus amet .",43,10.0,6.0,3,3
P_Ovidius_Naso_Ars_Amatoria_Book_I,10,"quo me fixit Amor , quo me violentius ussit , hoc melior facti vulneris ultor ero : non ego , Phoebe , datas a te mihi mentiar artes , ne -c nos aëriae voce monemur avis , ne -c mihi sunt visae Clio Clius -que sorores servanti pecudes vallibus , Ascra , tuis : usus opus movet hoc : vati parete perito ; vera canam : coeptis , mater Amoris , ades ! (violentius)",43,16.0,6.0,10,5
P_Ovidius_Naso_Ars_Amatoria_Book_I,100,"nunc tibi , quae placuit , quas sit capienda per artes , dicere praecipuae molior artis opus .",43,7.0,3.0,3,3
P_Ovidius_Naso_Ars_Amatoria_Book_I,101,"quisquis ubique , viri , dociles advertite mentes , pollicitis -que favens , vulgus , adeste meis .",53,9.0,1.0,2,2
P_Ovidius_Naso_Ars_Amatoria_Book_I,102,"prima tuae menti veniat fiducia , cunctas posse capi ; capies , tu modo tende plagas .",54,8.0,6.0,3,5
P_Ovidius_Naso_Ars_Amatoria_Book_I,103,"vere prius volucres taceant , aestate cicadae , Maenalius lepori det sua terga canis , femina quam iuveni blande temptata repugnet : haec quoque , quam poteris credere nolle , volet . (taceant)",45,13.0,3.0,5,5
P_Ovidius_Naso_Ars_Amatoria_Book_I,104,"ut -que viro furtiva venus , sic grata puellae : vir male dissimulat : tectius illa cupit . (grata est) (est)",29,9.0,4.0,2,1
P_Ovidius_Naso_Ars_Amatoria_Book_I,105,"conveniat maribus , nequam nos ante rogemus , femina iam partes victa rogantis agat .",26,6.0,4.0,3,3
P_Ovidius_Naso_Ars_Amatoria_Book_I,106,mollibus in pratis admugit femina tauro : femina cornipedi semper adhinnit equo .,51,7.0,3.0,2,1
P_Ovidius_Naso_Ars_Amatoria_Book_I,107,parcior in nobis ne -c tam furiosa libido : legitimum finem flamma virilis habet . (est) (est),31,7.0,4.0,1,1
P_Ovidius_Naso_Ars_Amatoria_Book_I,108,"Byblida quid referam , vetito quae fratris amore arsit et est laqueo fortiter ulta nefas ?",49,6.0,4.0,3,3
P_Ovidius_Naso_Ars_Amatoria_Book_I,109,"Myrrha patrem , sed non qua filia debet , amavit , et nunc obducto cortice pressa latet : illius lacrimis , quas arbore fundit odora , unguimur , et dominae nomina gutta tenet . (amavit)",48,12.0,5.0,6,3
P_Ovidius_Naso_Ars_Amatoria_Book_I,11,"este procul , vittae tenues , insigne pudoris , quae -que tegis medios , instita longa , pedes . (illae)",43,7.0,2.0,2,2
P_Ovidius_Naso_Ars_Amatoria_Book_I,110,"forte sub umbrosis nemorosae vallibus Idae candidus , armenti gloria , taurus erat , signatus tenui media inter cornua nigro : una fuit labes , cetera lactis erant .",37,12.0,4.0,3,3
P_Ovidius_Naso_Ars_Amatoria_Book_I,111,illum Cnosiades -que Cydoneae -que iuvencae optarunt tergo sustinuisse suo .,46,6.0,0.0,1,3
P_Ovidius_Naso_Ars_Amatoria_Book_I,112,Pasiphaë fieri gaudebat adultera tauri ; invida formosas oderat illa boves .,54,7.0,1.0,2,4
P_Ovidius_Naso_Ars_Amatoria_Book_I,113,"nota cano : non hoc , centum quae sustinet urbes , quamvis sit mendax , Creta negare potest .",41,7.0,4.0,4,3
P_Ovidius_Naso_Ars_Amatoria_Book_I,114,ipsa novas frondes et prata tenerrima tauro fertur inadsueta subsecuisse manu .,15,5.0,3.0,1,2
P_Ovidius_Naso_Ars_Amatoria_Book_I,115,"it comes armentis , ne -c ituram cura moratur coniugis , et Minos a bove victus erat .",7,7.0,3.0,3,2
P_Ovidius_Naso_Ars_Amatoria_Book_I,116,"quo tibi , Pasiphaë , pretiosas sumere vestes ? (est)",25,5.0,2.0,0,0
P_Ovidius_Naso_Ars_Amatoria_Book_I,117,ille tuus nullas sentit adulter opes .,30,4.0,0.0,1,1
P_Ovidius_Naso_Ars_Amatoria_Book_I,118,"quid tibi cum speculo , montana armenta petenti ? (est) (ire)",40,7.0,4.0,0,0
P_Ovidius_Naso_Ars_Amatoria_Book_I,119,"quid totiens positas fingis , inepta , comas ?",40,4.0,2.0,1,1
P_Ovidius_Naso_Ars_Amatoria_Book_I,12,"nos venerem tutam concessa -que furta canemus , in -que meo nullum carmine crimen erit .",53,8.0,4.0,2,5
P_Ovidius_Naso_Ars_Amatoria_Book_I,120,"crede tamen speculo , quod te negat esse iuvencam .",41,5.0,4.0,2,2
P_Ovidius_Naso_Ars_Amatoria_Book_I,121,quam cuperes fronti cornua nata tuae !,43,4.0,3.0,1,4
P_Ovidius_Naso_Ars_Amatoria_Book_I,122,"si -ve placet Minos , nullus quaeratur adulter : si -ve virum mavis fallere , falle viro !",23,9.0,4.0,4,4
P_Ovidius_Naso_Ars_Amatoria_Book_I,123,"in nemus et saltus thalamo regina relicto fertur , ut Aonio concita Baccha deo . (isse)",29,7.0,1.0,1,2
P_Ovidius_Naso_Ars_Amatoria_Book_I,124,"A , quotiens vaccam vultu spectavit iniquo , et dixit ' domino cur placet ista meo ? aspice , ut ante ipsum teneris exultet in herbis : ne -c dubito , quin se stulta decere putet . ' [ ]",47,11.0,7.0,7,3
P_Ovidius_Naso_Ars_Amatoria_Book_I,125,"dixit , et ingenti iamdudum de grege duci iussit et inmeritam sub iuga curva trahi , aut cadere ante aras commenta -que sacra coegit , et tenuit laeta paelicis exta manu .",52,13.0,5.0,4,3
P_Ovidius_Naso_Ars_Amatoria_Book_I,126,"paelicibus quotiens placavit numina caesis , atque ait , exta tenens ' ite , placete meo ! '",45,7.0,4.0,4,3
P_Ovidius_Naso_Ars_Amatoria_Book_I,127,"et modo se Europen fieri , modo postulat Io , altera quod bos est , altera vecta bove . (postulat) (fieri)",35,7.0,0.0,2,1
P_Ovidius_Naso_Ars_Amatoria_Book_I,128,"hanc tamen implevit , vacca deceptus acerna , dux gregis , et partu proditus auctor erat .",38,7.0,2.0,2,3
P_Ovidius_Naso_Ars_Amatoria_Book_I,129,"Cressa Thyesteo si se abstinuisset amore ( et quantum est uno posse carere viro ? ) , non medium rupisset iter , curru -que retorto Auroram versis Phoebus adisset equis .",26,12.0,3.0,4,6
P_Ovidius_Naso_Ars_Amatoria_Book_I,13,"principio , quod amare velis , reperire labora , qui nova nunc primum miles in arma venis .",15,9.0,1.0,3,3
P_Ovidius_Naso_Ars_Amatoria_Book_I,130,filia purpureos Niso furata capillos pube premit rabidos inguinibus -que canes .,8,8.0,3.0,1,1
P_Ovidius_Naso_Ars_Amatoria_Book_I,131,"qui Martem terra , Neptunum effugit in undis , coniugis Atrides victima dira fuit . (effugit)",38,7.0,0.0,2,3
P_Ovidius_Naso_Ars_Amatoria_Book_I,132,"cui non defleta est Ephyraeae flamma Creüsae , et nece natorum sanguinolenta parens ?",43,7.0,2.0,1,1
P_Ovidius_Naso_Ars_Amatoria_Book_I,133,flevit Amyntorides per inania lumina Phoenix : Hippolytum pavidi diripuistis equi . [ ],30,7.0,4.0,2,3
P_Ovidius_Naso_Ars_Amatoria_Book_I,134,"quid fodis inmeritis , Phineu , sua lumina natis ?",43,4.0,2.0,1,1
P_Ovidius_Naso_Ars_Amatoria_Book_I,135,poena reversura est in caput ista tuum .,44,5.0,3.0,1,1
P_Ovidius_Naso_Ars_Amatoria_Book_I,136,"omnia feminea sunt ista libidine mota ; acrior est nostra , plus -que furoris habet .",9,7.0,5.0,3,1
P_Ovidius_Naso_Ars_Amatoria_Book_I,137,"ergo age , ne dubita cunctas sperare puellas ; vix erit e multis , quae neget , una , tibi .",54,8.0,6.0,4,5
P_Ovidius_Naso_Ars_Amatoria_Book_I,138,"quae dant quae -que negant , gaudent tamen esse rogatae : ut iam fallaris , tuta repulsa tua est .",53,8.0,5.0,5,4
P_Ovidius_Naso_Ars_Amatoria_Book_I,139,"sed cur fallaris , cum sit nova grata voluptas et capiant animos plus aliena suis ?",51,6.0,0.0,3,4
P_Ovidius_Naso_Ars_Amatoria_Book_I,14,"proximus huic labor est placitam exorare puellam : tertius , ut longo tempore duret amor . (est)",29,9.0,2.0,2,3
P_Ovidius_Naso_Ars_Amatoria_Book_I,140,"fertilior seges est alienis semper in agris , vicinum -que pecus grandius uber habet .",46,8.0,3.0,2,1
P_Ovidius_Naso_Ars_Amatoria_Book_I,141,sed prius ancillam captandae nosse puellae cura sit : accessus molliet illa tuos .,6,8.0,0.0,2,5
P_Ovidius_Naso_Ars_Amatoria_Book_I,142,"proxima consiliis dominae sit ut illa , videto , ne -ve parum tacitis conscia fida iocis . (sit)",29,8.0,1.0,2,3
P_Ovidius_Naso_Ars_Amatoria_Book_I,143,"hanc tu pollicitis , hanc tu corrumpe rogando : quod petis , ex facili , si volet illa , feres . (corrumpe)",53,7.0,4.0,4,5
P_Ovidius_Naso_Ars_Amatoria_Book_I,144,illa leget tempus ( medici quoque tempora servant ) quo facilis dominae mens sit et apta capi .,44,8.0,5.0,3,5
P_Ovidius_Naso_Ars_Amatoria_Book_I,145,"mens erit apta capi tum , cum laetissima rerum ut seges in pingui luxuriabit humo . (luxuriat)",46,10.0,2.0,2,5
P_Ovidius_Naso_Ars_Amatoria_Book_I,146,"pectora dum gaudent ne -c sunt adstricta dolore , ipsa patent , blanda tum subit arte Venus .",43,8.0,2.0,4,1
P_Ovidius_Naso_Ars_Amatoria_Book_I,147,"tum , cum tristis erat , defensa est Ilios armis : militibus gravidum laeta recepit equum .",32,9.0,2.0,3,3
P_Ovidius_Naso_Ars_Amatoria_Book_I,148,"tum quoque temptanda est , cum paelice laesa dolebit : tum facies opera , ne sit inulta , tua .",51,10.0,3.0,4,5
P_Ovidius_Naso_Ars_Amatoria_Book_I,149,"hanc matutinos pectens ancilla capillos incitet , et velo remigis addat opem , et se -cum tenui suspirans murmure dicat ' at , puto , non poteras ipsa referre vicem . '",51,10.0,5.0,5,3
P_Ovidius_Naso_Ars_Amatoria_Book_I,15,"hic modus , haec nostro signabitur area curru : haec erit admissa meta terenda rota .",52,7.0,3.0,2,5
P_Ovidius_Naso_Ars_Amatoria_Book_I,150,"tum de te narret , tum persuadentia verba addat , et insano iuret amore mori .",36,8.0,2.0,3,3
P_Ovidius_Naso_Ars_Amatoria_Book_I,151,"sed propera , ne vela cadant aurae -que residant : ut fragilis glacies , interit ira mora . (interit)",29,10.0,0.0,4,3
P_Ovidius_Naso_Ars_Amatoria_Book_I,152,"quaeris , an hanc ipsam prosit violare ministram ?",29,5.0,1.0,2,3
P_Ovidius_Naso_Ars_Amatoria_Book_I,153,talibus admissis alea grandis inest .,23,4.0,2.0,1,1
P_Ovidius_Naso_Ars_Amatoria_Book_I,154,"haec a concubitu fit sedula , tardior illa , haec dominae munus te parat , illa sibi . (fit) (parat munus te) [ ]",46,8.0,3.0,2,1
P_Ovidius_Naso_Ars_Amatoria_Book_I,155,"casus in eventu est : licet hic indulgeat ausis , consilium tamen est abstinuisse meum .",49,7.0,5.0,4,3
P_Ovidius_Naso_Ars_Amatoria_Book_I,156,"non ego per praeceps et acuta cacumina vadam , ne -c iuvenum quisquam me duce captus erit .",29,8.0,3.0,2,5
P_Ovidius_Naso_Ars_Amatoria_Book_I,157,"si tamen illa tibi , dum dat recipit -que tabellas , corpore , non tantum sedulitate placet , fac domina potiare prius , comes illa sequatur : non tibi ab ancilla est incipienda venus . (placet) [ ]",36,10.0,5.0,7,4
P_Ovidius_Naso_Ars_Amatoria_Book_I,158,"hoc unum moneo , si -quid modo creditur arti , ne -c mea dicta rapax per mare ventus agit : aut non temptaris aut perfice !",43,9.0,2.0,5,5
P_Ovidius_Naso_Ars_Amatoria_Book_I,159,"tollitur index , cum semel in partem criminis ipsa venit .",51,6.0,1.0,2,2
P_Ovidius_Naso_Ars_Amatoria_Book_I,16,"dum licet , et loris passim potes ire solutis , elige cui dicas ' tu mihi sola places . ' (eligere cui dicas tu mihi sola places)",49,10.0,4.0,5,3
P_Ovidius_Naso_Ars_Amatoria_Book_I,160,non avis utiliter viscatis effugit alis ; non bene de laxis cassibus exit aper .,41,7.0,4.0,2,1
P_Ovidius_Naso_Ars_Amatoria_Book_I,161,"saucius arrepto piscis teneatur ab hamo : perprime temptatam , ne -c ni -si victor abi . (abis)",13,9.0,3.0,3,4
P_Ovidius_Naso_Ars_Amatoria_Book_I,162,"tunc ne -que te prodet communi noxia culpa , facta -que erunt dominae dicta -que nota tibi .",38,6.0,3.0,2,5
P_Ovidius_Naso_Ars_Amatoria_Book_I,163,"sed bene celetur : bene si celabitur index , notitiae suberit semper amica tuae .",36,6.0,0.0,3,5
P_Ovidius_Naso_Ars_Amatoria_Book_I,164,"tempora qui solis operosa colentibus arva , fallitur , et nautis aspicienda putat ; ne -c semper credenda ceres fallacibus arvis , ne -c semper viridi concava puppis aquae , ne -c teneras semper tutum captare puellas : saepe dato melius tempore fiet idem . (credenda) (est)",51,12.0,5.0,3,5
P_Ovidius_Naso_Ars_Amatoria_Book_I,165,"si -ve dies suberit natalis , si -ve Kalendae , quas Venerem Marti continuasse iuvat , si -ve erit ornatus non ut fuit ante sigillis , sed regum positas Circus habebit opes , differ opus : tunc tristis hiems , tunc Pliades instant , tunc tener aequorea mergitur Haedus aqua ; tunc bene desinitur : tunc si -quis creditur alto , vix tenuit lacerae naufraga membra ratis . (suberunt) (instat)",52,14.0,7.0,11,5
P_Ovidius_Naso_Ars_Amatoria_Book_I,166,"tu licet incipias qua flebilis Allia luce vulneribus Latiis sanguinolenta fluit , qua -que die redeunt , rebus minus apta gerendis , culta Palaestino septima festa Syro .",49,12.0,0.0,4,3
P_Ovidius_Naso_Ars_Amatoria_Book_I,167,"magna superstitio tibi sit natalis amicae : qua -que aliquid dandum est , illa sit atra dies .",21,7.0,3.0,3,3
P_Ovidius_Naso_Ars_Amatoria_Book_I,168,"cum bene vitaris , tamen auferet ; invenit artem femina , qua cupidi carpat amantis opes .",43,10.0,4.0,4,5
P_Ovidius_Naso_Ars_Amatoria_Book_I,169,"institor ad dominam veniet discinctus emacem , expediet merces te -que sedente suas : quas illa , inspicias , sapere ut videare , rogabit : oscula deinde dabit ; deinde rogabit , emas .",29,12.0,4.0,8,5
P_Ovidius_Naso_Ars_Amatoria_Book_I,17,haec tibi non tenues veniet delapsa per auras : quaerenda est oculis apta puella tuis .,15,11.0,2.0,2,5
P_Ovidius_Naso_Ars_Amatoria_Book_I,170,"hoc fore contentam multos iurabit in annos , nunc opus esse sibi , nunc bene dicet emi . (dicet)",18,9.0,4.0,2,5
P_Ovidius_Naso_Ars_Amatoria_Book_I,171,"si non esse domi , quos des , causabere nummos , littera poscetur — ne didicisse iuvet . (poscetur)",18,10.0,3.0,4,5
P_Ovidius_Naso_Ars_Amatoria_Book_I,172,"quid , quasi natali cum poscit munera libo , et , quotiens opus est , nascitur illa , sibi ? (poscit) (est)",49,8.0,1.0,3,2
P_Ovidius_Naso_Ars_Amatoria_Book_I,173,"quid , cum mendaci damno maestissima plorat , elapsus -que cava fingitur aure lapis ? (est)",50,8.0,1.0,2,2
P_Ovidius_Naso_Ars_Amatoria_Book_I,174,"multa rogant utenda dari , data reddere nolunt : perdis , et in damno gratia nulla tuo . (est)",40,10.0,6.0,3,1
P_Ovidius_Naso_Ars_Amatoria_Book_I,175,"non mihi , sacrilegas meretricum ut persequar artes , cum totidem linguis sint satis ora decem .",45,8.0,3.0,2,4
P_Ovidius_Naso_Ars_Amatoria_Book_I,176,"cera vadum temptet , rasis infusa tabellis : cera tuae primum conscia mentis eat .",44,10.0,3.0,2,3
P_Ovidius_Naso_Ars_Amatoria_Book_I,177,"blanditias ferat illa tuas imitata -que amantem verba ; ne -c exiguas , quisquis es , adde preces . (tu)",51,9.0,2.0,3,3
P_Ovidius_Naso_Ars_Amatoria_Book_I,178,Hectora donavit Priamo prece motus Achilles ; flectitur iratus voce rogante deus .,48,7.0,3.0,2,3
P_Ovidius_Naso_Ars_Amatoria_Book_I,179,promittas facito : quid enim promittere laedit ?,40,4.0,3.0,3,3
P_Ovidius_Naso_Ars_Amatoria_Book_I,18,"scit bene venator , cervis ubi retia tendat , scit bene , qua frendens valle moretur aper ; aucupibus noti frutices ; qui sustinet hamos , novit quae multo pisce natentur aquae : tu quoque , materiam longo qui quaeris amori , ante frequens quo sit disce puella loco .",34,11.0,5.0,10,4
P_Ovidius_Naso_Ars_Amatoria_Book_I,180,pollicitis dives quilibet esse potest .,53,4.0,1.0,1,1
P_Ovidius_Naso_Ars_Amatoria_Book_I,181,"spes tenet in tempus , semel est si credita , longum : illa quidem fallax , sed tamen apta dea est . (est)",51,7.0,4.0,3,1
P_Ovidius_Naso_Ars_Amatoria_Book_I,182,"si dederis aliquid , poteris ratione relinqui : praeteritum tulerit , perdiderit -que nihil .",44,7.0,3.0,4,6
P_Ovidius_Naso_Ars_Amatoria_Book_I,183,"at quod non dederis , semper videare daturus : sic dominum sterilis saepe fefellit ager : sic , ne perdiderit , non cessat perdere lusor , et revocat cupidas alea saepe manus .",45,9.0,0.0,6,6
P_Ovidius_Naso_Ars_Amatoria_Book_I,184,"hoc opus , hic labor est , primo sine munere iungi ; ne dederit gratis quae dedit , usque dabit .",46,10.0,5.0,4,6
P_Ovidius_Naso_Ars_Amatoria_Book_I,185,"ergo eat et blandis peraretur littera verbis , exploret -que animos , prima -que temptet iter .",27,7.0,3.0,4,4
P_Ovidius_Naso_Ars_Amatoria_Book_I,186,"littera Cydippen pomo perlata fefellit , inscia -que est verbis capta puella suis .",14,7.0,3.0,2,3
P_Ovidius_Naso_Ars_Amatoria_Book_I,187,"disce bonas artes , moneo , Romana iuventus , non tantum trepidos ut tueare reos ; quam populus iudex -que gravis lectus -que senatus , tam dabit eloquio victa puella manus . (dant eloquio victi manus)",53,13.0,3.0,4,5
P_Ovidius_Naso_Ars_Amatoria_Book_I,188,"sed lateant vires , ne -c sis in fronte disertus ; effugiant voces verba molesta tuae .",54,7.0,0.0,3,3
P_Ovidius_Naso_Ars_Amatoria_Book_I,189,"quis , ni -si mentis inops , tenerae declamat amicae ? (declamat)",44,6.0,2.0,1,1
P_Ovidius_Naso_Ars_Amatoria_Book_I,19,"non ego quaerentem vento dare vela iubebo , ne -c tibi , ut invenias , longa terenda via est .",29,7.0,3.0,3,5
P_Ovidius_Naso_Ars_Amatoria_Book_I,190,saepe valens odii littera causa fuit .,50,4.0,2.0,1,3
P_Ovidius_Naso_Ars_Amatoria_Book_I,191,"sit tibi credibilis sermo consueta -que verba , blanda tamen , praesens ut videare loqui . (sint)",50,6.0,3.0,2,4
P_Ovidius_Naso_Ars_Amatoria_Book_I,192,"si non accipiet scriptum , inlectum -que remittet , lecturam spera , propositum -que tene .",53,6.0,4.0,4,5
P_Ovidius_Naso_Ars_Amatoria_Book_I,193,"tempore difficiles veniunt ad aratra iuvenci , tempore lenta pati frena docentur equi : ferreus adsiduo consumitur anulus usu , interit adsidua vomer aduncus humo .",36,9.0,4.0,4,2
P_Ovidius_Naso_Ars_Amatoria_Book_I,194,"quid magis est saxo durum , quid mollius unda ? (est)",51,7.0,3.0,1,1
P_Ovidius_Naso_Ars_Amatoria_Book_I,195,dura tamen molli saxa cavantur aqua .,51,4.0,2.0,1,2
P_Ovidius_Naso_Ars_Amatoria_Book_I,196,"Penelopen ipsam , persta modo , tempore vinces : capta vides sero Pergama , capta tamen . (vides)",18,8.0,3.0,3,5
P_Ovidius_Naso_Ars_Amatoria_Book_I,197,"legerit , et nolit rescribere ?",15,3.0,2.0,2,5
P_Ovidius_Naso_Ars_Amatoria_Book_I,198,cogere noli : tu modo blanditias fac legat usque tuas .,32,6.0,4.0,3,3
P_Ovidius_Naso_Ars_Amatoria_Book_I,199,"quae voluit legisse , volet rescribere lectis : per numeros venient ista gradus -que suos .",20,7.0,4.0,3,5
P_Ovidius_Naso_Ars_Amatoria_Book_I,2,"arte citae velo -que rates remo -que moventur , arte leves currus : arte regendus amor . (moventur)",43,6.0,2.0,1,2
P_Ovidius_Naso_Ars_Amatoria_Book_I,20,"Andromedan Perseus nigris portarit ab Indis , rapta -que sit Phrygio Graia puella viro , tot tibi tam -que dabit formosas Roma puellas , ' haec habet ' ut dicas ' quicquid in orbe fuit . '",51,13.0,1.0,6,5
P_Ovidius_Naso_Ars_Amatoria_Book_I,200,"forsitan et primo veniet tibi littera tristis , quae -que roget , ne se sollicitare velis .",39,8.0,6.0,3,5
P_Ovidius_Naso_Ars_Amatoria_Book_I,201,"quod rogat illa , timet ; quod non rogat , optat , ut instes ; insequere , et voti postmodo compos eris .",46,9.0,3.0,7,5
P_Ovidius_Naso_Ars_Amatoria_Book_I,202,"interea , si -ve illa toro resupina feretur , lecticam dominae dissimulanter adi , ne -ve aliquis verbis odiosas offerat auris , qua potes ambiguis callidus abde notis .",46,10.0,5.0,5,5
P_Ovidius_Naso_Ars_Amatoria_Book_I,203,"se -u pedibus vacuis illi spatiosa teretur porticus , hic socias tu quoque iunge moras : et modo praecedas facito , modo terga sequaris , et modo festines , et modo lentus eas : ne -c tibi de mediis aliquot transire columnas sit pudor , aut lateri continuasse latus ; ne -c sine te curvo sedeat speciosa theatro : quod spectes , umeris adferet illa suis .",43,11.0,0.0,11,5
P_Ovidius_Naso_Ars_Amatoria_Book_I,204,"illam respicias , illam mirere licebit : multa supercilio , multa loquare notis . (loquare) (si)",50,7.0,3.0,4,5
P_Ovidius_Naso_Ars_Amatoria_Book_I,205,"et plaudas , aliquam mimo saltante puellam : et faveas illi , quisquis agatur amans .",51,9.0,0.0,3,4
P_Ovidius_Naso_Ars_Amatoria_Book_I,206,"cum surgit , surges ; donec sedet illa , sedebis ; arbitrio dominae tempora perde tuae .",35,9.0,4.0,5,5
P_Ovidius_Naso_Ars_Amatoria_Book_I,207,"sed tibi ne -c ferro placeat torquere capillos , ne -c tua mordaci pumice crura teras . (placeat tibi)",32,8.0,0.0,2,3
P_Ovidius_Naso_Ars_Amatoria_Book_I,208,"ista iube faciant , quorum Cybeleïa mater concinitur Phrygiis exululata modis .",52,6.0,0.0,3,3
P_Ovidius_Naso_Ars_Amatoria_Book_I,209,"forma viros neglecta decet ; Minoida Theseus abstulit , a nulla tempora comptus acu .",18,9.0,6.0,2,3
P_Ovidius_Naso_Ars_Amatoria_Book_I,21,"Gargara quot segetes , quot habet Methymna racemos , aequore quot pisces , fronde teguntur aves , quot caelum stellas , tot habet tua Roma puellas : mater in Aeneae constitit urbe sui . (sunt) (habet) (quot) (habet)",46,11.0,5.0,4,3
P_Ovidius_Naso_Ars_Amatoria_Book_I,210,"Hippolytum Phaedra , ne -c erat bene cultus , amavit ; cura deae silvis aptus Adonis erat . [ ]",18,7.0,1.0,3,3
P_Ovidius_Naso_Ars_Amatoria_Book_I,211,"munditie placeant , fuscentur corpora Campo : sit bene conveniens et sine labe toga : lingula ne rigeat , careant rubigine dentes , ne -c vagus in laxa pes tibi pelle natet : ne -c male deformet rigidos tonsura capillos : sit coma , sit trita barba resecta manu . (trita barba resecta) (sit)",36,10.0,5.0,9,4
P_Ovidius_Naso_Ars_Amatoria_Book_I,212,"et nihil emineant , et sint sine sordibus ungues : in -que cava nullus stet tibi nare pilus .",44,8.0,0.0,3,3
P_Ovidius_Naso_Ars_Amatoria_Book_I,213,ne -c male odorati sit tristis anhelitus oris : ne -c laedat naris vir -que pater -que gregis .,12,8.0,0.0,2,3
P_Ovidius_Naso_Ars_Amatoria_Book_I,214,"cetera lascivae faciant , concede , puellae , et si -quis male vir quaerit habere virum . (faciat cetera)",40,8.0,0.0,3,3
P_Ovidius_Naso_Ars_Amatoria_Book_I,215,"ecce , suum vatem Liber vocat ; hic quoque amantes adiuvat , et flammae , qua calet ipse , favet .",22,8.0,6.0,4,1
P_Ovidius_Naso_Ars_Amatoria_Book_I,216,"Cnosis in ignotis amens errabat harenis , qua brevis aequoreis Dia feritur aquis .",40,7.0,5.0,2,2
P_Ovidius_Naso_Ars_Amatoria_Book_I,217,"ut -que erat e somno tunica velata recincta , nuda pedem , croceas inreligata comas , Thesea crudelem surdas clamabat ad undas , indigno teneras imbre rigante genas .",44,9.0,0.0,2,2
P_Ovidius_Naso_Ars_Amatoria_Book_I,218,"clamabat , flebat -que simul , sed utrumque decebat ; non facta est lacrimis turpior illa suis .",46,6.0,4.0,4,2
P_Ovidius_Naso_Ars_Amatoria_Book_I,219,iam -que iterum tundens mollissima pectora palmis ' perfidus ille abiit ; quid mihi fiet ? ' ait .,51,7.0,0.0,3,5
P_Ovidius_Naso_Ars_Amatoria_Book_I,22,"se -u caperis primis et adhuc crescentibus annis , ante oculos veniet vera puella tuos : si -ve cupis iuvenem , iuvenes tibi mille placebunt .",28,11.0,4.0,4,5
P_Ovidius_Naso_Ars_Amatoria_Book_I,220,"' quid mihi fiet ? ' ait : sonuerunt cymbala toto litore , et adtonita tympana pulsa manu .",45,8.0,5.0,3,5
P_Ovidius_Naso_Ars_Amatoria_Book_I,221,"excidit illa metu , rupit -que novissima verba ; nullus in exanimi corpore sanguis erat .",16,8.0,4.0,3,3
P_Ovidius_Naso_Ars_Amatoria_Book_I,222,"ecce Mimallonides sparsis in terga capillis : ecce leves satyri , praevia turba dei : ebrius , ecce , senex pando Silenus asello vix sedet , et pressas continet ante iubas . (sunt) (sunt) [ ]",35,9.0,3.0,2,1
P_Ovidius_Naso_Ars_Amatoria_Book_I,223,"dum sequitur Bacchas , Bacchae fugiunt -que petunt -que quadrupedem ferula dum malus urget eques , in caput aurito cecidit delapsus asello : clamarunt satyri ' surge age , surge , pater . '",36,9.0,4.0,9,3
P_Ovidius_Naso_Ars_Amatoria_Book_I,224,"iam deus in curru , quem summum texerat uvis , tigribus adiunctis aurea lora dabat : et color et Theseus et vox abiere puellae : ter -que fugam petiit , ter -que retenta metu est .",52,10.0,4.0,5,4
P_Ovidius_Naso_Ars_Amatoria_Book_I,225,"horruit , ut graciles , agitat quas ventus , aristae , ut levis in madida canna palude tremit . (horrent) (tremit)",41,12.0,6.0,3,3
P_Ovidius_Naso_Ars_Amatoria_Book_I,226,"cui deus ' en , adsum tibi cura fidelior ' inquit : ' pone metum : Bacchi , Cnosias , uxor eris . munus habe caelum ; caelo spectabere sidus ; saepe reges dubiam Cressa Corona ratem . ' [ ] [ ]",46,9.0,6.0,7,5
P_Ovidius_Naso_Ars_Amatoria_Book_I,227,"dixit , et e curru , ne tigres illa timeret , desilit ; inposito cessit harena pede : implicitam -que sinu ( ne -que enim pugnare valebat ) abstulit ; in facili est omnia posse deo .",33,11.0,6.0,7,4
P_Ovidius_Naso_Ars_Amatoria_Book_I,228,"pars ' Hymenaee ' canunt , pars clamant ' euhion , euhoe ! '",26,6.0,3.0,2,1
P_Ovidius_Naso_Ars_Amatoria_Book_I,229,sic coeunt sacro nupta deus -que toro .,30,4.0,2.0,1,1
P_Ovidius_Naso_Ars_Amatoria_Book_I,23,"cogeris voti nescius esse tui : se -u te forte iuvat sera et sapientior aetas , hoc quoque , crede mihi , plenius agmen erit .",49,11.0,5.0,4,5
P_Ovidius_Naso_Ars_Amatoria_Book_I,230,"ergo ubi contigerint positi tibi munera Bacchi , atque erit in socii femina parte tori , Nyctelium -que patrem nocturna -que sacra precare , ne iubeant capiti vina nocere tuo .",53,11.0,5.0,4,6
P_Ovidius_Naso_Ars_Amatoria_Book_I,231,"hic tibi multa licet sermone latentia tecto dicere , quae dici sentiat illa sibi : blanditias -que leves tenui perscribere vino , ut dominam in mensa se legat illa tuam : atque oculos oculis spectare fatentibus ignem : saepe tacens vocem verba -que vultus habet . (esse)",49,12.0,6.0,4,3
P_Ovidius_Naso_Ars_Amatoria_Book_I,232,"fac primus rapias illius tacta labellis pocula , qua -que bibet parte puella , bibas : et quemcumque cibum digitis libaverit illa , tu pete , dum -que petis , sit tibi tacta manus .",42,12.0,5.0,8,6
P_Ovidius_Naso_Ars_Amatoria_Book_I,233,"sint etiam tua vota , viro placuisse puellae : utilior vobis factus amicus erit .",46,8.0,3.0,2,5
P_Ovidius_Naso_Ars_Amatoria_Book_I,234,"huic , si sorte bibes , sortem concede priorem : huic detur capiti missa corona tuo .",53,9.0,2.0,3,5
P_Ovidius_Naso_Ars_Amatoria_Book_I,235,"si -ve erit inferior , se -u par , prior omnia sumat : ne -c dubites illi verba secunda loqui . (erit)",36,10.0,3.0,3,5
P_Ovidius_Naso_Ars_Amatoria_Book_I,236,"tuta frequens -que via est , per amici fallere nomen : tuta frequens -que licet sit via , crimen habet .",51,10.0,4.0,4,3
P_Ovidius_Naso_Ars_Amatoria_Book_I,237,"inde procurator nimium quoque multa procurat , et sibi mandatis plura videnda putat .",47,6.0,2.0,2,1
P_Ovidius_Naso_Ars_Amatoria_Book_I,238,certa tibi a nobis dabitur mensura bibendi : officium praestent mens -que pedes -que suum .,44,6.0,4.0,2,5
P_Ovidius_Naso_Ars_Amatoria_Book_I,239,"iurgia praecipue vino stimulata caveto , et nimium faciles ad fera bella manus .",24,7.0,0.0,1,3
P_Ovidius_Naso_Ars_Amatoria_Book_I,24,"tu modo Pompeia lentus spatiare sub umbra , cum sol Herculei terga leonis adit : aut ubi muneribus nati sua munera mater addidit , externo marmore dives opus . (spatiare in loco) [ ]",46,13.0,1.0,3,5
P_Ovidius_Naso_Ars_Amatoria_Book_I,240,occidit Eurytion stulte data vina bibendo ; aptior est dulci mensa merum -que ioco .,29,8.0,3.0,2,1
P_Ovidius_Naso_Ars_Amatoria_Book_I,241,"si vox est , canta : si mollia brachia , salta : et quacumque potes dote placere , place . (sunt)",51,10.0,1.0,5,2
P_Ovidius_Naso_Ars_Amatoria_Book_I,242,"ebrietas ut vera nocet , sic ficta iuvabit : fac titubet blaeso subdola lingua sono , ut , quicquid facias dicas -ve protervius aequo , credatur nimium causa fuisse merum . (si)",51,14.0,5.0,7,5
P_Ovidius_Naso_Ars_Amatoria_Book_I,243,"et bene dic dominae , bene , cum quo dormiat illa ; sed , male sit , tacita mente precare , viro . (dic) (ei)",52,10.0,0.0,4,5
P_Ovidius_Naso_Ars_Amatoria_Book_I,244,"at cum discedet mensa conviva remota , ipsa tibi accessus turba locum -que dabit .",45,6.0,0.0,2,5
P_Ovidius_Naso_Ars_Amatoria_Book_I,245,"insere te turbae , leviter -que admotus eunti velle latus digitis , et pede tange pedem .",42,5.0,3.0,3,2
P_Ovidius_Naso_Ars_Amatoria_Book_I,246,conloquii iam tempus adest ; fuge rustice longe hinc pudor ; audentem Fors -que Venus -que iuvat .,43,7.0,5.0,3,2
P_Ovidius_Naso_Ars_Amatoria_Book_I,247,"non tua sub nostras veniat facundia leges : fac tantum cupias , sponte disertus eris .",35,7.0,4.0,4,5
P_Ovidius_Naso_Ars_Amatoria_Book_I,248,"est tibi agendus amans , imitanda -que vulnera verbis ; haec tibi quaeratur qualibet arte fides .",43,6.0,4.0,2,4
P_Ovidius_Naso_Ars_Amatoria_Book_I,249,"ne -c credi labor est : sibi quaeque videtur amanda ; pessima sit , nulli non sua forma placet .",17,6.0,0.0,4,3
P_Ovidius_Naso_Ars_Amatoria_Book_I,25,"ne -c tibi vitetur quae , priscis sparsa tabellis , porticus auctoris Livia nomen habet : qua -que parare necem miseris patruelibus ausae Belides et stricto stat ferus ense pater .",41,11.0,0.0,3,4
P_Ovidius_Naso_Ars_Amatoria_Book_I,250,"saepe tamen vere coepit simulator amare , saepe , quod incipiens finxerat esse , fuit .",17,7.0,4.0,3,4
P_Ovidius_Naso_Ars_Amatoria_Book_I,251,"quo magis , o , faciles imitantibus este , puellae : fiet amor verus , qui modo falsus erat .",24,8.0,5.0,3,5
P_Ovidius_Naso_Ars_Amatoria_Book_I,252,"blanditiis animum furtim deprendere nunc sit , ut pendens liquida ripa subestur aqua .",29,6.0,1.0,2,3
P_Ovidius_Naso_Ars_Amatoria_Book_I,253,"ne -c faciem , ne -c te pigeat laudare capillos et teretes digitos exiguum -que pedem : delectant etiam castas praeconia formae ; virginibus curae grata -que forma sua est . (te pigeat laudare)",36,10.0,0.0,3,3
P_Ovidius_Naso_Ars_Amatoria_Book_I,254,nam cur in Phrygiis Iunonem et Pallada silvis nunc quoque iudicium non tenuisse pudet ?,18,6.0,4.0,1,1
P_Ovidius_Naso_Ars_Amatoria_Book_I,255,"laudatas ostendit avis Iunonia pinnas : si tacitus spectes , illa recondit opes .",41,7.0,4.0,3,3
P_Ovidius_Naso_Ars_Amatoria_Book_I,256,quadrupedes inter rapidi certamina cursus depexae -que iubae plausa -que colla iuvant .,22,7.0,3.0,1,1
P_Ovidius_Naso_Ars_Amatoria_Book_I,257,ne -c timide promitte : trahunt promissa puellas ; pollicito testes quoslibet adde deos . [ ],53,7.0,0.0,3,2
P_Ovidius_Naso_Ars_Amatoria_Book_I,258,"Iuppiter ex alto periuria ridet amantum , et iubet Aeolios inrita ferre Notos .",20,6.0,3.0,2,1
P_Ovidius_Naso_Ars_Amatoria_Book_I,259,per Styga Iunoni falsum iurare solebat Iuppiter ; exemplo nunc favet ipse suo .,40,7.0,3.0,2,2
P_Ovidius_Naso_Ars_Amatoria_Book_I,26,"ne -c te praetereat Veneri ploratus Adonis , culta -que Iudaeo septima sacra Syro .",24,7.0,0.0,1,3
P_Ovidius_Naso_Ars_Amatoria_Book_I,260,"expedit esse deos , et , ut expedit , esse putemus ; dentur in antiquos tura merum -que focos ; ne -c secura quies illos similis -que sopori detinet ; innocue vivite : numen adest ; reddite depositum ; pietas sua foedera servet : fraus absit ; vacuas caedis habete manus .",50,12.0,7.0,11,4
P_Ovidius_Naso_Ars_Amatoria_Book_I,261,"ludite , si sapitis , solas impune puellas : hac minus est una fraude tuenda fides .",53,8.0,3.0,3,2
P_Ovidius_Naso_Ars_Amatoria_Book_I,262,"fallite fallentes : ex magna parte profanum sunt genus : in laqueos quos posuere , cadant .",26,9.0,7.0,4,3
P_Ovidius_Naso_Ars_Amatoria_Book_I,263,"dicitur Aegyptos caruisse iuvantibus arva imbribus , atque annos sicca fuisse novem , cum Thrasius Busirin adit , monstrat -que piari hospitis adfuso sanguine posse Iovem .",53,11.0,5.0,3,2
P_Ovidius_Naso_Ars_Amatoria_Book_I,264,"illi Busiris ' fies Iovis hostia primus , ' inquit ' et Aegypto tu dabis hospes aquam . ' [ ]",53,6.0,4.0,3,5
P_Ovidius_Naso_Ars_Amatoria_Book_I,265,et Phalaris tauro violenti membra Perilli torruit : infelix inbuit auctor opus .,12,6.0,0.0,2,3
P_Ovidius_Naso_Ars_Amatoria_Book_I,266,"iustus uterque fuit : ne -que enim lex aequior ulla est , quam necis artifices arte perire sua . (est aequum)",43,9.0,4.0,2,3
P_Ovidius_Naso_Ars_Amatoria_Book_I,267,"ergo ut periuras merito periuria fallant , exemplo doleat femina laesa suo .",51,7.0,3.0,2,3
P_Ovidius_Naso_Ars_Amatoria_Book_I,268,"et lacrimae prosunt : lacrimis adamanta movebis : fac madidas videat , si potes , illa genas .",18,8.0,0.0,5,5
P_Ovidius_Naso_Ars_Amatoria_Book_I,269,"si lacrimae ( ne -que enim veniunt in tempore semper ) deficient , uda lumina tange manu .",42,8.0,6.0,3,5
P_Ovidius_Naso_Ars_Amatoria_Book_I,27,"ne -c fuge linigerae Memphitica templa iuvencae : multas illa facit , quod fuit ipsa Iovi .",15,6.0,0.0,3,3
P_Ovidius_Naso_Ars_Amatoria_Book_I,270,quis sapiens blandis non misceat oscula verbis ?,40,4.0,2.0,1,3
P_Ovidius_Naso_Ars_Amatoria_Book_I,271,"illa licet non det , non data sume tamen .",49,5.0,2.0,3,3
P_Ovidius_Naso_Ars_Amatoria_Book_I,272,"pugnabit primo fortassis , et ' improbe ' dicet : pugnando vinci se tamen illa volet .",45,7.0,2.0,3,5
P_Ovidius_Naso_Ars_Amatoria_Book_I,273,"tantum ne noceant teneris male rapta labellis , ne -ve queri possit dura fuisse , cave .",39,8.0,3.0,3,3
P_Ovidius_Naso_Ars_Amatoria_Book_I,274,"oscula qui sumpsit , si non et cetera sumet , haec quoque , quae data sunt , perdere dignus erit .",25,8.0,1.0,4,5
P_Ovidius_Naso_Ars_Amatoria_Book_I,275,quantum defuerat pleno post oscula voto ?,46,4.0,2.0,1,4
P_Ovidius_Naso_Ars_Amatoria_Book_I,276,"ei mihi , rusticitas , non pudor ille fuit . (fuit)",43,4.0,2.0,1,3
P_Ovidius_Naso_Ars_Amatoria_Book_I,277,"vim licet appelles : grata est vis ista puellis : quod iuvat , invitae saepe dedisse volunt .",54,8.0,3.0,5,3
P_Ovidius_Naso_Ars_Amatoria_Book_I,278,"quaecumque est veneris subita violata rapina , gaudet , et inprobitas muneris instar habet .",46,7.0,3.0,3,1
P_Ovidius_Naso_Ars_Amatoria_Book_I,279,"at quae cum posset cogi , non tacta recessit , ut simulet vultu gaudia , tristis erit .",51,7.0,0.0,4,5
P_Ovidius_Naso_Ars_Amatoria_Book_I,28,"et fora conveniunt ( quis credere possit ? ) amori : flamma -que in arguto saepe reperta foro : subdita qua Veneris facto de marmore templo Appias expressis aëra pulsat aquis , illo saepe loco capitur consultus Amori , qui -que aliis cavit , non cavet ipse sibi : illo saepe loco desunt sua verba diserto , res -que novae veniunt , causa -que agenda sua est .",50,15.0,0.0,9,3
P_Ovidius_Naso_Ars_Amatoria_Book_I,280,vim passa est Phoebe : vis est allata sorori ; et gratus raptae raptor uterque fuit .,54,5.0,3.0,3,3
P_Ovidius_Naso_Ars_Amatoria_Book_I,281,"fabula nota quidem , sed non indigna referri , Scyrias Haemonio iuncta puella viro . (est) (est) [ ]",44,7.0,2.0,0,0
P_Ovidius_Naso_Ars_Amatoria_Book_I,282,"iam dea laudatae dederat mala praemia formae colle sub Idaeo vincere digna duas : iam nurus ad Priamum diverso venerat orbe , Graia -que in Iliacis moenibus uxor erat : iurabant omnes in laesi verba mariti : nam dolor unius publica causa fuit .",50,10.0,5.0,5,4
P_Ovidius_Naso_Ars_Amatoria_Book_I,283,"turpe , ni -si hoc matris precibus tribuisset , Achilles veste virum longa dissimulatus erat . (est) (esse)",40,8.0,2.0,2,6
P_Ovidius_Naso_Ars_Amatoria_Book_I,284,"quid facis , Aeacide ?",40,3.0,2.0,1,1
P_Ovidius_Naso_Ars_Amatoria_Book_I,285,non sunt tua munera lanae ; tu titulos alia Palladis arte petas .,46,6.0,3.0,2,3
P_Ovidius_Naso_Ars_Amatoria_Book_I,286,quid tibi cum calathis ? (est),40,3.0,2.0,0,0
P_Ovidius_Naso_Ars_Amatoria_Book_I,287,"clipeo manus apta ferendo est : pensa quid in dextra , qua cadet Hector , habes ?",40,9.0,5.0,3,5
P_Ovidius_Naso_Ars_Amatoria_Book_I,289,quassanda est ista Pelias hasta manu .,8,3.0,2.0,1,1
P_Ovidius_Naso_Ars_Amatoria_Book_I,29,"hunc Venus e templis , quae sunt confinia , ridet : qui modo patronus , nunc cupit esse cliens . (fuit)",24,7.0,4.0,3,1
P_Ovidius_Naso_Ars_Amatoria_Book_I,290,forte erat in thalamo virgo regalis eodem ; haec illum stupro comperit esse virum .,35,7.0,4.0,2,3
P_Ovidius_Naso_Ars_Amatoria_Book_I,291,"viribus illa quidem victa est , ita credere oportet : sed voluit vinci viribus illa tamen .",54,7.0,3.0,3,3
P_Ovidius_Naso_Ars_Amatoria_Book_I,292,"saepe ' mane ! ' dixit , cum iam properaret Achilles ; fortia nam posita sumpserat arma colo .",28,7.0,4.0,4,4
P_Ovidius_Naso_Ars_Amatoria_Book_I,293,vis ubi nunc illa est ?,54,3.0,2.0,1,1
P_Ovidius_Naso_Ars_Amatoria_Book_I,294,"quid blanda voce moraris auctorem stupri , Deïdamia , tui ?",40,5.0,3.0,1,2
P_Ovidius_Naso_Ars_Amatoria_Book_I,295,"scilicet ut pudor est quaedam coepisse priorem , sic alio gratum est incipiente pati .",43,7.0,5.0,2,1
P_Ovidius_Naso_Ars_Amatoria_Book_I,296,"A ! nimia est iuveni propriae fiducia formae , expectat si -quis , dum prior illa roget .",40,9.0,2.0,3,3
P_Ovidius_Naso_Ars_Amatoria_Book_I,297,"vir prior accedat , vir verba precantia dicat : excipiet blandas comiter illa preces .",10,7.0,4.0,3,5
P_Ovidius_Naso_Ars_Amatoria_Book_I,298,"ut potiare , roga : tantum cupit illa rogari ; da causam voti principium -que tui .",50,8.0,4.0,4,4
P_Ovidius_Naso_Ars_Amatoria_Book_I,299,Iuppiter ad veteres supplex heroïdas ibat : corrupit magnum nulla puella Iovem .,22,7.0,3.0,2,3
P_Ovidius_Naso_Ars_Amatoria_Book_I,3,"curribus Automedon lentis -que erat aptus habenis , Tiphys in Haemonia puppe magister erat : me Venus artificem tenero praefecit Amori ; Tiphys et Automedon dicar Amoris ego .",32,10.0,3.0,4,5
P_Ovidius_Naso_Ars_Amatoria_Book_I,30,sed tu praecipue curvis venare theatris : haec loca sunt voto fertiliora tuo .,46,7.0,0.0,2,5
P_Ovidius_Naso_Ars_Amatoria_Book_I,300,"si tamen a precibus tumidos accedere fastus senseris , incepto parce refer -que pedem .",42,7.0,5.0,3,6
P_Ovidius_Naso_Ars_Amatoria_Book_I,301,"quod refugit , multae cupiunt : odere quod instat ; lenius instando taedia tolle tui .",54,7.0,2.0,5,3
P_Ovidius_Naso_Ars_Amatoria_Book_I,302,ne -c semper veneris spes est profitenda roganti : intret amicitiae nomine tectus amor .,21,8.0,0.0,2,3
P_Ovidius_Naso_Ars_Amatoria_Book_I,303,"hoc aditu vidi tetricae data verba puellae : qui fuerat cultor , factus amator erat .",15,8.0,2.0,3,4
P_Ovidius_Naso_Ars_Amatoria_Book_I,304,"candidus in nauta turpis color , aequoris unda debet et a radiis sideris esse niger : turpis et agricolae , qui vomere semper adunco et gravibus rastris sub Iove versat humum . (est) (est)",40,15.0,7.0,2,1
P_Ovidius_Naso_Ars_Amatoria_Book_I,305,"et tibi , Palladiae petitur cui fama coronae , candida si fuerint corpora , turpis eris .",42,9.0,0.0,3,6
P_Ovidius_Naso_Ars_Amatoria_Book_I,306,"palleat omnis amans : hic est color aptus amanti ; hoc decet , hoc stulti non valuisse putant .",47,8.0,5.0,4,3
P_Ovidius_Naso_Ars_Amatoria_Book_I,307,"pallidus in Side silvis errabat Orion , pallidus in lenta naïde Daphnis erat .",18,9.0,5.0,2,2
P_Ovidius_Naso_Ars_Amatoria_Book_I,308,arguat et macies animum : ne -c turpe putaris palliolum nitidis inposuisse comis . (est),47,7.0,5.0,2,5
P_Ovidius_Naso_Ars_Amatoria_Book_I,309,attenuant iuvenum vigilatae corpora noctes cura -que et in magno qui fit amore dolor .,33,8.0,2.0,2,1
P_Ovidius_Naso_Ars_Amatoria_Book_I,31,"illic invenies quod ames , quod ludere possis , quod -que semel tangas , quod -que tenere velis .",51,7.0,3.0,5,5
P_Ovidius_Naso_Ars_Amatoria_Book_I,310,"ut voto potiare tuo , miserabilis esto , ut qui te videat , dicere possit ' amas . '",46,10.0,4.0,5,4
P_Ovidius_Naso_Ars_Amatoria_Book_I,311,"conquerar , an moneam mixtum fas omne nefas -que ?",49,4.0,3.0,2,4
P_Ovidius_Naso_Ars_Amatoria_Book_I,312,"nomen amicitia est , nomen inane fides . (est)",11,5.0,3.0,1,1
P_Ovidius_Naso_Ars_Amatoria_Book_I,313,"ei mihi , non tutum est , quod ames , laudare sodali ; cum tibi laudanti credidit , ipse subit .",51,9.0,6.0,4,3
P_Ovidius_Naso_Ars_Amatoria_Book_I,314,"at non Actorides lectum temeravit Achillis : quantum ad Pirithoum , Phaedra pudica fuit . (est)",45,8.0,0.0,2,3
P_Ovidius_Naso_Ars_Amatoria_Book_I,315,"Hermionam Pylades quo Pallada Phoebus , amabat , quod -que tibi geminus , Tyndari , Castor , erat . (amat) (est)",12,7.0,1.0,2,2
P_Ovidius_Naso_Ars_Amatoria_Book_I,316,"si -quis idem sperat , laturas poma myricas speret , et e medio flumine mella petat .",40,7.0,4.0,3,3
P_Ovidius_Naso_Ars_Amatoria_Book_I,317,nil ni -si turpe iuvat : curae sua cuique voluptas : haec quoque ab alterius grata dolore venit . (iuvat) (est),51,10.0,6.0,2,1
P_Ovidius_Naso_Ars_Amatoria_Book_I,318,"heu facinus ! non est hostis metuendus amanti ; quos credis fidos , effuge , tutus eris . (esse)",51,7.0,3.0,4,5
P_Ovidius_Naso_Ars_Amatoria_Book_I,319,cognatum fratrem -que cave carum -que sodalem : praebebit veros haec tibi turba metus .,24,7.0,4.0,2,5
P_Ovidius_Naso_Ars_Amatoria_Book_I,32,"ut redit it -que frequens longum formica per agmen , granifero solitum cum vehit ore cibum , aut ut apes saltus -que suos et olentia nactae pascua per flores et thyma summa volant , sic ruit ad celebres cultissima femina ludos : copia iudicium saepe morata meum est .",40,13.0,4.0,6,1
P_Ovidius_Naso_Ars_Amatoria_Book_I,320,"finiturus eram , sed sunt diversa puellis pectora : mille animos excipe mille modis .",52,7.0,5.0,3,2
P_Ovidius_Naso_Ars_Amatoria_Book_I,321,"ne -c tellus eadem parit omnia ; vitibus illa convenit , haec oleis ; hac bene farra virent . (convenit)",54,7.0,0.0,3,1
P_Ovidius_Naso_Ars_Amatoria_Book_I,322,"pectoribus mores tot sunt , quot in ore figurae ; qui sapit , innumeris moribus aptus erit , ut -que leves Proteus modo se tenuabit in undas , nunc leo , nunc arbor , nunc erit hirtus aper . (sunt) (erit) (erit)",43,14.0,6.0,5,5
P_Ovidius_Naso_Ars_Amatoria_Book_I,323,"hi iaculo pisces , illi capiuntur ab hamis : hos cava contento retia fune trahunt . (capiuntur)",15,7.0,4.0,2,2
P_Ovidius_Naso_Ars_Amatoria_Book_I,324,ne -c tibi conveniet cunctos modus unus ad annos : longius insidias cerva videbit anus . [ ],54,7.0,0.0,2,5
P_Ovidius_Naso_Ars_Amatoria_Book_I,325,"si doctus videare rudi , petulans -ve pudenti , diffidet miserae protinus illa sibi .",29,7.0,3.0,2,5
P_Ovidius_Naso_Ars_Amatoria_Book_I,326,"inde fit , ut quae se timuit committere honesto , vilis ad amplexus inferioris eat .",33,7.0,4.0,3,3
P_Ovidius_Naso_Ars_Amatoria_Book_I,327,"pars superat coepti , pars est exhausta laboris .",26,6.0,3.0,2,1
P_Ovidius_Naso_Ars_Amatoria_Book_I,328,hic teneat nostras ancora iacta rates .,15,4.0,2.0,1,3
P_Ovidius_Naso_Ars_Amatoria_Book_I,33,"spectatum veniunt , veniunt spectentur ut ipsae : ille locus casti damna pudoris habet .",43,9.0,2.0,4,4
P_Ovidius_Naso_Ars_Amatoria_Book_I,34,"primus sollicitos fecisti , Romule , ludos , cum iuvit viduos rapta Sabina viros .",33,6.0,2.0,2,3
P_Ovidius_Naso_Ars_Amatoria_Book_I,35,"tunc ne -que marmoreo pendebant vela theatro , ne -c fuerant liquido pulpita rubra croco ; illic quas tulerant nemorosa Palatia , frondes simpliciter positae , scena sine arte fuit ; in gradibus sedit populus de caespite factis , qualibet hirsutas fronde tegente comas .",43,12.0,7.0,5,4
P_Ovidius_Naso_Ars_Amatoria_Book_I,36,"respiciunt , oculis -que notant sibi quisque puellam quam velit , et tacito pectore multa movent .",43,7.0,4.0,4,3
P_Ovidius_Naso_Ars_Amatoria_Book_I,37,"dum -que , rudem praebente modum tibicine Tusco , ludius aequatam ter pede pulsat humum , in medio plausu ( plausus tunc arte carebant ) rex populo praedae signa petita dedit .",52,10.0,0.0,3,3
P_Ovidius_Naso_Ars_Amatoria_Book_I,38,"protinus exiliunt , animum clamore fatentes , virginibus cupidas iniciunt -que manus .",16,6.0,3.0,2,1
P_Ovidius_Naso_Ars_Amatoria_Book_I,39,"ut fugiunt aquilas , timidissima turba , columbae , ut fugit invisos agna novella lupos : sic illae timuere viros sine more ruentes ; constitit in nulla qui fuit ante color .",30,12.0,3.0,5,3
P_Ovidius_Naso_Ars_Amatoria_Book_I,4,"ille quidem ferus est et qui mihi saepe repugnet : sed puer est , aetas mollis et apta regi . (est) (est)",51,9.0,5.0,3,3
P_Ovidius_Naso_Ars_Amatoria_Book_I,40,"nam timor unus erat , facies non una timoris : pars laniat crines , pars sine mente sedet ; altera maesta silet , frustra vocat altera matrem : haec queritur , stupet haec ; haec manet , illa fugit ; ducuntur raptae , genialis praeda , puellae , et potuit multas ipse decere timor . (erat)",50,13.0,5.0,11,3
P_Ovidius_Naso_Ars_Amatoria_Book_I,41,"si -qua repugnarat nimium comitem -que negabat , sublatam cupido vir tulit ipse sinu , atque ita ' quid teneros lacrimis corrumpis ocellos ? quod matri pater est , hoc tibi ' dixit ' ero . ' [ ]",43,10.0,5.0,7,5
P_Ovidius_Naso_Ars_Amatoria_Book_I,42,"Romule , militibus scisti dare commoda solus : haec mihi si dederis commoda , miles ero .",34,8.0,2.0,3,6
P_Ovidius_Naso_Ars_Amatoria_Book_I,43,scilicet ex illo sollemnia more theatra nunc quoque formosis insidiosa manent .,30,5.0,3.0,1,1
P_Ovidius_Naso_Ars_Amatoria_Book_I,44,ne -c te nobilium fugiat certamen equorum ; multa capax populi commoda Circus habet .,22,8.0,0.0,2,3
P_Ovidius_Naso_Ars_Amatoria_Book_I,45,"nil opus est digitis , per quos arcana loquaris , ne -c tibi per nutus accipienda nota est : proximus a domina , nullo prohibente , sedeto , iunge tuum lateri qua potes usque latus ; et bene , quod cogit , si nolis , linea iungi , quod tibi tangenda est lege puella loci . (est)",44,14.0,8.0,9,4
P_Ovidius_Naso_Ars_Amatoria_Book_I,46,"hic tibi quaeratur socii sermonis origo , et moveant primos publica verba sonos .",15,7.0,3.0,2,4
P_Ovidius_Naso_Ars_Amatoria_Book_I,47,"cuius equi veniant , facito , studiose , requiras : ne -c mora , quisquis erit , cui favet illa , fave . (sit) (illo)",51,11.0,2.0,6,5
P_Ovidius_Naso_Ars_Amatoria_Book_I,48,"at cum pompa frequens caelestibus ibit eburnis , tu Veneri dominae plaude favente manu ; ut -que fit , in gremium pulvis si forte puellae deciderit , digitis excutiendus erit : et -si nullus erit pulvis , tamen excute nullum : quaelibet officio causa sit apta tuo . [ ]",54,14.0,0.0,8,6
P_Ovidius_Naso_Ars_Amatoria_Book_I,49,"pallia si terra nimium demissa iacebunt , collige , et inmunda sedulus effer humo ; protinus , officii pretium , patiente puella contingent oculis crura videnda tuis . (est)",48,11.0,4.0,4,5
P_Ovidius_Naso_Ars_Amatoria_Book_I,5,"Phillyrides puerum cithara perfecit Achillem , atque animos placida contudit arte feros . [ ]",43,6.0,3.0,2,3
P_Ovidius_Naso_Ars_Amatoria_Book_I,50,"respice praeterea , post vos quicumque sedebit , ne premat opposito mollia terga genu .",51,5.0,3.0,3,5
P_Ovidius_Naso_Ars_Amatoria_Book_I,51,parva leves capiunt animos : fuit utile multis pulvinum facili composuisse manu .,20,7.0,3.0,2,3
P_Ovidius_Naso_Ars_Amatoria_Book_I,52,"profuit et tenui ventos movisse tabella , et cava sub tenerum scamna dedisse pedem .",36,7.0,0.0,1,3
P_Ovidius_Naso_Ars_Amatoria_Book_I,53,"hos aditus Circus -que novo praebebit amori , sparsa -que sollicito tristis harena foro .",15,7.0,5.0,1,5
P_Ovidius_Naso_Ars_Amatoria_Book_I,54,"illa saepe puer Veneris pugnavit harena , et qui spectavit vulnera , vulnus habet .",17,6.0,2.0,3,3
P_Ovidius_Naso_Ars_Amatoria_Book_I,55,"dum loquitur tangit -que manum poscit -que libellum et quaerit posito pignore , vincat uter , saucius ingemuit telum -que volatile sensit , et pars spectati muneris ipse fuit .",46,10.0,4.0,8,3
P_Ovidius_Naso_Ars_Amatoria_Book_I,56,"quid , modo cum belli navalis imagine Caesar Persidas induxit Cecropias -que rates ? (est)",40,6.0,1.0,1,3
P_Ovidius_Naso_Ars_Amatoria_Book_I,57,"nempe ab utroque mari iuvenes , ab utroque puellae venere , atque ingens orbis in urbe fuit . (venere)",32,8.0,4.0,2,3
P_Ovidius_Naso_Ars_Amatoria_Book_I,58,"quis non invenit turba , quod amaret , in illa ?",40,5.0,3.0,2,4
P_Ovidius_Naso_Ars_Amatoria_Book_I,59,"eheu , quam multos advena torsit amor ! [ ]",25,4.0,2.0,1,3
P_Ovidius_Naso_Ars_Amatoria_Book_I,6,"qui totiens socios , totiens exterruit hostes , creditur annosum pertimuisse senem . (exterruit)",32,6.0,1.0,2,3
P_Ovidius_Naso_Ars_Amatoria_Book_I,60,"ecce , parat Caesar domito quod defuit orbi addere : nunc , oriens ultime , noster eris .",43,8.0,3.0,3,5
P_Ovidius_Naso_Ars_Amatoria_Book_I,61,"Parthe , dabis poenas : Crassi gaudete sepulti , signa -que barbaricas non bene passa manus .",36,9.0,1.0,2,5
P_Ovidius_Naso_Ars_Amatoria_Book_I,62,"Ultor adest , primis -que ducem profitetur in annis , bella -que non puero tractat agenda puer .",19,10.0,4.0,3,2
P_Ovidius_Naso_Ars_Amatoria_Book_I,63,parcite natales timidi numerare deorum : Caesaribus virtus contigit ante diem .,42,7.0,4.0,2,3
P_Ovidius_Naso_Ars_Amatoria_Book_I,64,"ingenium caeleste suis velocius annis surgit , et ignavae fert male damna morae .",23,8.0,2.0,2,1
P_Ovidius_Naso_Ars_Amatoria_Book_I,65,"parvus erat , manibus -que duos Tirynthius angues pressit , et in cunis iam Iove dignus erat .",16,7.0,3.0,3,3
P_Ovidius_Naso_Ars_Amatoria_Book_I,66,"nunc quoque qui puer es , quantus tum , Bacche , fuisti , cum timuit thyrsos India victa tuos ?",28,9.0,2.0,3,3
P_Ovidius_Naso_Ars_Amatoria_Book_I,67,"auspiciis annis -que patris , puer , arma movebis , et vinces annis auspiciis -que patris : tale rudimentum tanto sub nomine debes , nunc iuvenum princeps , deinde future senum ; cum tibi sint fratres , fratres ulciscere laesos : cum -que pater tibi sit , iura tuere patris . (princeps)",53,11.0,5.0,7,5
P_Ovidius_Naso_Ars_Amatoria_Book_I,68,"induit arma tibi genitor patriae -que tuus -que : hostis ab invito regna parente rapit ; tu pia tela feres , sceleratas ille sagittas : stabit pro signis ius -que pium -que tuis . (feret)",36,10.0,5.0,4,5
P_Ovidius_Naso_Ars_Amatoria_Book_I,69,vincuntur causa Parthi : vincantur et armis ; eoas Latio dux meus addat opes .,50,6.0,3.0,3,4
P_Ovidius_Naso_Ars_Amatoria_Book_I,7,"quas Hector sensurus erat , poscente magistro verberibus iussas praebuit ille manus .",30,5.0,2.0,2,3
P_Ovidius_Naso_Ars_Amatoria_Book_I,70,"Mars -que pater Caesar -que pater , date numen eunti : nam deus e vobis alter es , alter eris . [ ] [ ]",29,9.0,3.0,3,5
P_Ovidius_Naso_Ars_Amatoria_Book_I,71,"auguror , en , vinces ; votiva -que carmina reddam , et magno nobis ore sonandus eris .",8,8.0,3.0,4,5
P_Ovidius_Naso_Ars_Amatoria_Book_I,72,"consistes , aciem -que meis hortabere verbis ; O desint animis ne mea verba tuis !",54,6.0,5.0,3,5
P_Ovidius_Naso_Ars_Amatoria_Book_I,73,"terga -que Parthorum Romana -que pectora dicam , tela -que , ab averso quae iacit hostis equo .",44,7.0,0.0,2,5
P_Ovidius_Naso_Ars_Amatoria_Book_I,74,"qui fugis ut vincas , quid victo , Parthe , relinquis ?",40,5.0,1.0,3,3
P_Ovidius_Naso_Ars_Amatoria_Book_I,75,"Parthe , malum iam nunc Mars tuus omen habet .",12,4.0,2.0,1,1
P_Ovidius_Naso_Ars_Amatoria_Book_I,76,"ergo erit illa dies , qua tu , pulcherrime rerum , quattuor in niveis aureus ibis equis .",52,6.0,5.0,2,5
P_Ovidius_Naso_Ars_Amatoria_Book_I,77,"ibunt ante duces onerati colla catenis , ne possint tuti , qua prius , esse fuga . (poterant esse tuti)",53,9.0,3.0,2,5
P_Ovidius_Naso_Ars_Amatoria_Book_I,78,"spectabunt laeti iuvenes mixtae -que puellae , diffundet -que animos omnibus ista dies .",18,7.0,4.0,2,5
P_Ovidius_Naso_Ars_Amatoria_Book_I,79,"atque aliqua ex illis cum regum nomina quaeret , quae loca , qui montes , quae -ve ferantur aquae , omnia responde , ne -c tantum si -qua rogabit ; et quae nescieris , ut bene nota refer . (responde)",39,13.0,0.0,6,5
P_Ovidius_Naso_Ars_Amatoria_Book_I,8,"Aeacidae Chiron , ego sum praeceptor Amoris : saevus uterque puer , natus uterque dea . (erat praeceptor) (est)",43,8.0,4.0,1,1
P_Ovidius_Naso_Ars_Amatoria_Book_I,80,"hic est Euphrates , praecinctus harundine frontem : cui coma dependet caerula , Tigris erit .",15,8.0,2.0,3,5
P_Ovidius_Naso_Ars_Amatoria_Book_I,81,hos facito Armenios ; haec est Danaëia Persis : urbs in Achaemeniis vallibus ista fuit .,15,9.0,7.0,3,3
P_Ovidius_Naso_Ars_Amatoria_Book_I,82,"ille vel ille , duces ; et erunt quae nomina dicas , si poteris , vere , si minus , apta tamen . (sunt) (dicere) (poteris dicere vere)",17,9.0,6.0,3,5
P_Ovidius_Naso_Ars_Amatoria_Book_I,83,"dant etiam positis aditum convivia mensis : est aliquid praeter vina , quod inde petas .",42,7.0,5.0,3,3
P_Ovidius_Naso_Ars_Amatoria_Book_I,84,"saepe illic positi teneris adducta lacertis purpureus Bacchi cornua pressit Amor : vina -que cum bibulas sparsere Cupidinis alas , permanet et capto stat gravis ille loco .",37,10.0,3.0,4,3
P_Ovidius_Naso_Ars_Amatoria_Book_I,85,ille quidem pennas velociter excutit udas : sed tamen et spargi pectus amore nocet .,44,6.0,3.0,2,1
P_Ovidius_Naso_Ars_Amatoria_Book_I,86,vina parant animos faciunt -que caloribus aptos : cura fugit multo diluitur -que mero .,12,8.0,3.0,4,2
P_Ovidius_Naso_Ars_Amatoria_Book_I,87,"tunc veniunt risus , tum pauper cornua sumit , tum dolor et curae ruga -que frontis abit .",37,6.0,4.0,3,1
P_Ovidius_Naso_Ars_Amatoria_Book_I,88,"tunc aperit mentes aevo rarissima nostro simplicitas , artes excutiente deo .",44,6.0,2.0,1,1
P_Ovidius_Naso_Ars_Amatoria_Book_I,89,"illic saepe animos iuvenum rapuere puellae , et Venus in vinis ignis in igne fuit . [ ] (fuit)",22,7.0,3.0,2,3
P_Ovidius_Naso_Ars_Amatoria_Book_I,9,"sed tamen et tauri cervix oneratur aratro , frena -que magnanimi dente teruntur equi ; et mihi cedet Amor , quamvis mea vulneret arcu pectora , iactatas excutiat -que faces .",43,11.0,0.0,5,5
P_Ovidius_Naso_Ars_Amatoria_Book_I,90,hic tu fallaci nimium ne crede lucernae : iudicio formae nox -que merum -que nocent .,17,6.0,4.0,2,2
P_Ovidius_Naso_Ars_Amatoria_Book_I,91,"luce deas caelo -que Paris spectavit aperto , cum dixit Veneri ' vincis utramque , Venus . '",29,8.0,1.0,3,3
P_Ovidius_Naso_Ars_Amatoria_Book_I,92,"nocte latent mendae , vitio -que ignoscitur omni , hora -que formosam quamlibet illa facit .",48,7.0,3.0,3,2
P_Ovidius_Naso_Ars_Amatoria_Book_I,93,"consule de gemmis , de tincta murice lana , consule de facie corporibus -que diem .",18,10.0,6.0,2,2
P_Ovidius_Naso_Ars_Amatoria_Book_I,94,quid tibi femineos coetus venatibus aptos enumerem ?,40,4.0,3.0,1,3
P_Ovidius_Naso_Ars_Amatoria_Book_I,95,numero cedet harena meo .,17,3.0,2.0,1,5
P_Ovidius_Naso_Ars_Amatoria_Book_I,96,"quid referam Baias , praetexta -que litora velis , et quae de calido sulpure fumat aqua ?",40,7.0,6.0,2,3
P_Ovidius_Naso_Ars_Amatoria_Book_I,97,"hinc aliquis vulnus referens in pectore dixit ' non haec , ut fama est , unda salubris erat . '",43,9.0,5.0,3,3
P_Ovidius_Naso_Ars_Amatoria_Book_I,98,"ecce suburbanae templum nemorale Dianae parta -que per gladios regna nocente manu : illa , quod est virgo , quod tela Cupidinis odit , multa dedit populo vulnera , multa dabit . (sunt)",54,12.0,7.0,4,5
P_Ovidius_Naso_Ars_Amatoria_Book_I,99,"hac -tenus , unde legas quod ames , ubi retia ponas , praecipit imparibus vecta Thalea rotis .",24,8.0,3.0,4,3
P_Ovidius_Naso_Ars_Amatoria_Book_II,1,dicite ' io Paean ! ' et ' io ' bis dicite ' Paean ! ',51,6.0,3.0,2,2
P_Ovidius_Naso_Ars_Amatoria_Book_II,10,"et levis est , et habet geminas , quibus avolet , alas : difficile est illis inposuisse modum .",52,7.0,0.0,4,3
P_Ovidius_Naso_Ars_Amatoria_Book_II,100,"nocte domum repetens epulis perfuncta redibit : tum quoque pro servo , si vocat illa , veni .",16,8.0,3.0,3,5
P_Ovidius_Naso_Ars_Amatoria_Book_II,101,"rure erit , et dicet ' venias ' : amor odit inertes : si rota defuerit , tu pede carpe viam . (si) (veni)",54,10.0,0.0,6,6
P_Ovidius_Naso_Ars_Amatoria_Book_II,102,"ne -c grave te tempus sitiens -que Canicula tardet , ne -c via per iactas candida facta nives . (te tardet)",18,10.0,0.0,1,3
P_Ovidius_Naso_Ars_Amatoria_Book_II,103,"militiae species amor est ; discedite , segnes : non sunt haec timidis signa tuenda viris .",53,7.0,5.0,3,2
P_Ovidius_Naso_Ars_Amatoria_Book_II,104,nox et hiems longae -que viae saevi -que dolores mollibus his castris et labor omnis inest .,51,5.0,2.0,1,1
P_Ovidius_Naso_Ars_Amatoria_Book_II,105,"saepe feres imbrem caelesti nube solutum , frigidus et nuda saepe iacebis humo .",54,8.0,3.0,2,5
P_Ovidius_Naso_Ars_Amatoria_Book_II,106,"Cynthius Admeti vaccas pavisse Pheraei fertur , et in parva delituisse casa .",11,8.0,5.0,1,2
P_Ovidius_Naso_Ars_Amatoria_Book_II,107,"quod Phoebum decuit , quem non decet ?",1,3.0,1.0,2,3
P_Ovidius_Naso_Ars_Amatoria_Book_II,108,"exue fastus , curam mansuri quisquis amoris habes .",51,5.0,4.0,2,2
P_Ovidius_Naso_Ars_Amatoria_Book_II,109,"si tibi per tutum planum -que negabitur ire , atque erit opposita ianua fulta sera , at tu per praeceps tecto delabere aperto : det quoque furtivas alta fenestra vias .",51,11.0,5.0,4,5
P_Ovidius_Naso_Ars_Amatoria_Book_II,11,hospitis effugio praestruxerat omnia Minos : audacem pinnis repperit ille viam .,53,6.0,2.0,2,4
P_Ovidius_Naso_Ars_Amatoria_Book_II,110,"laeta erit , et causam tibi se sciet esse pericli ; hoc dominae certi pignus amoris erit .",50,10.0,2.0,3,5
P_Ovidius_Naso_Ars_Amatoria_Book_II,111,"saepe tua poteras , Leandre , carere puella : transnabas , animum nosset ut illa tuum .",29,9.0,2.0,3,6
P_Ovidius_Naso_Ars_Amatoria_Book_II,112,"ne -c pudor ancillas , ut quaeque erit ordine prima , ne -c tibi sit servos demeruisse pudor . (tibi sit demeruisse)",43,8.0,1.0,2,5
P_Ovidius_Naso_Ars_Amatoria_Book_II,113,"nomine quemque suo ( nulla est iactura ) saluta , iunge tuis humiles , ambitiose , manus .",14,8.0,3.0,3,2
P_Ovidius_Naso_Ars_Amatoria_Book_II,114,"sed tamen et servo ( levis est inpensa ) roganti porrige Fortunae munera parva die : porrige et ancillae , qua poenas luce pependit lusa maritali Gallica veste manus .",46,10.0,0.0,4,3
P_Ovidius_Naso_Ars_Amatoria_Book_II,115,"fac plebem , mihi crede , tuam ; sit semper in illa ianitor et thalami qui iacet ante fores .",17,10.0,5.0,4,3
P_Ovidius_Naso_Ars_Amatoria_Book_II,116,"ne -c dominam iubeo pretioso munere dones : parva , sed e parvis callidus apta dato .",46,9.0,0.0,3,3
P_Ovidius_Naso_Ars_Amatoria_Book_II,117,"dum bene dives ager , cum rami pondere nutant , adferat in calatho rustica dona puer . (est)",30,7.0,2.0,2,3
P_Ovidius_Naso_Ars_Amatoria_Book_II,118,"rure suburbano poteris tibi dicere missa , illa vel in Sacra sint licet empta via .",49,9.0,5.0,3,5
P_Ovidius_Naso_Ars_Amatoria_Book_II,119,"adferat aut uvas , aut quas Amaryllis amabat – at nunc castaneas non amat illa nuces . [ ]",45,7.0,0.0,3,3
P_Ovidius_Naso_Ars_Amatoria_Book_II,12,"Daedalus ut clausit conceptum crimine matris semibovem -que virum semivirum -que bovem , ' sit modus exilio , ' dixit ' iustissime Minos : accipiat cineres terra paterna meos . [ ] [ ]",52,10.0,6.0,4,3
P_Ovidius_Naso_Ars_Amatoria_Book_II,120,quin etiam turdo -que licet missa -que columba te memorem dominae testificere tuae . (esse),49,7.0,5.0,2,4
P_Ovidius_Naso_Ars_Amatoria_Book_II,121,turpiter his emitur spes mortis et orba senectus .,21,4.0,3.0,1,2
P_Ovidius_Naso_Ars_Amatoria_Book_II,122,"A , pereant , per quos munera crimen habent !",46,5.0,3.0,2,3
P_Ovidius_Naso_Ars_Amatoria_Book_II,123,quid tibi praecipiam teneros quoque mittere versus ?,40,4.0,2.0,1,3
P_Ovidius_Naso_Ars_Amatoria_Book_II,124,"ei mihi , non multum carmen honoris habet .",43,4.0,2.0,1,1
P_Ovidius_Naso_Ars_Amatoria_Book_II,125,"carmina laudantur , sed munera magna petuntur : dummodo sit dives , barbarus ipse placet .",46,8.0,5.0,4,3
P_Ovidius_Naso_Ars_Amatoria_Book_II,126,aurea sunt vere nunc saecula : plurimus auro venit honos : auro conciliatur amor .,52,6.0,3.0,3,2
P_Ovidius_Naso_Ars_Amatoria_Book_II,127,"ipse licet venias Musis comitatus , Homere , si nihil attuleris , ibis , Homere , foras .",49,8.0,2.0,4,6
P_Ovidius_Naso_Ars_Amatoria_Book_II,128,"sunt tamen et doctae , rarissima turba , puellae ; altera non doctae turba , sed esse volunt .",29,7.0,4.0,2,1
P_Ovidius_Naso_Ars_Amatoria_Book_II,129,utraque laudetur per carmina : carmina lector commendet dulci qualiacumque sono ; his ergo aut illis vigilatum carmen in ipsas forsitan exigui muneris instar erit . (sunt),46,9.0,4.0,3,5
P_Ovidius_Naso_Ars_Amatoria_Book_II,13,"et quoniam in patria , fatis agitatus iniquis , vivere non potui , da mihi posse mori .",40,7.0,0.0,2,3
P_Ovidius_Naso_Ars_Amatoria_Book_II,130,"at quod eris per te facturus , et utile credis , id tua te facito semper amica roget . (esse)",45,7.0,1.0,4,5
P_Ovidius_Naso_Ars_Amatoria_Book_II,131,"libertas alicui fuerit promissa tuorum : hanc tamen a domina fac petat ille tua : si poenam servo , si vincula saeva remittis , quod facturus eras , debeat illa tibi : utilitas tua sit , titulus donetur amicae : perde nihil , partes illa potentis agat . (remittis)",44,12.0,6.0,10,5
P_Ovidius_Naso_Ars_Amatoria_Book_II,132,"sed te , cuicumque est retinendae cura puellae , attonitum forma fac putet esse sua . (tu)",47,9.0,1.0,3,3
P_Ovidius_Naso_Ars_Amatoria_Book_II,133,"si -ve erit in Tyriis , Tyrios laudabis amictus : si -ve erit in Cois , Coa decere puta .",47,10.0,5.0,4,5
P_Ovidius_Naso_Ars_Amatoria_Book_II,135,"ipso tibi sit pretiosior auro ; gausapa si sumpsit , gausapa sumpta proba .",41,8.0,3.0,3,3
P_Ovidius_Naso_Ars_Amatoria_Book_II,136,"astiterit tunicata , ' moves incendia ' clama , sed timida , caveat frigora , voce roga . (si)",46,7.0,1.0,5,6
P_Ovidius_Naso_Ars_Amatoria_Book_II,137,"conpositum discrimen erit , discrimina lauda : torserit igne comam , torte capille , place . (si) (si)",18,8.0,1.0,4,6
P_Ovidius_Naso_Ars_Amatoria_Book_II,138,"brachia saltantis , vocem mirare canentis , et , quod desierit , verba querentis habe .",39,8.0,3.0,3,5
P_Ovidius_Naso_Ars_Amatoria_Book_II,139,"ipsos concubitus , ipsum venerere licebit quod iuvat , et quae dat gaudia voce notes .",49,10.0,2.0,5,5
P_Ovidius_Naso_Ars_Amatoria_Book_II,14,"da reditum puero , senis est si gratia vilis : si non vis puero parcere , parce seni . '",42,11.0,5.0,4,2
P_Ovidius_Naso_Ars_Amatoria_Book_II,140,"ut fuerit torva violentior illa Medusa , fiet amatori lenis et aequa suo .",30,8.0,3.0,2,5
P_Ovidius_Naso_Ars_Amatoria_Book_II,141,"tantum , ne pateas verbis simulator in illis , effice , ne -c vultu destrue dicta tuo .",20,10.0,3.0,3,3
P_Ovidius_Naso_Ars_Amatoria_Book_II,142,"si latet , ars prodest : adfert deprensa pudorem , atque adimit merito tempus in omne fidem .",48,9.0,5.0,4,1
P_Ovidius_Naso_Ars_Amatoria_Book_II,143,"saepe sub autumnum , cum formosissimus annus , plena -que purpureo subrubet uva mero , cum modo frigoribus premimur , modo solvimur aestu , aëre non certo , corpora languor habet . (est)",46,11.0,5.0,4,2
P_Ovidius_Naso_Ars_Amatoria_Book_II,144,"illa quidem valeat ; sed si male firma cubarit , et vitium caeli senserit aegra sui , tunc amor et pietas tua sit manifesta puellae , tum sere , quod plena postmodo falce metas .",44,10.0,7.0,6,5
P_Ovidius_Naso_Ars_Amatoria_Book_II,145,"ne -c tibi morosi veniant fastidia morbi , per -que tuas fiant , quae sinet ipsa , manus .",47,8.0,0.0,3,5
P_Ovidius_Naso_Ars_Amatoria_Book_II,146,"et videat flentem , ne -c taedeat oscula ferre , et sicco lacrimas conbibat ore tuas .",49,7.0,0.0,3,3
P_Ovidius_Naso_Ars_Amatoria_Book_II,147,"multa vove , sed cuncta palam ; quoties -que libebit , quae referas illi , somnia laeta vide . (vove)",54,7.0,4.0,4,5
P_Ovidius_Naso_Ars_Amatoria_Book_II,148,"et veniat , quae lustret anus lectum -que locum -que , praeferat et tremula sulpur et ova manu .",8,7.0,0.0,3,3
P_Ovidius_Naso_Ars_Amatoria_Book_II,149,omnibus his inerunt gratae vestigia curae : in tabulas multis haec via fecit iter .,29,7.0,3.0,2,5
P_Ovidius_Naso_Ars_Amatoria_Book_II,15,dixerat haec ; sed et haec et multo plura licebat dicere : regressus non dabat ille viro .,49,8.0,3.0,3,4
P_Ovidius_Naso_Ars_Amatoria_Book_II,150,"ne -c tamen officiis odium quaeratur ab aegra : sit suus in blanda sedulitate modus : ne -ve cibo prohibe , ne -c amari pocula suci porrige : rivalis misceat illa tuus .",52,10.0,0.0,5,4
P_Ovidius_Naso_Ars_Amatoria_Book_II,151,"sed non cui dederas a litore carbasa vento , utendum , medio cum potiere freto .",28,7.0,0.0,2,5
P_Ovidius_Naso_Ars_Amatoria_Book_II,152,"dum novus errat amor , vires sibi colligat usu : si bene nutrieris , tempore firmus erit .",54,9.0,4.0,4,6
P_Ovidius_Naso_Ars_Amatoria_Book_II,153,"quem taurum metuis , vitulum mulcere solebas : sub qua nunc recubas arbore , virga fuit : nascitur exiguus , sed opes adquirit eundo , qua -que venit , multas accipit amnis aquas .",43,10.0,4.0,8,3
P_Ovidius_Naso_Ars_Amatoria_Book_II,154,"fac tibi consuescat : nil adsuetudine maius : quam tu dum capias , taedia nulla fuge . (est)",44,9.0,5.0,4,3
P_Ovidius_Naso_Ars_Amatoria_Book_II,155,"te semper videat , tibi semper praebeat aures ; exhibeat vultus nox -que dies -que tuos .",45,6.0,3.0,3,3
P_Ovidius_Naso_Ars_Amatoria_Book_II,156,"cum tibi maior erit fiducia , posse requiri , cum procul absenti cura futurus eris , da requiem : requietus ager bene credita reddit , terra -que caelestes arida sorbet aquas .",28,11.0,5.0,5,5
P_Ovidius_Naso_Ars_Amatoria_Book_II,157,Phyllida Demophoon praesens moderatius ussit : exarsit velis acrius illa datis .,50,6.0,3.0,2,3
P_Ovidius_Naso_Ars_Amatoria_Book_II,158,"Penelopen absens sollers torquebat Ulixes ; Phylacides aberat , Laodamia , tuus .",18,6.0,3.0,2,2
P_Ovidius_Naso_Ars_Amatoria_Book_II,159,"sed mora tuta brevis : lentescunt tempore curae , vanescit -que absens et novus intrat amor . (est)",53,8.0,5.0,3,1
P_Ovidius_Naso_Ars_Amatoria_Book_II,16,"quod simul ut sensit , ' nunc , nunc , o Daedale , ' dixit : ' materiam , qua sis ingeniosus , habes .",46,8.0,4.0,4,3
P_Ovidius_Naso_Ars_Amatoria_Book_II,160,"dum Menelaus abest , Helene , ne sola iaceret , hospitis est tepido nocte recepta sinu .",53,6.0,3.0,3,4
P_Ovidius_Naso_Ars_Amatoria_Book_II,161,"quis stupor hic , Menelaë , fuit ?",40,4.0,2.0,1,3
P_Ovidius_Naso_Ars_Amatoria_Book_II,162,"tu solus abibas , isdem sub tectis hospes et uxor erant .",53,7.0,3.0,2,2
P_Ovidius_Naso_Ars_Amatoria_Book_II,163,"accipitri timidas credis , furiose , columbas ?",17,4.0,2.0,1,1
P_Ovidius_Naso_Ars_Amatoria_Book_II,164,plenum montano credis ovile lupo ?,27,4.0,0.0,1,1
P_Ovidius_Naso_Ars_Amatoria_Book_II,165,"nil Helene peccat , nihil hic committit adulter quod tu , quod faceret quilibet , ille facit . (faceres) [ ]",44,8.0,3.0,4,4
P_Ovidius_Naso_Ars_Amatoria_Book_II,166,cogis adulterium dando tempus -que locum -que ; quid ni -si consilio est usa puella tuo ? (fecit),40,9.0,3.0,2,1
P_Ovidius_Naso_Ars_Amatoria_Book_II,167,quid faciat ?,40,1.0,1.0,1,3
P_Ovidius_Naso_Ars_Amatoria_Book_II,168,"vir abest , et adest non rusticus hospes , et timet in vacuo sola cubare toro .",53,9.0,5.0,3,1
P_Ovidius_Naso_Ars_Amatoria_Book_II,169,viderit Atrides : Helenen ego crimine solvo : usa est humani commoditate viri .,40,7.0,3.0,3,5
P_Ovidius_Naso_Ars_Amatoria_Book_II,17,possidet et terras et possidet aequora Minos : ne -c tellus nostrae ne -c patet unda fugae . (patet),54,6.0,1.0,3,1
P_Ovidius_Naso_Ars_Amatoria_Book_II,170,"sed ne -que fulvus aper media tam saevus in ira est , fulmineo rabidos cum rotat ore canes , ne -c lea , cum catulis lactentibus ubera praebet , ne -c brevis ignaro vipera laesa pede , femina quam socii deprensa paelice lecti : ardet et in vultu pignora mentis habet . (est si tam saeva in media ira) (est si tam saeva in media ira) (est saeva in media ira)",44,12.0,0.0,5,1
P_Ovidius_Naso_Ars_Amatoria_Book_II,171,"in ferrum flammas -que ruit , posito -que decore fertur , ut Aonii cornibus icta dei .",37,10.0,3.0,2,2
P_Ovidius_Naso_Ars_Amatoria_Book_II,172,coniugis admissum violata -que iura marita est barbara per natos Phasias ulta suos .,43,6.0,3.0,1,1
P_Ovidius_Naso_Ars_Amatoria_Book_II,173,"altera dira parens haec est , quam cernis , hirundo : aspice , signatum sanguine pectus habet .",43,9.0,4.0,4,2
P_Ovidius_Naso_Ars_Amatoria_Book_II,174,"hoc bene compositos , hoc firmos solvit amores ; crimina sunt cautis ista timenda viris . (solvit)",33,7.0,4.0,2,1
P_Ovidius_Naso_Ars_Amatoria_Book_II,175,ne -c mea vos uni damnat censura puellae : Di melius !,12,5.0,0.0,1,1
P_Ovidius_Naso_Ars_Amatoria_Book_II,176,vix hoc nupta tenere potest .,30,3.0,2.0,1,1
P_Ovidius_Naso_Ars_Amatoria_Book_II,177,"ludite , sed furto celetur culpa modesto : gloria peccati nulla petenda sui est .",50,8.0,4.0,3,4
P_Ovidius_Naso_Ars_Amatoria_Book_II,178,"ne -c dederis munus , cognosse quod altera possit , ne -c sint nequitiae tempora certa tuae .",46,8.0,0.0,3,5
P_Ovidius_Naso_Ars_Amatoria_Book_II,179,"et , ne te capiat latebris sibi femina notis , non uno est omnis convenienda loco ; et quotiens scribes , totas prius ipse tabellas inspice : plus multae , quam sibi missa , legunt . (legunt)",25,13.0,0.0,5,5
P_Ovidius_Naso_Ars_Amatoria_Book_II,18,restat iter caeli : caelo temptabimus ire .,18,6.0,3.0,2,5
P_Ovidius_Naso_Ars_Amatoria_Book_II,180,"laesa Venus iusta arma movet , telum -que remittit , et , modo quod questa est , ipse querare , facit .",39,8.0,1.0,5,4
P_Ovidius_Naso_Ars_Amatoria_Book_II,181,"dum fuit Atrides una contentus , et illa casta fuit : vitio est improba facta viri .",45,7.0,3.0,3,3
P_Ovidius_Naso_Ars_Amatoria_Book_II,182,"audierat laurum -que manu vittas -que ferentem pro nata Chrysen non valuisse sua : audierat , Lyrnesi , tuos , abducta , dolores , bella -que per turpis longius isse moras .",43,13.0,6.0,2,4
P_Ovidius_Naso_Ars_Amatoria_Book_II,183,haec tamen audierat : Priameïda viderat ipsa : victor erat praedae praeda pudenda suae .,17,7.0,5.0,3,4
P_Ovidius_Naso_Ars_Amatoria_Book_II,184,"inde Thyestiaden animo thalamo -que recepit , et male peccantem Tyndaris ulta virum .",32,7.0,3.0,1,3
P_Ovidius_Naso_Ars_Amatoria_Book_II,185,"quae bene celaris , si -qua tamen acta patebunt , illa , licet pateant , tu tamen usque nega .",49,7.0,2.0,5,5
P_Ovidius_Naso_Ars_Amatoria_Book_II,186,"tum ne -que subiectus , solito ne -c blandior esto : haec animi multum signa nocentis habent : sed lateri ne parce tuo : pax omnis in uno est ; concubitu prior est infitianda venus .",42,13.0,5.0,5,3
P_Ovidius_Naso_Ars_Amatoria_Book_II,187,"sunt , qui praecipiant herbas , satureia , nocentes sumere ; iudiciis ista venena meis ; aut piper urticae mordacis semine miscent , trita -que in annoso flava pyrethra mero ; sed dea non patitur sic ad sua gaudia cogi , colle sub umbroso quam tenet altus Eryx . (sunt)",48,13.0,6.0,5,3
P_Ovidius_Naso_Ars_Amatoria_Book_II,188,"candidus , Alcathoi qui mittitur urbe Pelasga , bulbus et , ex horto quae venit , herba salax ova -que sumantur , sumantur Hymettia mella , quas -que tulit folio pinus acuta nuces .",25,12.0,5.0,5,4
P_Ovidius_Naso_Ars_Amatoria_Book_II,189,"docta , quid ad magicas , Erato , deverteris artes ?",43,5.0,3.0,1,2
P_Ovidius_Naso_Ars_Amatoria_Book_II,19,"da veniam coepto , Iupiter alte , meo : non ego sidereas adfecto tangere sedes : qua fugiam dominum , nulla , ni -si ista , via est . (est)",42,8.0,3.0,4,3
P_Ovidius_Naso_Ars_Amatoria_Book_II,190,interior curru meta terenda meo est .,22,4.0,2.0,1,1
P_Ovidius_Naso_Ars_Amatoria_Book_II,191,"qui modo celabas monitu tua crimina nostro , flecte iter , et monitu detege furta meo .",36,6.0,3.0,3,2
P_Ovidius_Naso_Ars_Amatoria_Book_II,192,ne -c levitas culpanda mea est : non semper eodem impositos vento panda carina vehit .,31,6.0,0.0,2,1
P_Ovidius_Naso_Ars_Amatoria_Book_II,193,"nam modo Threïcio Borea , modo currimus Euro , saepe tument Zephyro lintea , saepe Noto . (currimus) (tument)",4,7.0,3.0,2,1
P_Ovidius_Naso_Ars_Amatoria_Book_II,194,"aspice , ut in curru modo det fluitantia rector lora , modo admissos arte retentet equos .",43,7.0,1.0,3,3
P_Ovidius_Naso_Ars_Amatoria_Book_II,195,"sunt quibus ingrate timida indulgentia servit , et , si nulla subest aemula , languet amor .",40,8.0,0.0,4,1
P_Ovidius_Naso_Ars_Amatoria_Book_II,196,"luxuriant animi rebus plerumque secundis , ne -c facile est aequa commoda mente pati .",44,7.0,3.0,2,1
P_Ovidius_Naso_Ars_Amatoria_Book_II,197,"ut levis absumptis paulatim viribus ignis ipse latet , summo canet in igne cinis , sed tamen extinctas admoto sulpure flammas invenit , et lumen , quod fuit ante , redit : sic , ubi pigra situ secura -que pectora torpent , acribus est stimulis eliciendus amor .",54,13.0,2.0,7,3
P_Ovidius_Naso_Ars_Amatoria_Book_II,198,"fac timeat de te , tepidam -que recalface mentem : palleat indicio criminis illa tui ; O quater et quotiens numero conprendere non est felicem , de quo laesa puella dolet : quae , simul invitas crimen pervenit ad aures , excidit , et miserae vox -que color -que fugit . [ ]",51,13.0,5.0,9,3
P_Ovidius_Naso_Ars_Amatoria_Book_II,199,"ille ego sim , cuius laniet furiosa capillos : ille ego sim , teneras cui petat ungue genas , quem videat lacrimans , quem torvis spectet ocellis , quo sine non possit vivere , posse velit .",18,10.0,6.0,8,3
P_Ovidius_Naso_Ars_Amatoria_Book_II,2,"decidit in casses praeda petita meos ; laetus amans donat viridi mea carmina palma , praelata Ascraeo Maeonio -que seni .",42,10.0,4.0,2,3
P_Ovidius_Naso_Ars_Amatoria_Book_II,20,"per Styga detur iter , Stygias transnabimus undas ; sunt mihi naturae iura novanda meae . '",18,8.0,4.0,3,5
P_Ovidius_Naso_Ars_Amatoria_Book_II,200,"si spatium quaeras , breve sit , quo laesa queratur , ne lenta vires colligat ira mora ; candida iamdudum cingantur colla lacertis , in -que tuos flens est accipienda sinus .",54,11.0,5.0,6,4
P_Ovidius_Naso_Ars_Amatoria_Book_II,201,"oscula da flenti , veneris da gaudia flenti , pax erit : hoc uno solvitur ira modo .",52,8.0,3.0,4,5
P_Ovidius_Naso_Ars_Amatoria_Book_II,202,"cum bene saevierit , cum certa videbitur hostis , tum pete concubitus foedera , mitis erit .",33,9.0,2.0,4,6
P_Ovidius_Naso_Ars_Amatoria_Book_II,203,"illic depositis habitat Concordia telis : illo , crede mihi , Gratia nata loco est .",43,7.0,5.0,3,2
P_Ovidius_Naso_Ars_Amatoria_Book_II,204,"quae modo pugnarunt , iungunt sua rostra columbae , quarum blanditias verba -que murmur habet .",14,7.0,1.0,3,3
P_Ovidius_Naso_Ars_Amatoria_Book_II,205,"prima fuit rerum confusa sine ordine moles , una -que erat facies sidera , terra , fretum ; mox caelum impositum terris , humus aequore cincta est in -que suas partes cessit inane chaos ; silva feras , volucres aer accepit habendas , in liquida , pisces , delituistis aqua . (accepit)",26,10.0,5.0,6,3
P_Ovidius_Naso_Ars_Amatoria_Book_II,206,"tum genus humanum solis errabat in agris , id -que merae vires et rude corpus erat ; silva domus fuerat , cibus herba , cubilia frondes : iam -que diu nulli cognitus alter erat . (fuerat) (fuerant)",54,8.0,3.0,4,4
P_Ovidius_Naso_Ars_Amatoria_Book_II,207,"blanda truces animos fertur mollisse voluptas : constiterant uno femina vir -que loco ; quid facerent , ipsi nullo didicere magistro : arte Venus nulla dulce peregit opus .",53,9.0,6.0,5,4
P_Ovidius_Naso_Ars_Amatoria_Book_II,208,"ales habet , quod amet ; cum quo sua gaudia iungat , invenit in media femina piscis aqua ; cerva parem sequitur , serpens serpente tenetur , haeret adulterio cum cane nexa canis ; laeta salitur ovis : tauro quoque laeta iuvenca est : sustinet inmundum sima capella marem ; in furias agitantur equae , spatio -que remota per loca dividuos amne sequuntur equos . [ ]",48,11.0,5.0,12,3
P_Ovidius_Naso_Ars_Amatoria_Book_II,209,"ergo age et iratae medicamina fortia praebe : illa feri requiem sola doloris habent : illa Machaonios superant medicamina sucos : his , ubi peccaris , restituendus eris .",49,8.0,5.0,6,5
P_Ovidius_Naso_Ars_Amatoria_Book_II,21,ingenium mala saepe movent : quis crederet umquam aërias hominem carpere posse vias ?,42,7.0,4.0,2,4
P_Ovidius_Naso_Ars_Amatoria_Book_II,210,"haec ego cum canerem , subito manifestus Apollo movit inauratae pollice fila lyrae .",40,6.0,2.0,2,4
P_Ovidius_Naso_Ars_Amatoria_Book_II,211,"in manibus laurus , sacris inducta capillis laurus erat ; vates ille videndus adit .",19,8.0,3.0,2,3
P_Ovidius_Naso_Ars_Amatoria_Book_II,212,"is mihi ' Lascivi ' dixit ' praeceptor Amoris , duc , age , discipulos ad mea templa tuos , est ubi diversum fama celebrata per orbem littera , cognosci quae sibi quemque iubet .",52,10.0,8.0,5,3
P_Ovidius_Naso_Ars_Amatoria_Book_II,213,"qui sibi notus erit , solus sapienter amabit , atque opus ad vires exiget omne suas .",54,7.0,4.0,3,5
P_Ovidius_Naso_Ars_Amatoria_Book_II,214,"cui faciem natura dedit , spectetur ab illa : cui color est , umero saepe patente cubet : qui sermone placet , taciturna silentia vitet : qui canit arte , canat ; qui bibit arte , bibat .",43,7.0,3.0,10,4
P_Ovidius_Naso_Ars_Amatoria_Book_II,215,"sed ne -que declament medio sermone diserti , ne -c sua non sanus scripta poeta legat ! '",20,7.0,0.0,2,3
P_Ovidius_Naso_Ars_Amatoria_Book_II,216,sic monuit Phoebus : Phoebo parete monenti ; certa dei sacro est huius in ore fides .,33,10.0,5.0,3,3
P_Ovidius_Naso_Ars_Amatoria_Book_II,217,ad propiora vocor .,3,2.0,2.0,1,2
P_Ovidius_Naso_Ars_Amatoria_Book_II,218,"quisquis sapienter amabit vincet , et e nostra , quod petet , arte feret .",51,7.0,4.0,4,5
P_Ovidius_Naso_Ars_Amatoria_Book_II,219,"credita non semper sulci cum faenore reddunt , ne -c semper dubias adiuvat aura rates ; quod iuvat , exiguum , plus est , quod laedat amantes ; proponant animo multa ferenda suo . (est)",53,10.0,4.0,6,3
P_Ovidius_Naso_Ars_Amatoria_Book_II,22,"remigium volucrum disponit in ordine pinnas , et leve per lini vincula nectit opus , ima -que pars ceris adstringitur igne solutis , finitus -que novae iam labor artis erat . [ ]",43,10.0,3.0,4,2
P_Ovidius_Naso_Ars_Amatoria_Book_II,220,"quot lepores in Atho , quot apes pascuntur in Hybla , caerula quot bacas Palladis arbor habet , litore quot conchae , tot sunt in amore dolores ; quae patimur , multo spicula felle madent . (pascuntur) (sunt)",36,12.0,2.0,5,2
P_Ovidius_Naso_Ars_Amatoria_Book_II,221,"dicta erit isse foras : intus fortasse videre est : isse foras , et te falsa videre puta .",47,8.0,1.0,3,5
P_Ovidius_Naso_Ars_Amatoria_Book_II,222,clausa tibi fuerit promissa ianua nocte : perfer et inmunda ponere corpus humo .,19,7.0,3.0,2,5
P_Ovidius_Naso_Ars_Amatoria_Book_II,223,forsitan et vultu mendax ancilla superbo dicet ' quid nostras obsidet iste fores ? ',47,5.0,3.0,2,5
P_Ovidius_Naso_Ars_Amatoria_Book_II,224,"postibus et durae supplex blandire puellae , et capiti demptas in fore pone rosas .",26,8.0,3.0,1,2
P_Ovidius_Naso_Ars_Amatoria_Book_II,225,"cum volet , accedes : cum te vitabit , abibis ; dedecet ingenuos taedia ferre sui .",41,10.0,6.0,5,5
P_Ovidius_Naso_Ars_Amatoria_Book_II,226,' effugere hunc non est ' quare tibi possit amica dicere ?,15,5.0,1.0,2,3
P_Ovidius_Naso_Ars_Amatoria_Book_II,227,non omni tempore sensus obest .,18,3.0,2.0,1,1
P_Ovidius_Naso_Ars_Amatoria_Book_II,228,"ne -c maledicta puta , ne -c verbera ferre puellae turpe , ne -c ad teneros oscula ferre pedes . (ferre) (turpe esse) (puta) (esse) (puta) (turpe esse)",47,11.0,0.0,1,2
P_Ovidius_Naso_Ars_Amatoria_Book_II,229,quid moror in parvis ?,40,3.0,2.0,1,2
P_Ovidius_Naso_Ars_Amatoria_Book_II,23,"tractabat ceram -que puer pinnas -que renidens , nescius haec umeris arma parata suis .",15,7.0,5.0,1,2
P_Ovidius_Naso_Ars_Amatoria_Book_II,230,"animus maioribus instat ; magna canam : toto pectore , vulgus , ades .",43,6.0,4.0,3,5
P_Ovidius_Naso_Ars_Amatoria_Book_II,231,"ardua molimur , sed nulla , ni -si ardua , virtus : difficilis nostra poscitur arte labor . (est) (est)",43,8.0,1.0,2,2
P_Ovidius_Naso_Ars_Amatoria_Book_II,232,"rivalem patienter habe , victoria te -cum stabit : eris magni victor in arce Iovis .",28,9.0,5.0,3,5
P_Ovidius_Naso_Ars_Amatoria_Book_II,233,"haec tibi non hominem , sed quercus crede Pelasgas dicere : nil istis ars mea maius habet . (crede) (dicere)",44,10.0,1.0,2,2
P_Ovidius_Naso_Ars_Amatoria_Book_II,234,"innuet illa , feras ; scribet , ne tange tabellas : unde volet , veniat ; quoque libebit , eat . (si) (si) (si)",42,10.0,5.0,8,5
P_Ovidius_Naso_Ars_Amatoria_Book_II,235,"hoc in legitima praestant uxore mariti , cum , tener , ad partes tu quoque , somne , venis .",28,8.0,3.0,2,1
P_Ovidius_Naso_Ars_Amatoria_Book_II,236,"hac ego , confiteor , non sum perfectus in arte ; quid faciam ?",43,6.0,3.0,3,3
P_Ovidius_Naso_Ars_Amatoria_Book_II,237,monitis sum minor ipse meis .,15,4.0,1.0,1,1
P_Ovidius_Naso_Ars_Amatoria_Book_II,238,"me -ne palam nostrae det quisquam signa puellae , et patiar , ne -c me quo libet ira ferat ?",36,7.0,4.0,4,4
P_Ovidius_Naso_Ars_Amatoria_Book_II,239,"oscula vir dederat , memini , suus : oscula questus sum data ; barbaria noster abundat amor .",50,9.0,5.0,4,4
P_Ovidius_Naso_Ars_Amatoria_Book_II,24,"cui pater ' his ' inquit ' patria est adeunda carinis , hac nobis Minos effugiendus ope .",15,6.0,3.0,2,1
P_Ovidius_Naso_Ars_Amatoria_Book_II,240,"non semel hoc vitium nocuit mihi : doctior ille , quo veniunt alii conciliante viri . (est)",51,8.0,5.0,2,3
P_Ovidius_Naso_Ars_Amatoria_Book_II,241,"sed melius nescisse fuit : sine furta tegantur , ne fugiat ficto fassus ab ore pudor .",43,9.0,0.0,4,4
P_Ovidius_Naso_Ars_Amatoria_Book_II,242,"quo magis , o iuvenes , deprendere parcite vestras : peccent , peccantes verba dedisse putent .",47,7.0,2.0,3,3
P_Ovidius_Naso_Ars_Amatoria_Book_II,243,"crescit amor prensis ; ubi par fortuna duorum est , in causa damni perstat uterque sui .",50,7.0,5.0,3,1
P_Ovidius_Naso_Ars_Amatoria_Book_II,244,"fabula narratur toto notissima caelo , Mulciberis capti Mars -que Venus -que dolis .",48,8.0,2.0,1,2
P_Ovidius_Naso_Ars_Amatoria_Book_II,245,"Mars pater , insano Veneris turbatus amore , de duce terribili factus amator erat . [ ]",15,7.0,3.0,1,2
P_Ovidius_Naso_Ars_Amatoria_Book_II,246,ne -c Venus oranti ( ne -que enim dea mollior ulla est ) rustica Gradivo difficilis -que fuit .,51,7.0,0.0,2,3
P_Ovidius_Naso_Ars_Amatoria_Book_II,247,"A , quotiens lasciva pedes risisse mariti dicitur , et duras igne vel arte manus .",43,8.0,6.0,1,2
P_Ovidius_Naso_Ars_Amatoria_Book_II,248,"Marte palam simul est Vulcanum imitata , decebat , multa -que cum forma gratia mixta fuit .",46,8.0,3.0,3,3
P_Ovidius_Naso_Ars_Amatoria_Book_II,249,sed bene concubitus primos celare solebant .,40,4.0,0.0,1,2
P_Ovidius_Naso_Ars_Amatoria_Book_II,25,"aëra non potuit Minos , alia omnia clausit ; quem licet , inventis aëra rumpe meis . (claudere) (rumpere)",49,9.0,3.0,4,3
P_Ovidius_Naso_Ars_Amatoria_Book_II,250,plena verecundi culpa pudoris erat .,43,4.0,3.0,1,2
P_Ovidius_Naso_Ars_Amatoria_Book_II,251,indicio Solis ( quis Solem fallere possit ? ) cognita Vulcano coniugis acta suae .,40,7.0,4.0,1,3
P_Ovidius_Naso_Ars_Amatoria_Book_II,252,"quam mala , Sol , exempla moves !",25,5.0,0.0,1,1
P_Ovidius_Naso_Ars_Amatoria_Book_II,253,"pete munus ab ipsa et tibi , si taceas , quod dare possit , habet .",46,7.0,3.0,4,3
P_Ovidius_Naso_Ars_Amatoria_Book_II,254,Mulciber obscuros lectum circa -que super -que disponit laqueos : lumina fallit opus . (lectum),46,6.0,3.0,2,1
P_Ovidius_Naso_Ars_Amatoria_Book_II,255,fingit iter Lemnon ; veniunt ad foedus amantes : impliciti laqueis nudus uterque iacent .,29,8.0,4.0,3,1
P_Ovidius_Naso_Ars_Amatoria_Book_II,256,convocat ille deos ; praebent spectacula capti : vix lacrimas Venerem continuisse putant .,47,7.0,3.0,3,1
P_Ovidius_Naso_Ars_Amatoria_Book_II,257,"non vultus texisse suos , non denique possunt partibus obscenis opposuisse manus . (possunt)",26,8.0,0.0,1,1
P_Ovidius_Naso_Ars_Amatoria_Book_II,258,"hic aliquis ridens ' in me , fortissime Mavors , si tibi sunt oneri , vincula transfer ! ' ait .",45,6.0,4.0,3,2
P_Ovidius_Naso_Ars_Amatoria_Book_II,259,"vix precibus , Neptune , tuis captiva resolvit corpora : Mars Thracen occupat , illa Paphon . (occupat)",48,6.0,3.0,2,3
P_Ovidius_Naso_Ars_Amatoria_Book_II,26,sed tibi non virgo Tegeaea comes -que Bootae ensiger Orion aspiciendus erit : me pinnis sectare datis ; ego praevius ibo : sit tua cura sequi ; me duce tutus eris . [ ],51,10.0,0.0,5,5
P_Ovidius_Naso_Ars_Amatoria_Book_II,260,"hoc tibi pro facto , Vulcane : quod ante tegebant , liberius faciunt , ut pudor omnis abest : saepe tamen demens stulte fecisse fateris , te -que ferunt artis paenituisse tuae . (est)",43,10.0,2.0,5,2
P_Ovidius_Naso_Ars_Amatoria_Book_II,261,"hoc vetiti vos este ; vetat deprensa Dione insidias illas , quas tulit ipsa , dare .",35,8.0,6.0,3,3
P_Ovidius_Naso_Ars_Amatoria_Book_II,262,"ne -c vos rivali laqueos disponite , ne -c vos excipite arcana verba notata manu .",10,6.0,0.0,2,2
P_Ovidius_Naso_Ars_Amatoria_Book_II,263,"ista viri captent , si iam captanda putabunt , quos faciet iustos ignis et unda viros .",47,8.0,4.0,3,5
P_Ovidius_Naso_Ars_Amatoria_Book_II,264,"en , iterum testor : nihil hic , ni -si lege remissum luditur : in nostris instita nulla iocis . (est)",44,9.0,6.0,2,2
P_Ovidius_Naso_Ars_Amatoria_Book_II,265,"quis Cereris ritus ausit vulgare profanis , magna -que Threïcia sacra reperta Samo ?",40,6.0,2.0,1,5
P_Ovidius_Naso_Ars_Amatoria_Book_II,266,exigua est virtus praestare silentia rebus : at contra gravis est culpa tacenda loqui .,45,6.0,3.0,2,1
P_Ovidius_Naso_Ars_Amatoria_Book_II,267,"O bene , quod frustra captatis arbore pomis garrulus in media Tantalus aret aqua ! (est)",19,6.0,1.0,1,1
P_Ovidius_Naso_Ars_Amatoria_Book_II,268,"praecipue Cytherea iubet sua sacra taceri : admoneo , veniat ne -quis ad illa loquax .",40,7.0,5.0,3,3
P_Ovidius_Naso_Ars_Amatoria_Book_II,269,"condita si non sunt Veneris mysteria cistis , ne -c cava vesanis ictibus aera sonant , at sic inter nos medio versantur in usu , se tamen inter nos ut latuisse velint .",48,10.0,2.0,4,3
P_Ovidius_Naso_Ars_Amatoria_Book_II,27,"nam si -ve aetherias vicino sole per auras ibimus , impatiens cera caloris erit : si -ve humiles propiore freto iactabimus alas , mobilis aequoreis pinna madescet aquis .",46,11.0,4.0,4,5
P_Ovidius_Naso_Ars_Amatoria_Book_II,270,"ipsa Venus pubem , quotiens velamina ponit , protegitur laeva semireducta manu .",15,5.0,2.0,2,2
P_Ovidius_Naso_Ars_Amatoria_Book_II,271,in medio passim -que coit pecus : hoc quoque viso avertit vultus nempe puella suos .,46,7.0,3.0,2,1
P_Ovidius_Naso_Ars_Amatoria_Book_II,272,"conveniunt thalami furtis et ianua nostris , pars -que sub iniecta veste pudenda latet : et si non tenebras , ad quiddam nubis opacae quaerimus , atque aliquid luce patente minus . (quaerimus ad) (quaerimus ad)",48,11.0,6.0,3,1
P_Ovidius_Naso_Ars_Amatoria_Book_II,273,"tum quoque , cum solem nondum prohibebat et imbrem tegula , sed quercus tecta cibum -que dabat , in nemore atque antris , non sub Iove , iuncta voluptas ; tanta rudi populo cura pudoris erat .",51,11.0,5.0,3,2
P_Ovidius_Naso_Ars_Amatoria_Book_II,274,"at nunc nocturnis titulos inponimus actis , atque emitur magno nil , ni -si posse loqui ! (emitur magno)",53,8.0,0.0,2,2
P_Ovidius_Naso_Ars_Amatoria_Book_II,275,"scilicet excuties omnes , ubi quaeque , puellas , cuilibet ut dicas ' haec quoque nostra fuit , ' ne -c desint , quas tu digitis ostendere possis ? (sunt)",43,9.0,4.0,5,5
P_Ovidius_Naso_Ars_Amatoria_Book_II,276,"ut quamque adtigeris , fabula turpis erit ?",40,5.0,3.0,2,5
P_Ovidius_Naso_Ars_Amatoria_Book_II,277,"parva queror : fingunt quidam , quae vera negarent , et nulli non se concubuisse ferunt .",41,7.0,4.0,4,4
P_Ovidius_Naso_Ars_Amatoria_Book_II,278,"corpora si nequeunt , quae possunt , nomina tangunt , fama -que non tacto corpore crimen habet . (tangere)",42,7.0,3.0,4,1
P_Ovidius_Naso_Ars_Amatoria_Book_II,279,"i nunc , claude fores , custos odiose puellae , et centum duris postibus obde seras !",19,8.0,2.0,3,2
P_Ovidius_Naso_Ars_Amatoria_Book_II,28,"inter utrumque vola ; ventos quoque , nate , timeto , quaque ferent aurae , vela secunda dato . '",43,7.0,4.0,4,5
P_Ovidius_Naso_Ars_Amatoria_Book_II,280,"quid tuti superest , cum nominis extat adulter , et credi quod non contigit esse , cupit ?",53,9.0,2.0,4,3
P_Ovidius_Naso_Ars_Amatoria_Book_II,281,"nos etiam veros parce profitemur amores , tecta -que sunt solida mystica furta fide .",17,6.0,3.0,2,2
P_Ovidius_Naso_Ars_Amatoria_Book_II,282,"parcite praecipue vitia exprobrare puellis , utile quae multis dissimulasse fuit .",42,6.0,5.0,2,3
P_Ovidius_Naso_Ars_Amatoria_Book_II,283,"ne -c suus Andromedae color est obiectus ab illo , mobilis in gemino cui pede pinna fuit .",14,8.0,0.0,2,3
P_Ovidius_Naso_Ars_Amatoria_Book_II,284,"omnibus Andromache visa est spatiosior aequo : unus , qui modicam diceret , Hector erat . (esse)",53,8.0,5.0,3,4
P_Ovidius_Naso_Ars_Amatoria_Book_II,285,"quod male fers , adsuesce , feres bene ; multa vetustus leniet , incipiens omnia sentit amor .",30,8.0,4.0,5,5
P_Ovidius_Naso_Ars_Amatoria_Book_II,286,"dum novus in viridi coalescit cortice ramus , concutiat tenerum quaelibet aura , cadet : mox eadem ventis , spatio durata , resistet , firma -que adoptivas arbor habebit opes . (si)",31,13.0,2.0,5,5
P_Ovidius_Naso_Ars_Amatoria_Book_II,287,"eximit ipsa dies omnes e corpore mendas , quod -que fuit vitium , desinit esse mora .",36,7.0,3.0,3,3
P_Ovidius_Naso_Ars_Amatoria_Book_II,288,ferre novae nares taurorum terga recusant : adsiduo domitas tempore fallit odor .,35,7.0,2.0,2,1
P_Ovidius_Naso_Ars_Amatoria_Book_II,289,"nominibus mollire licet mala : fusca vocetur , nigrior Illyrica cui pice sanguis erit : si straba , sit Veneri similis : si rava , Minervae : sit gracilis , macie quae male viva sua est ; dic habilem , quaecumque brevis , quae turgida , plenam , et lateat vitium proximitate boni . (sit similis) (est) (est) (esse) (est) (esse) (est)",50,10.0,7.0,8,5
P_Ovidius_Naso_Ars_Amatoria_Book_II,29,"dum monet , aptat opus puero , monstrat -que moveri , erudit infirmas ut sua mater aves . (erudit)",41,9.0,4.0,4,1
P_Ovidius_Naso_Ars_Amatoria_Book_II,290,"ne -c quotus annus eat , ne -c quo sit nata , require , consule , quae rigidus munera censor habet : praecipue si flore caret , melius -que peractum tempus , et albentes iam legit illa comas . (require) (consule)",53,14.0,0.0,7,3
P_Ovidius_Naso_Ars_Amatoria_Book_II,291,"utilis , o iuvenes , aut haec , aut serior aetas : iste feret segetes , iste serendus ager . (est)",49,8.0,3.0,1,5
P_Ovidius_Naso_Ars_Amatoria_Book_II,292,"dum vires anni -que sinunt , tolerate labores : iam veniet tacito curva senecta pede .",54,8.0,3.0,3,5
P_Ovidius_Naso_Ars_Amatoria_Book_II,293,"aut mare remigiis , aut vomere findite terras , aut fera belligeras addite in arma manus , aut latus et vires operam -que adferte puellis : hoc quoque militia est , hoc quoque quaerit opes . (findite)",54,9.0,0.0,5,2
P_Ovidius_Naso_Ars_Amatoria_Book_II,294,"adde , quod est illis operum prudentia maior , solus et artifices qui facit , usus adest : illae munditiis annorum damna rependunt , et faciunt cura , ne videantur anus .",18,13.0,5.0,7,4
P_Ovidius_Naso_Ars_Amatoria_Book_II,295,"ut -que velis , venerem iungunt per mille figuras : invenit plures nulla tabella modos .",52,7.0,0.0,3,3
P_Ovidius_Naso_Ars_Amatoria_Book_II,296,"illis sentitur non inritata voluptas : quod iuvet , ex aequo femina vir -que ferant .",51,7.0,3.0,3,3
P_Ovidius_Naso_Ars_Amatoria_Book_II,297,"odi concubitus , qui non utrumque resolvunt ; hoc est , cur pueri tangar amore minus .",54,9.0,3.0,4,4
P_Ovidius_Naso_Ars_Amatoria_Book_II,298,"odi quae praebet , quia sit praebere necesse , sicca -que de lana cogitat ipsa sua . (quae)",54,8.0,0.0,4,3
P_Ovidius_Naso_Ars_Amatoria_Book_II,299,"quae datur officio , non est mihi grata voluptas : officium faciat nulla puella mihi .",51,7.0,4.0,3,3
P_Ovidius_Naso_Ars_Amatoria_Book_II,3,"talis ab armiferis Priameïus hospes Amyclis candida cum rapta coniuge vela dedit ; talis erat qui te curru victore ferebat , vecta peregrinis Hippodamia rotis . (erat) [ ]",53,12.0,0.0,3,3
P_Ovidius_Naso_Ars_Amatoria_Book_II,30,"inde sibi factas umeris accommodat alas , per -que novum timide corpora librat iter .",28,8.0,4.0,2,1
P_Ovidius_Naso_Ars_Amatoria_Book_II,300,"me voces audire iuvat sua gaudia fassas , quae -que morer meme sustineam -que rogent .",14,9.0,5.0,4,4
P_Ovidius_Naso_Ars_Amatoria_Book_II,301,"aspiciam dominae victos amentis ocellos : langueat , et tangi se vetet illa diu .",42,7.0,4.0,3,3
P_Ovidius_Naso_Ars_Amatoria_Book_II,302,"haec bona non primae tribuit natura iuventae , quae cito post septem lustra venire solent .",40,8.0,2.0,2,1
P_Ovidius_Naso_Ars_Amatoria_Book_II,303,"qui properant , nova musta bibant : mihi fundat avitum consulibus priscis condita testa merum .",29,8.0,3.0,3,3
P_Ovidius_Naso_Ars_Amatoria_Book_II,304,"ne -c platanus , ni -si sera , potest obsistere Phoebo , et laedunt nudos prata novella pedes . (est)",36,7.0,0.0,2,1
P_Ovidius_Naso_Ars_Amatoria_Book_II,305,"scilicet Hermionen Helenae praeponere posses , et melior Gorge , quam sua mater , erat ? (erat)",25,9.0,3.0,2,4
P_Ovidius_Naso_Ars_Amatoria_Book_II,306,"at venerem quicumque voles adtingere seram , si modo duraris , praemia digna feres .",45,7.0,0.0,3,5
P_Ovidius_Naso_Ars_Amatoria_Book_II,307,"conscius , ecce , duos accepit lectus amantes : ad thalami clausas , Musa , resiste fores .",19,7.0,4.0,2,3
P_Ovidius_Naso_Ars_Amatoria_Book_II,308,"sponte sua sine te celeberrima verba loquentur , ne -c manus in lecto laeva iacebit iners .",36,6.0,3.0,2,5
P_Ovidius_Naso_Ars_Amatoria_Book_II,309,"invenient digiti , quod agant in partibus illis , in quibus occulte spicula tingit Amor .",26,7.0,6.0,3,5
P_Ovidius_Naso_Ars_Amatoria_Book_II,31,"iam -que volaturus parvo dedit oscula nato , ne -c patriae lacrimas continuere genae .",43,6.0,0.0,2,3
P_Ovidius_Naso_Ars_Amatoria_Book_II,310,"fecit in Andromache prius hoc fortissimus Hector , ne -c solum bellis utilis ille fuit .",15,6.0,3.0,2,3
P_Ovidius_Naso_Ars_Amatoria_Book_II,311,"fecit et in capta Lyrneside magnus Achilles , cum premeret mollem lassus ab hoste torum .",51,8.0,3.0,2,4
P_Ovidius_Naso_Ars_Amatoria_Book_II,312,"illis te manibus tangi , Briseï , sinebas , imbutae Phrygia quae nece semper erant .",42,7.0,2.0,2,2
P_Ovidius_Naso_Ars_Amatoria_Book_II,313,"an fuit hoc ipsum , quod te , lasciva , iuvaret , ad tua victrices membra venire manus ? [ ]",29,7.0,6.0,2,4
P_Ovidius_Naso_Ars_Amatoria_Book_II,314,"crede mihi , non est veneris properanda voluptas , sed sensim tarda prolicienda mora .",51,6.0,3.0,2,2
P_Ovidius_Naso_Ars_Amatoria_Book_II,315,"cum loca reppereris , quae tangi femina gaudet , non obstet , tangas quo minus illa , pudor .",43,8.0,5.0,4,6
P_Ovidius_Naso_Ars_Amatoria_Book_II,316,"aspicies oculos tremulo fulgore micantes , ut sol a liquida saepe refulget aqua .",30,7.0,3.0,2,5
P_Ovidius_Naso_Ars_Amatoria_Book_II,317,"accedent questus , accedet amabile murmur , et dulces gemitus apta -que verba ioco . (accedent)",29,8.0,3.0,2,5
P_Ovidius_Naso_Ars_Amatoria_Book_II,318,"sed ne -que tu dominam velis maioribus usus desere , ne -c cursus ant -eat illa tuos ; ad metam properate simul : tum plena voluptas , cum pariter victi femina vir -que iacent . (est)",51,14.0,0.0,4,3
P_Ovidius_Naso_Ars_Amatoria_Book_II,319,"hic tibi versandus tenor est , cum libera dantur otia , furtivum ne -c timor urget opus .",28,6.0,1.0,3,2
P_Ovidius_Naso_Ars_Amatoria_Book_II,32,"monte minor collis , campis erat altior aequis : hinc data sunt miserae corpora bina fugae .",30,9.0,3.0,2,2
P_Ovidius_Naso_Ars_Amatoria_Book_II,320,"cum mora non tuta est , totis incumbere remis utile , et admisso subdere calcar equo . (est)",53,7.0,3.0,1,1
P_Ovidius_Naso_Ars_Amatoria_Book_II,321,"finis adest operi : palmam date , grata iuventus , serta -que odoratae myrtea ferte comae .",31,6.0,4.0,3,2
P_Ovidius_Naso_Ars_Amatoria_Book_II,322,"quantus apud Danaos Podalirius arte medendi , Aeacides dextra , pectore Nestor erat , quantus erat Calchas extis , Telamonius armis , Automedon curru , tantus amator ego . (sum) (erat) (quantus erat) (quantus) (quantus erat) (quantus erat)",47,7.0,1.0,2,2
P_Ovidius_Naso_Ars_Amatoria_Book_II,323,"me vatem celebrate , viri , mihi dicite laudes , cantetur toto nomen in orbe meum . [ ]",52,7.0,3.0,3,4
P_Ovidius_Naso_Ars_Amatoria_Book_II,324,"arma dedi vobis : dederat Vulcanus Achilli ; vincite muneribus , vicit ut ille , datis .",46,7.0,3.0,4,4
P_Ovidius_Naso_Ars_Amatoria_Book_II,325,"sed quicumque meo superarit Amazona ferro , inscribat spoliis ' NASO MAGISTER ERAT . '",32,5.0,0.0,3,5
P_Ovidius_Naso_Ars_Amatoria_Book_II,326,"ecce , rogant tenerae , sibi dem praecepta , puellae : vos eritis chartae proxima cura meae !",6,7.0,4.0,3,5
P_Ovidius_Naso_Ars_Amatoria_Book_II,33,"et movet ipse suas , et nati respicit alas Daedalus , et cursus sustinet usque suos .",43,6.0,0.0,3,1
P_Ovidius_Naso_Ars_Amatoria_Book_II,34,"iam -que novum delectat iter , posito -que timore Icarus audaci fortius arte volat .",43,7.0,0.0,2,1
P_Ovidius_Naso_Ars_Amatoria_Book_II,35,"hos aliquis , tremula dum captat arundine pisces , vidit , et inceptum dextra reliquit opus .",28,7.0,2.0,3,3
P_Ovidius_Naso_Ars_Amatoria_Book_II,36,"iam Samos a laeva ( fuerant Naxos -que relictae et Paros et Clario Delos amata deo ) dextra Lebinthos erat silvis -que umbrosa Calymne cincta -que piscosis Astypalaea vadis , cum puer , incautis nimium temerarius annis , altius egit iter , deseruit -que patrem . (erat) [ ]",28,14.0,1.0,4,4
P_Ovidius_Naso_Ars_Amatoria_Book_II,37,"vincla labant , et cera deo propiore liquescit , ne -c tenues ventos brachia mota tenent .",13,7.0,3.0,3,1
P_Ovidius_Naso_Ars_Amatoria_Book_II,38,territus a summo despexit in aequora caelo : nox oculis pavido venit oborta metu .,34,9.0,3.0,2,3
P_Ovidius_Naso_Ars_Amatoria_Book_II,39,"tabuerant cerae : nudos quatit ille lacertos , et trepidat ne -c , quo sustineatur , habet .",9,6.0,4.0,5,4
P_Ovidius_Naso_Ars_Amatoria_Book_II,4,"quid properas , iuvenis ?",40,3.0,2.0,1,1
P_Ovidius_Naso_Ars_Amatoria_Book_II,40,"decidit , atque cadens ' pater , o pater , auferor ! ' inquit , clauserunt virides ora loquentis aquae .",36,9.0,3.0,4,3
P_Ovidius_Naso_Ars_Amatoria_Book_II,41,"at pater infelix , ne -c iam pater , ' Icare ! ' clamat , ' Icare , ' clamat ' ubi es , quoque sub axe volas ? ' (est)",45,10.0,0.0,4,1
P_Ovidius_Naso_Ars_Amatoria_Book_II,42,"' Icare ' clamabat , pinnas aspexit in undis .",10,6.0,3.0,2,3
P_Ovidius_Naso_Ars_Amatoria_Book_II,43,ossa tegit tellus : aequora nomen habent .,54,4.0,2.0,2,1
P_Ovidius_Naso_Ars_Amatoria_Book_II,44,non potuit Minos hominis conpescere pinnas ; ipse deum volucrem detinuisse paro .,15,8.0,4.0,2,3
P_Ovidius_Naso_Ars_Amatoria_Book_II,45,"fallitur , Haemonias si -quis decurrit ad artes , dat -que quod a teneri fronte revellit equi .",43,10.0,1.0,4,3
P_Ovidius_Naso_Ars_Amatoria_Book_II,46,"non facient , ut vivat amor , Medeïdes herbae mixta -que cum magicis nenia Marsa sonis .",29,8.0,6.0,2,5
P_Ovidius_Naso_Ars_Amatoria_Book_II,47,"Phasias Aesoniden , Circe tenuisset Ulixem , si modo servari carmine posset amor . (tenuisset)",13,6.0,1.0,2,6
P_Ovidius_Naso_Ars_Amatoria_Book_II,48,"ne -c data profuerint pallentia philtra puellis : philtra nocent animis , vim -que furoris habent .",54,7.0,0.0,3,5
P_Ovidius_Naso_Ars_Amatoria_Book_II,49,"sit procul omne nefas ; ut ameris , amabilis esto : quod tibi non facies sola -ve forma dabit : sis licet antiquo Nireus adamatus Homero , Naïadum -que tener crimine raptus Hylas , ut dominam teneas , ne -c te mirere relictum , ingenii dotes corporis adde bonis . (est)",50,14.0,9.0,9,5
P_Ovidius_Naso_Ars_Amatoria_Book_II,5,"mediis tua pinus in undis navigat , et longe quem peto portus abest .",27,8.0,2.0,3,1
P_Ovidius_Naso_Ars_Amatoria_Book_II,50,"forma bonum fragile est , quantum -que accedit ad annos fit minor , et spatio carpitur ipsa suo .",42,9.0,3.0,4,2
P_Ovidius_Naso_Ars_Amatoria_Book_II,51,"ne -c violae semper ne -c hiantia lilia florent , et riget amissa spina relicta rosa . (florent semper)",11,7.0,0.0,2,1
P_Ovidius_Naso_Ars_Amatoria_Book_II,52,"et tibi iam venient cani , formose , capilli , iam venient rugae , quae tibi corpus arent .",4,7.0,0.0,3,5
P_Ovidius_Naso_Ars_Amatoria_Book_II,53,"iam molire animum , qui duret , et adstrue formae : solus ad extremos permanet ille rogos .",13,8.0,5.0,3,3
P_Ovidius_Naso_Ars_Amatoria_Book_II,54,ne -c levis ingenuas pectus coluisse per artes cura sit et linguas edidicisse duas .,43,7.0,0.0,1,3
P_Ovidius_Naso_Ars_Amatoria_Book_II,55,"non formosus erat , sed erat facundus Ulixes , et tamen aequoreas torsit amore deas .",17,6.0,3.0,3,3
P_Ovidius_Naso_Ars_Amatoria_Book_II,56,"A quotiens illum doluit properare Calypso , remigio -que aptas esse negavit aquas !",51,7.0,1.0,2,3
P_Ovidius_Naso_Ars_Amatoria_Book_II,57,haec Troiae casus iterum -que iterum -que rogabat : ille referre aliter saepe solebat idem .,40,6.0,4.0,2,2
P_Ovidius_Naso_Ars_Amatoria_Book_II,58,litore constiterant : illic quoque pulchra Calypso exigit Odrysii fata cruenta ducis .,40,6.0,3.0,2,4
P_Ovidius_Naso_Ars_Amatoria_Book_II,59,"ille levi virga ( virgam nam forte tenebat ) quod rogat , in spisso litore pingit opus .",13,6.0,3.0,3,2
P_Ovidius_Naso_Ars_Amatoria_Book_II,6,"non satis est venisse tibi me vate puellam : arte mea capta est , arte tenenda mea est .",43,8.0,4.0,3,1
P_Ovidius_Naso_Ars_Amatoria_Book_II,60,' haec ' inquit ' Troia est ' ( muros in litore fecit ) : ' hic tibi sit Simois ; haec mea castra puta . (esse),47,9.0,0.0,5,3
P_Ovidius_Naso_Ars_Amatoria_Book_II,61,"campus erat ' ( campum -que facit ) , ' quem caede Dolonis sparsimus , Haemonios dum vigil optat equos . (inquit)",46,10.0,0.0,4,3
P_Ovidius_Naso_Ars_Amatoria_Book_II,62,illic Sithonii fuerant tentoria Rhesi : hac ego sum captis nocte revectus equis . ',15,7.0,3.0,2,4
P_Ovidius_Naso_Ars_Amatoria_Book_II,63,"plura -que pingebat , subitus cum Pergama fluctus abstulit et Rhesi cum duce castra suo .",47,8.0,0.0,2,3
P_Ovidius_Naso_Ars_Amatoria_Book_II,64,"tum dea ' quas ' inquit ' fidas tibi credis ituro , perdiderint undae nomina quanta , vides ? ' (esse)",26,9.0,4.0,4,5
P_Ovidius_Naso_Ars_Amatoria_Book_II,65,"ergo age , fallaci timide confide figurae , quisquis es , aut aliquid corpore pluris habe .",51,8.0,4.0,4,2
P_Ovidius_Naso_Ars_Amatoria_Book_II,66,dextera praecipue capit indulgentia mentes ; asperitas odium saeva -que bella movet .,44,7.0,5.0,2,1
P_Ovidius_Naso_Ars_Amatoria_Book_II,67,"odimus accipitrem , quia vivit semper in armis , et pavidum solitos in pecus ire lupos . (odimus)",54,12.0,2.0,2,3
P_Ovidius_Naso_Ars_Amatoria_Book_II,68,"at caret insidiis hominum , quia mitis , hirundo , quas -que colat turres , Chaonis ales habet . (est)",48,8.0,0.0,3,3
P_Ovidius_Naso_Ars_Amatoria_Book_II,69,"este procul , lites et amarae proelia linguae : dulcibus est verbis mollis alendus amor .",51,8.0,3.0,2,2
P_Ovidius_Naso_Ars_Amatoria_Book_II,7,"ne -c minor est virtus , quam quaerere , parta tueri : casus inest illic ; hoc erit artis opus . (est virtus)",53,10.0,0.0,3,5
P_Ovidius_Naso_Ars_Amatoria_Book_II,70,"lite fugent nuptae -que viros nuptas -que mariti , in -que vicem credant res sibi semper agi ; hoc decet uxores ; dos est uxoria lites : audiat optatos semper amica sonos . (fugent)",46,10.0,5.0,5,3
P_Ovidius_Naso_Ars_Amatoria_Book_II,71,non legis iussu lectum venistis in unum : fungitur in vobis munere legis amor .,46,7.0,3.0,2,3
P_Ovidius_Naso_Ars_Amatoria_Book_II,72,"blanditias molles aurem -que iuvantia verba adfer , ut adventu laeta sit illa tuo .",51,7.0,1.0,2,3
P_Ovidius_Naso_Ars_Amatoria_Book_II,73,"non ego divitibus venio praeceptor amandi : nil opus est illi , qui dabit , arte mea ; se -cum habet ingenium , qui , cum libet , ' accipe ' dicit ; cedimus : inventis plus placet ille meis . [ ]",44,12.0,6.0,9,5
P_Ovidius_Naso_Ars_Amatoria_Book_II,74,"pauperibus vates ego sum , quia pauper amavi ; cum dare non possem munera , verba dabam .",46,9.0,5.0,4,4
P_Ovidius_Naso_Ars_Amatoria_Book_II,75,"pauper amet caute : timeat maledicere pauper , multa -que divitibus non patienda ferat .",36,7.0,5.0,3,3
P_Ovidius_Naso_Ars_Amatoria_Book_II,76,me memini iratum dominae turbasse capillos : haec mihi quam multos abstulit ira dies !,50,8.0,2.0,2,3
P_Ovidius_Naso_Ars_Amatoria_Book_II,77,"ne -c puto , ne -c sensi tunicam laniasse ; sed ipsa dixerat , et pretio est illa redempta meo .",47,7.0,0.0,5,4
P_Ovidius_Naso_Ars_Amatoria_Book_II,78,"at vos , si sapitis , vestri peccata magistri effugite , et culpae damna timete meae .",45,8.0,0.0,3,2
P_Ovidius_Naso_Ars_Amatoria_Book_II,79,"proelia cum Parthis , cum culta pax sit amica , et iocus , et causas quicquid amoris habet . (sint)",51,8.0,0.0,2,3
P_Ovidius_Naso_Ars_Amatoria_Book_II,8,"nunc mihi , si -quando , puer et Cytherea , favete , nunc Erato , nam tu nomen amoris habes . (fave mihi) (favetis)",22,8.0,4.0,2,2
P_Ovidius_Naso_Ars_Amatoria_Book_II,80,"si ne -c blanda satis , ne -c erit tibi comis amanti , perfer et obdura : postmodo mitis erit . (erit)",26,9.0,6.0,4,5
P_Ovidius_Naso_Ars_Amatoria_Book_II,81,"flectitur obsequio curvatus ab arbore ramus : frangis , si vires experiere tuas .",54,10.0,5.0,3,2
P_Ovidius_Naso_Ars_Amatoria_Book_II,82,"obsequio tranantur aquae : ne -c vincere possis flumina , si contra , quam rapit unda , nates .",25,9.0,3.0,4,3
P_Ovidius_Naso_Ars_Amatoria_Book_II,83,obsequium tigres -que domat Numidas -que leones ; rustica paulatim taurus aratra subit .,41,7.0,2.0,2,1
P_Ovidius_Naso_Ars_Amatoria_Book_II,84,quid fuit asperius Nonacrina Atalanta ?,40,4.0,3.0,1,3
P_Ovidius_Naso_Ars_Amatoria_Book_II,85,succubuit meritis trux tamen illa viri .,46,4.0,2.0,1,3
P_Ovidius_Naso_Ars_Amatoria_Book_II,86,"saepe suos casus ne -c mitia facta puellae flesse sub arboribus Milaniona ferunt ; saepe tulit iusso fallacia retia collo , saepe fera torvos cuspide fixit apros : sensit et Hylaei contentum saucius arcum : sed tamen hoc arcu notior alter erat .",35,10.0,3.0,5,3
P_Ovidius_Naso_Ars_Amatoria_Book_II,87,"non te Maenalias armatum scandere silvas , ne -c iubeo collo retia ferre tuo : pectora ne -c missis iubeo praebere sagittis ; artis erunt cauto mollia iussa meae . (iubeo)",51,9.0,4.0,3,5
P_Ovidius_Naso_Ars_Amatoria_Book_II,88,"cede repugnanti : cedendo victor abibis : fac modo , quas partes illa iubebit , agas .",26,8.0,2.0,5,5
P_Ovidius_Naso_Ars_Amatoria_Book_II,89,"arguet , arguito ; quicquid probat illa , probato ; quod dicet , dicas ; quod negat illa , neges . (si)",51,9.0,2.0,8,5
P_Ovidius_Naso_Ars_Amatoria_Book_II,9,"magna paro , quas possit Amor remanere per artes , dicere , tam vasto pervagus orbe puer .",43,9.0,0.0,2,3
P_Ovidius_Naso_Ars_Amatoria_Book_II,90,"riserit , adride ; si flebit , flere memento ; imponat leges vultibus illa tuis . (si)",50,8.0,3.0,4,6
P_Ovidius_Naso_Ars_Amatoria_Book_II,91,"se -u ludet , numeros -que manu iactabit eburnos , tu male iactato , tu male iacta dato : se -u iacies talos , victam ne poena sequatur , damnosi facito stent tibi saepe canes : si -ve latrocinii sub imagine calculus ibit , fac pereat vitreo miles ab hoste tuus .",36,12.0,0.0,11,5
P_Ovidius_Naso_Ars_Amatoria_Book_II,92,"ipse tene distenta suis umbracula virgis , ipse fac in turba , qua venit illa , locum .",22,11.0,6.0,3,2
P_Ovidius_Naso_Ars_Amatoria_Book_II,93,"ne -c dubita tereti scamnum producere lecto , et tenero soleam deme vel adde pedi .",34,7.0,0.0,3,2
P_Ovidius_Naso_Ars_Amatoria_Book_II,94,"saepe etiam dominae , quamvis horrebis et ipse , algenti manus est calfacienda sinu .",41,5.0,2.0,2,5
P_Ovidius_Naso_Ars_Amatoria_Book_II,95,"ne -c tibi turpe puta ( quamvis sit turpe , placebit ) , ingenua speculum sustinuisse manu . (esse)",47,9.0,0.0,3,5
P_Ovidius_Naso_Ars_Amatoria_Book_II,96,"ille , fatigata praebendo monstra noverca qui meruit caelum , quod prior ipse tulit , inter Ioniacas calathum tenuisse puellas creditur , et lanas excoluisse rudes .",46,11.0,6.0,3,3
P_Ovidius_Naso_Ars_Amatoria_Book_II,97,"paruit imperio dominae Tirynthius heros : i nunc et dubita ferre , quod ille tulit .",34,8.0,5.0,4,3
P_Ovidius_Naso_Ars_Amatoria_Book_II,98,"iussus adesse foro , iussa maturius hora fac semper venias , ne -c ni -si serus abi . (es)",13,9.0,2.0,3,3
P_Ovidius_Naso_Ars_Amatoria_Book_II,99,"occurras aliquo , tibi dixerit : omnia differ , curre , ne -c inceptum turba moretur iter .",22,7.0,4.0,5,5
P_Ovidius_Naso_Ars_Amatoria_Book_III,1,"arma dedi Danais in Amazonas ; arma supersunt , quae tibi dem et turmae , Penthesilea , tuae .",11,11.0,7.0,3,3
P_Ovidius_Naso_Ars_Amatoria_Book_III,10,"ipsa quoque et cultu est et nomine femina virtus : non mirum , populo si placet illa suo . (est)",40,10.0,4.0,2,1
P_Ovidius_Naso_Ars_Amatoria_Book_III,100,claude forem thalami !,19,2.0,2.0,1,2
P_Ovidius_Naso_Ars_Amatoria_Book_III,101,quid rude prodis opus ?,40,3.0,2.0,1,1
P_Ovidius_Naso_Ars_Amatoria_Book_III,102,"multa viros nescire decet ; pars maxima rerum offendat , si non interiora tegas .",39,7.0,4.0,3,3
P_Ovidius_Naso_Ars_Amatoria_Book_III,103,"aurea quae splendent ornato signa theatro , inspice , contemnes : brattea ligna tegit ; sed ne -que ad illa licet populo , ni -si facta , venire , ne -c ni -si summotis forma paranda viris . (paranda)",52,10.0,3.0,5,5
P_Ovidius_Naso_Ars_Amatoria_Book_III,104,"at non pectendos coram praebere capillos , ut iaceant fusi per tua terga , veto .",45,10.0,0.0,2,3
P_Ovidius_Naso_Ars_Amatoria_Book_III,105,"illo praecipue ne sis morosa caveto tempore , ne -c lapsas saepe resolve comas .",24,8.0,4.0,3,3
P_Ovidius_Naso_Ars_Amatoria_Book_III,106,"tuta sit ornatrix ; odi , quae sauciat ora unguibus et rapta brachia figit acu .",54,8.0,6.0,4,3
P_Ovidius_Naso_Ars_Amatoria_Book_III,107,"devovet , ut tangit , dominae caput illa , simul -que plorat in invisas sanguinolenta comas .",46,8.0,4.0,3,1
P_Ovidius_Naso_Ars_Amatoria_Book_III,108,"quae male crinita est , custodem in limine ponat , ornetur -ve Bonae semper in aede deae .",52,8.0,3.0,3,4
P_Ovidius_Naso_Ars_Amatoria_Book_III,109,dictus eram subito cuidam venisse puellae : turbida perversas induit illa comas .,20,7.0,4.0,2,3
P_Ovidius_Naso_Ars_Amatoria_Book_III,11,ne -c tamen hae mentes nostra poscuntur ab arte : conveniunt cumbae vela minora meae .,44,8.0,0.0,2,2
P_Ovidius_Naso_Ars_Amatoria_Book_III,110,"hostibus eveniat tam foedi causa pudoris , in -que nurus Parthas dedecus illud eat .",50,9.0,4.0,2,3
P_Ovidius_Naso_Ars_Amatoria_Book_III,111,"turpe pecus mutilum , turpis sine gramine campus , et sine fronde frutex , et sine crine caput . (est) (est) (turpis est) (turpe est)",46,10.0,5.0,0,0
P_Ovidius_Naso_Ars_Amatoria_Book_III,112,"non mihi venistis , Semele Lede -ve , docendae , per -que fretum falso , Sidoni , vecta bove , aut Helene , quam non stulte , Menelaë , reposcis , tu quoque non stulte , Troice raptor , habes ; turba docenda venit , pulchrae turpes -que puellae : plura -que sunt semper deteriora bonis .",40,16.0,1.0,5,3
P_Ovidius_Naso_Ars_Amatoria_Book_III,113,"formosae non artis opem praecepta -que quaerunt : est illis sua dos , forma sine arte potens ; cum mare compositum est , securus navita cessat : cum tumet , auxiliis adsidet ille suis .",43,13.0,10.0,6,1
P_Ovidius_Naso_Ars_Amatoria_Book_III,114,"rara tamen mendo facies caret : occule mendas , qua -que potes vitium corporis abde tui .",17,8.0,5.0,4,2
P_Ovidius_Naso_Ars_Amatoria_Book_III,115,"si brevis es , sedeas , ne stans videare sedere : in -que tuo iaceas quantulacumque toro ; hic quoque , ne possit fieri mensura cubantis , iniecta lateant fac tibi veste pedes .",48,14.0,5.0,7,4
P_Ovidius_Naso_Ars_Amatoria_Book_III,116,"quae nimium gracilis , pleno velamina filo sumat , et ex umeris laxus amictus eat . (est)",27,7.0,3.0,2,3
P_Ovidius_Naso_Ars_Amatoria_Book_III,117,"pallida purpureis spargat sua corpora virgis , nigrior ad Pharii confuge piscis opem .",47,8.0,3.0,2,3
P_Ovidius_Naso_Ars_Amatoria_Book_III,118,pes malus in nivea semper celetur aluta : arida ne -c vinclis crura resolve suis .,36,7.0,3.0,2,4
P_Ovidius_Naso_Ars_Amatoria_Book_III,119,conveniunt tenues scapulis analemptrides altis : angustum circa fascia pectus eat .,46,7.0,3.0,2,3
P_Ovidius_Naso_Ars_Amatoria_Book_III,12,nil ni -si lascivi per me discuntur amores ; femina praecipiam quo sit amanda modo . (discuntur) (amores),52,10.0,3.0,3,5
P_Ovidius_Naso_Ars_Amatoria_Book_III,120,"exiguo signet gestu , quodcumque loquetur , cui digiti pingues et scaber unguis erit .",36,6.0,4.0,3,5
P_Ovidius_Naso_Ars_Amatoria_Book_III,121,"cui gravis oris odor numquam ieiuna loquatur , et semper spatio distet ab ore viri . (est) [ ]",36,9.0,4.0,2,4
P_Ovidius_Naso_Ars_Amatoria_Book_III,122,"si niger aut ingens aut non erit ordine natus dens tibi , ridendo maxima damna feres . (erit)",43,7.0,4.0,2,5
P_Ovidius_Naso_Ars_Amatoria_Book_III,123,quis credat ?,40,1.0,1.0,1,3
P_Ovidius_Naso_Ars_Amatoria_Book_III,124,"discunt etiam ridere puellae , quaeritur a -que illis hac quoque parte decor .",26,5.0,3.0,2,2
P_Ovidius_Naso_Ars_Amatoria_Book_III,125,"sint modici rictus , parvae -que utrimque lacunae , et summos dentes ima labella tegant . (sint)",53,7.0,3.0,2,3
P_Ovidius_Naso_Ars_Amatoria_Book_III,126,"ne -c sua perpetuo contendant ilia risu , sed leve nescio quid femineum -que sonent .",40,7.0,0.0,3,3
P_Ovidius_Naso_Ars_Amatoria_Book_III,127,"est , quae perverso distorqueat ora cachinno : risu concussa est altera , flere putes .",47,7.0,4.0,4,3
P_Ovidius_Naso_Ars_Amatoria_Book_III,128,"illa sonat raucum quiddam atque inamabile ridet , ut rudit a scabra turpis asella mola .",40,8.0,2.0,3,1
P_Ovidius_Naso_Ars_Amatoria_Book_III,129,quo non ars penetrat ?,43,2.0,1.0,1,1
P_Ovidius_Naso_Ars_Amatoria_Book_III,13,femina ne -c flammas ne -c saevos excutit arcus ; parcius haec video tela nocere viris . (excutit),35,9.0,4.0,2,1
P_Ovidius_Naso_Ars_Amatoria_Book_III,130,"discunt lacrimare decenter , quo -que volunt plorant tempore , quo -que modo . (volunt)",52,8.0,3.0,3,1
P_Ovidius_Naso_Ars_Amatoria_Book_III,131,"quid , cum legitima fraudatur littera voce , blaesa -que fit iusso lingua coacta sono ? (est)",40,8.0,1.0,2,2
P_Ovidius_Naso_Ars_Amatoria_Book_III,132,"in vitio decor est : quaerunt male reddere verba ; discunt posse minus , quam potuere , loqui .",36,14.0,9.0,4,3
P_Ovidius_Naso_Ars_Amatoria_Book_III,133,"omnibus his , quoniam prosunt , inpendite curam : discite femineo corpora ferre gradu .",20,8.0,3.0,3,2
P_Ovidius_Naso_Ars_Amatoria_Book_III,134,est et in incessu pars non temnenda decoris : allicit ignotos ille fugat -que viros .,40,8.0,6.0,3,1
P_Ovidius_Naso_Ars_Amatoria_Book_III,135,"haec movet arte latus , tunicis -que fluentibus auras accipit , expensos fert -que superba pedes : illa velut coniunx Umbri rubicunda mariti ambulat , ingentes varica fert -que gradus . (ambulat)",46,12.0,3.0,5,1
P_Ovidius_Naso_Ars_Amatoria_Book_III,136,"sed sit , ut in multis , modus hic quoque : rusticus alter motus , concesso mollior alter erit . (erit) (modus sit)",52,9.0,0.0,2,5
P_Ovidius_Naso_Ars_Amatoria_Book_III,137,"pars umeri tamen ima tui , pars summa lacerti nuda sit , a laeva conspicienda manu .",26,7.0,1.0,1,3
P_Ovidius_Naso_Ars_Amatoria_Book_III,138,"hoc vos praecipue , niveae , decet : hoc ubi vidi , oscula ferre umero , qua patet usque , libet .",19,8.0,5.0,4,3
P_Ovidius_Naso_Ars_Amatoria_Book_III,139,"monstra maris Sirenes erant , quae voce canora quamlibet admissas detinuere rates .",13,7.0,5.0,2,3
P_Ovidius_Naso_Ars_Amatoria_Book_III,14,"saepe viri fallunt : tenerae non saepe puellae , pauca -que , si quaeras , crimina fraudis habent . (fallunt)",13,7.0,3.0,3,3
P_Ovidius_Naso_Ars_Amatoria_Book_III,140,"his sua Sisyphides auditis paene resolvit corpora , nam sociis inlita cera fuit .",19,6.0,2.0,2,3
P_Ovidius_Naso_Ars_Amatoria_Book_III,141,res est blanda canor : discant cantare puellae : pro facie multis vox sua lena fuit .,44,9.0,5.0,3,3
P_Ovidius_Naso_Ars_Amatoria_Book_III,142,"et modo marmoreis referant audita theatris , et modo Niliacis carmina lusa modis . (referant)",52,9.0,0.0,1,3
P_Ovidius_Naso_Ars_Amatoria_Book_III,143,"ne -c plectrum dextra , citharam tenuisse sinistra nesciat arbitrio femina docta meo . (tenuisse)",39,7.0,0.0,1,3
P_Ovidius_Naso_Ars_Amatoria_Book_III,144,"saxa feras -que lyra movit Rhodopeïus Orpheus , tartareos -que lacus tergeminum -que canem .",40,6.0,2.0,1,3
P_Ovidius_Naso_Ars_Amatoria_Book_III,145,"saxa tuo cantu , vindex iustissime matris , fecerunt muros officiosa novos .",10,5.0,3.0,1,3
P_Ovidius_Naso_Ars_Amatoria_Book_III,146,"quamvis mutus erat , voci favisse putatur piscis , Arioniae fabula nota lyrae .",47,8.0,2.0,2,2
P_Ovidius_Naso_Ars_Amatoria_Book_III,147,disce etiam duplici genialia nablia palma verrere : conveniunt dulcibus illa iocis .,29,6.0,5.0,2,2
P_Ovidius_Naso_Ars_Amatoria_Book_III,148,"sit tibi Callimachi , sit Coi nota poetae , sit quoque vinosi Teïa Musa senis ; nota sit et Sappho ( quid enim lascivius illa ? ) , cui -ve pater vafri luditur arte Getae . (nota) (Musa) (Musa) (nota tibi) (est)",43,12.0,7.0,5,3
P_Ovidius_Naso_Ars_Amatoria_Book_III,149,"et teneri possis carmen legisse Properti , si -ve aliquid Galli , si -ve , Tibulle , tuum : dicta -que Varroni fulvis insignia villis vellera , germanae , Phrixe , querenda tuae : et profugum Aenean , altae primordia Romae , quo nullum Latio clarius extat opus .",39,10.0,8.0,2,3
P_Ovidius_Naso_Ars_Amatoria_Book_III,15,Phasida iam matrem fallax dimisit Iason : venit in Aesonios altera nupta sinus . [ ],30,9.0,0.0,2,3
P_Ovidius_Naso_Ars_Amatoria_Book_III,150,"forsitan et nostrum nomen miscebitur istis , ne -c mea Lethaeis scripta dabuntur aquis : atque aliquis dicet ' nostri lege culta magistri carmina , quis partes instruit ille duas : de -ve tribus libris , titulus quos signat Amorum , elige , quod docili molliter ore legas : vel tibi composita cantetur Epistola voce : ignotum hoc aliis ille novavit opus . '",44,12.0,8.0,10,5
P_Ovidius_Naso_Ars_Amatoria_Book_III,151,"O ita , Phoebe , velis !",43,3.0,2.0,1,3
P_Ovidius_Naso_Ars_Amatoria_Book_III,152,"ita vos , pia numina vatum , insignis cornu Bacche , novem -que deae ! (velitis)",43,6.0,5.0,0,0
P_Ovidius_Naso_Ars_Amatoria_Book_III,153,"quis dubitet , quin scire velim saltare puellam , ut moveat posito brachia iussa mero ?",40,8.0,1.0,3,3
P_Ovidius_Naso_Ars_Amatoria_Book_III,154,"artifices lateris , scenae spectacula , amantur : tantum mobilitas illa decoris habet .",34,7.0,4.0,2,2
P_Ovidius_Naso_Ars_Amatoria_Book_III,155,"parva monere pudet , talorum dicere iactus ut sciat , et vires , tessera missa , tuas : et modo tres iactet numeros , modo cogitet , apte quam subeat partem callida , quam -que vocet .",54,13.0,1.0,6,3
P_Ovidius_Naso_Ars_Amatoria_Book_III,156,"cauta -que non stulte latronum proelia ludat , unus cum gemino calculus hoste perit , bellator -que sua prensus sine compare bellat , aemulus et coeptum saepe recurrit iter .",30,8.0,0.0,4,3
P_Ovidius_Naso_Ars_Amatoria_Book_III,157,"reticulo -que pilae leves fundantur aperto , ne -c , ni -si quam tolles , ulla movenda pila est . (movetur)",30,8.0,0.0,3,5
P_Ovidius_Naso_Ars_Amatoria_Book_III,158,"est genus , in totidem tenui ratione redactum scriptula , quot menses lubricus annus habet : parva tabella capit ternos utrimque lapillos , in qua vicisse est continuasse suos .",34,13.0,6.0,4,1
P_Ovidius_Naso_Ars_Amatoria_Book_III,159,mille facesse iocos ; turpe est nescire puellam ludere : ludendo saepe paratur amor .,40,6.0,0.0,3,2
P_Ovidius_Naso_Ars_Amatoria_Book_III,16,"quantum in te , Theseu , volucres Ariadna marinas pavit , in ignoto sola relicta loco !",40,9.0,5.0,1,3
P_Ovidius_Naso_Ars_Amatoria_Book_III,160,sed minimus labor est sapienter iactibus uti : maius opus mores composuisse suos . (est),40,7.0,0.0,1,1
P_Ovidius_Naso_Ars_Amatoria_Book_III,161,"tum sumus incauti , studio -que aperimur in ipso , nuda -que per lusus pectora nostra patent ; ira subit , deforme malum , lucri -que cupido , iurgia -que et rixae sollicitus -que dolor : crimina dicuntur , resonat clamoribus aether , invocat iratos et sibi quisque deos : nulla fides , tabulae -que novae per vota petuntur ; et lacrimis vidi saepe madere genas . (est)",48,16.0,11.0,9,3
P_Ovidius_Naso_Ars_Amatoria_Book_III,162,"Iuppiter a vobis tam turpia crimina pellat , in quibus est ulli cura placere viro .",40,9.0,5.0,2,3
P_Ovidius_Naso_Ars_Amatoria_Book_III,163,hos ignava iocos tribuit natura puellis ; materia ludunt uberiore viri .,15,7.0,5.0,2,1
P_Ovidius_Naso_Ars_Amatoria_Book_III,164,sunt illis celeres -que pilae iaculum -que trochi -que arma -que et in gyros ire coactus equus .,32,8.0,2.0,1,1
P_Ovidius_Naso_Ars_Amatoria_Book_III,165,"ne -c vos Campus habet , ne -c vos gelidissima Virgo , ne -c Tuscus placida devehit amnis aqua . (habet)",16,7.0,0.0,2,1
P_Ovidius_Naso_Ars_Amatoria_Book_III,166,"at licet et prodest Pompeias ire per umbras , Virginis aetheriis cum caput ardet equis ; visite laurigero sacrata Palatia Phoebo : ille Paraetonicas mersit in alta rates ; quae -que soror coniunx -que ducis monimenta pararunt , navali -que gener cinctus honore caput ; visite turicremas vaccae Memphitidos aras , visite conspicuis terna theatra locis ; spectentur tepido maculosae sanguine harenae , meta -que ferventi circueunda rota . (spectetur)",52,19.0,0.0,9,4
P_Ovidius_Naso_Ars_Amatoria_Book_III,167,"quod latet , ignotum est : ignoti nulla cupido : fructus abest , facies cum bona teste caret . (est)",48,11.0,1.0,4,1
P_Ovidius_Naso_Ars_Amatoria_Book_III,168,"tu licet et Thamyram superes et Amoebea cantu , non erit ignotae gratia magna lyrae .",49,7.0,2.0,3,5
P_Ovidius_Naso_Ars_Amatoria_Book_III,169,"si Venerem Cous nusquam posuisset Apelles , mersa sub aequoreis illa lateret aquis .",48,9.0,5.0,2,6
P_Ovidius_Naso_Ars_Amatoria_Book_III,17,"quaere , novem cur una viae dicantur , et audi depositis silvas Phyllida flesse comis .",18,9.0,4.0,3,4
P_Ovidius_Naso_Ars_Amatoria_Book_III,170,"quid petitur sacris , ni -si tantum fama , poetis ? (petitur)",40,5.0,2.0,1,2
P_Ovidius_Naso_Ars_Amatoria_Book_III,171,hoc votum nostri summa laboris habet .,46,5.0,1.0,1,1
P_Ovidius_Naso_Ars_Amatoria_Book_III,172,cura deum fuerant olim regum -que poetae : praemia -que antiqui magna tulere chori .,47,7.0,3.0,2,4
P_Ovidius_Naso_Ars_Amatoria_Book_III,173,"sancta -que maiestas et erat venerabile nomen vatibus , et largae saepe dabantur opes .",11,7.0,0.0,2,3
P_Ovidius_Naso_Ars_Amatoria_Book_III,174,"Ennius emeruit , Calabris in montibus ortus , contiguus poni , Scipio magne , tibi .",36,9.0,3.0,1,3
P_Ovidius_Naso_Ars_Amatoria_Book_III,175,"nunc ederae sine honore iacent , operata -que doctis cura vigil Musis nomen inertis habet .",43,8.0,3.0,2,1
P_Ovidius_Naso_Ars_Amatoria_Book_III,176,"sed famae vigilare iuvat : quis nosset Homerum , Ilias aeternum si latuisset opus ? [ ]",48,8.0,0.0,3,6
P_Ovidius_Naso_Ars_Amatoria_Book_III,177,"quis Danaën nosset , si semper clusa fuisset , in -que sua turri perlatuisset anus ?",48,7.0,1.0,3,6
P_Ovidius_Naso_Ars_Amatoria_Book_III,178,"utilis est vobis , formosae , turba , puellae .",22,6.0,3.0,1,1
P_Ovidius_Naso_Ars_Amatoria_Book_III,179,saepe vagos ultra limina ferte pedes .,49,4.0,2.0,1,2
P_Ovidius_Naso_Ars_Amatoria_Book_III,18,"et famam pietatis habet , tamen hospes et ensem praebuit et causam mortis , Elissa , tuae .",53,9.0,0.0,2,3
P_Ovidius_Naso_Ars_Amatoria_Book_III,180,"ad multas lupa tendit oves , praedetur ut unam , et Iovis in multas devolat ales aves .",41,8.0,4.0,3,4
P_Ovidius_Naso_Ars_Amatoria_Book_III,181,"se quoque det populo mulier speciosa videndam : quem trahat , e multis forsitan unus erit .",47,9.0,5.0,3,5
P_Ovidius_Naso_Ars_Amatoria_Book_III,182,"omnibus illa locis maneat studiosa placendi , et curam tota mente decoris agat .",44,7.0,3.0,2,3
P_Ovidius_Naso_Ars_Amatoria_Book_III,183,"casus ubique valet ; semper tibi pendeat hamus : quo minime credas gurgite , piscis erit . (futurum esse piscem)",33,9.0,4.0,4,5
P_Ovidius_Naso_Ars_Amatoria_Book_III,184,"saepe canes frustra nemorosis montibus errant , in -que plagam nullo cervus agente venit .",19,6.0,3.0,2,1
P_Ovidius_Naso_Ars_Amatoria_Book_III,185,"quid minus Andromedae fuerat sperare revinctae , quam lacrimas ulli posse placere suas ? (sperare fuerat)",40,8.0,3.0,1,4
P_Ovidius_Naso_Ars_Amatoria_Book_III,186,funere saepe viri vir quaeritur ; ire solutis crinibus et fletus non tenuisse decet .,28,8.0,1.0,2,2
P_Ovidius_Naso_Ars_Amatoria_Book_III,187,"sed vitate viros cultum formam -que professos , qui -que suas ponunt in statione comas .",41,7.0,5.0,2,2
P_Ovidius_Naso_Ars_Amatoria_Book_III,188,"quae vobis dicunt , dixerunt mille puellis : errat et in nulla sede moratur amor .",13,8.0,5.0,4,3
P_Ovidius_Naso_Ars_Amatoria_Book_III,189,"femina quid faciat , cum sit vir levior ipsa , forsitan et plures possit habere viros ?",40,7.0,1.0,3,3
P_Ovidius_Naso_Ars_Amatoria_Book_III,19,"quid vos perdiderit , dicam ?",40,2.0,0.0,2,5
P_Ovidius_Naso_Ars_Amatoria_Book_III,190,"vix mihi credetis , sed credite : Troia maneret , praeceptis Priamo si foret usa satae .",40,9.0,2.0,4,5
P_Ovidius_Naso_Ars_Amatoria_Book_III,191,"sunt qui mendaci specie grassentur amoris , per -que aditus talis lucra pudenda petant .",22,7.0,0.0,3,4
P_Ovidius_Naso_Ars_Amatoria_Book_III,192,"ne -c coma vos fallat liquido nitidissima nardo , ne -c brevis in rugas lingula pressa suas : ne -c toga decipiat filo tenuissima , ne -c si anulus in digitis alter et alter erit . (fallat) (decipiat)",29,14.0,0.0,3,5
P_Ovidius_Naso_Ars_Amatoria_Book_III,193,"forsitan ex horum numero cultissimus ille fur sit , et uratur vestis amore tuae .",39,10.0,4.0,2,4
P_Ovidius_Naso_Ars_Amatoria_Book_III,194,"' redde meum ! ' clamant spoliatae saepe puellae , ' redde meum ! ' toto voce boante foro .",13,7.0,2.0,3,2
P_Ovidius_Naso_Ars_Amatoria_Book_III,195,"has , Venus , e templis multo radiantibus auro lenta vides lites Appiades -que tuae . (vident lites)",41,9.0,3.0,1,1
P_Ovidius_Naso_Ars_Amatoria_Book_III,196,sunt quoque non dubia quaedam mala nomina fama : deceptae multi crimen amantis habent .,30,8.0,2.0,2,1
P_Ovidius_Naso_Ars_Amatoria_Book_III,197,discite ab alterius vestras timuisse querellis ; ianua fallaci ne sit aperta viro .,29,7.0,4.0,2,3
P_Ovidius_Naso_Ars_Amatoria_Book_III,198,"parcite , Cecropides , iuranti credere Theseo : quos faciet testes , fecit et ante , deos .",42,9.0,1.0,3,5
P_Ovidius_Naso_Ars_Amatoria_Book_III,199,"et tibi , Demophoon , Theseï criminis heres , Phyllide decepta nulla relicta fides .",13,7.0,0.0,0,0
P_Ovidius_Naso_Ars_Amatoria_Book_III,2,"ite in bella pares ; vincant , quibus alma Dione faverit et toto qui volat orbe puer .",27,10.0,4.0,4,5
P_Ovidius_Naso_Ars_Amatoria_Book_III,20,nescistis amare : defuit ars vobis ; arte perennat amor .,43,5.0,5.0,3,3
P_Ovidius_Naso_Ars_Amatoria_Book_III,200,"si bene promittent , totidem promittite verbis : si dederint , et vos gaudia pacta date .",17,8.0,4.0,4,6
P_Ovidius_Naso_Ars_Amatoria_Book_III,201,"illa potest vigiles flammas extinguere Vestae , et rapere e templis , Inachi , sacra tuis , et dare mixta viro tritis aconita cicutis , accepto venerem munere si -qua negat .",46,11.0,6.0,2,1
P_Ovidius_Naso_Ars_Amatoria_Book_III,202,"fert animus propius consistere : supprime habenas , Musa , ne -c admissis excutiare rotis .",32,8.0,5.0,3,4
P_Ovidius_Naso_Ars_Amatoria_Book_III,203,verba vadum temptent abiegnis scripta tabellis : accipiat missas apta ministra notas .,10,8.0,3.0,2,3
P_Ovidius_Naso_Ars_Amatoria_Book_III,204,"inspice : quod -que leges , ex ipsis collige verbis , fingat , an ex animo sollicitus -que roget . (is)",33,10.0,4.0,5,5
P_Ovidius_Naso_Ars_Amatoria_Book_III,205,"post -que brevem rescribe moram : mora semper amantes incitat , exiguum si modo tempus habet .",51,9.0,0.0,3,2
P_Ovidius_Naso_Ars_Amatoria_Book_III,206,"sed ne -que te facilem iuveni promitte roganti , ne -c tamen e duro quod petit ille nega .",41,6.0,0.0,3,2
P_Ovidius_Naso_Ars_Amatoria_Book_III,207,"fac timeat speret -que simul , quotiens -que remittes , spes -que magis veniat certa minor -que metus .",46,7.0,0.0,5,5
P_Ovidius_Naso_Ars_Amatoria_Book_III,208,"munda , sed e medio consueta -que verba , puellae , scribite : sermonis publica forma placet ; A ! quotiens dubius scriptis exarsit amator , et nocuit formae barbara lingua bonae !",30,12.0,6.0,4,3
P_Ovidius_Naso_Ars_Amatoria_Book_III,209,"sed quoniam , quamvis vittae careatis honore , est vobis vestros fallere cura viros , ancillae pueri -que manu perarate tabellas , pignora ne -c iuveni credite vestra novo .",43,10.0,0.0,4,3
P_Ovidius_Naso_Ars_Amatoria_Book_III,21,"nunc quoque nescirent : sed me Cytherea docere iussit , et ante oculos constitit ipsa meos .",39,8.0,5.0,3,4
P_Ovidius_Naso_Ars_Amatoria_Book_III,210,"perfidus ille quidem , qui talia pignora servat , sed tamen Aetnaei fulminis instar habent . (est)",44,9.0,0.0,2,1
P_Ovidius_Naso_Ars_Amatoria_Book_III,211,vidi ego pallentes isto terrore puellas servitium miseras tempus in omne pati . [ ],36,8.0,4.0,1,3
P_Ovidius_Naso_Ars_Amatoria_Book_III,212,"iudice me fraus est concessa repellere fraudem , arma -que in armatos sumere iura sinunt .",25,8.0,3.0,2,1
P_Ovidius_Naso_Ars_Amatoria_Book_III,213,"ducere consuescat multas manus una figuras , ( A ! pereant , per quos ista monenda mihi ) ne -c ni -si deletis tutum rescribere ceris , ne teneat geminas una tabella manus . (est) (rescribitis)",51,15.0,2.0,3,3
P_Ovidius_Naso_Ars_Amatoria_Book_III,214,"femina dicatur scribenti semper amator : illa sit in vestris , qui fuit ille , notis .",11,6.0,4.0,3,4
P_Ovidius_Naso_Ars_Amatoria_Book_III,215,"si licet a parvis animum ad maiora referre , plena -que curvato pandere vela sinu , pertinet ad faciem rabidos compescere mores : candida pax homines , trux decet ira feras . (decet)",49,13.0,4.0,3,1
P_Ovidius_Naso_Ars_Amatoria_Book_III,216,ora tument ira : nigrescunt sanguine venae : lumina Gorgoneo saevius igne micant .,35,6.0,2.0,3,1
P_Ovidius_Naso_Ars_Amatoria_Book_III,217,"' I procul hinc , ' dixit ' non es mihi , tibia , tanti , ' ut vidit vultus Pallas in amne suos .",29,11.0,1.0,4,3
P_Ovidius_Naso_Ars_Amatoria_Book_III,218,"vos quoque si media speculum spectetis in ira , cognoscat faciem vix satis ulla suam .",27,7.0,2.0,2,3
P_Ovidius_Naso_Ars_Amatoria_Book_III,219,ne -c minus in vultu damnosa superbia vestro : comibus est oculis alliciendus amor . (est),20,8.0,3.0,1,1
P_Ovidius_Naso_Ars_Amatoria_Book_III,22,tum mihi ' quid miserae ' dixit ' meruere puellae ? traditur armatis vulgus inerme viris . [ ],46,6.0,4.0,3,3
P_Ovidius_Naso_Ars_Amatoria_Book_III,220,odimus inmodicos ( experto credite ) fastus : saepe tacens odii semina vultus habet .,54,9.0,6.0,3,3
P_Ovidius_Naso_Ars_Amatoria_Book_III,221,"spectantem specta , ridenti mollia ride : innuet , acceptas tu quoque redde notas .",51,8.0,3.0,4,5
P_Ovidius_Naso_Ars_Amatoria_Book_III,222,"sic ubi prolusit , rudibus puer ille relictis spicula de pharetra promit acuta sua .",19,6.0,3.0,2,3
P_Ovidius_Naso_Ars_Amatoria_Book_III,223,odimus et maestas : Tecmessam diligat Aiax ; nos hilarem populum femina laeta capit . [ ],54,8.0,7.0,3,3
P_Ovidius_Naso_Ars_Amatoria_Book_III,224,"numquam ego te , Andromache , ne -c te , Tecmessa , rogarem , ut mea de vobis altera amica foret . (rogarem)",29,9.0,1.0,2,4
P_Ovidius_Naso_Ars_Amatoria_Book_III,225,"credere vix videor , cum cogar credere partu , vos ego cum vestris concubuisse viris .",32,8.0,5.0,2,4
P_Ovidius_Naso_Ars_Amatoria_Book_III,226,scilicet Aiaci mulier maestissima dixit ' Lux mea ' quae -que solent verba iuvare viros ?,50,6.0,4.0,2,3
P_Ovidius_Naso_Ars_Amatoria_Book_III,227,"quis vetat a magnis ad res exempla minores sumere , ne -c nomen pertimuisse ducis ?",40,8.0,4.0,1,1
P_Ovidius_Naso_Ars_Amatoria_Book_III,228,"dux bonus huic centum commisit vite regendos , huic equites , illi signa tuenda dedit : vos quoque , de nobis quem quisque erit aptus ad usum , inspicite , et certo ponite quemque loco . (commisit)",53,11.0,3.0,5,5
P_Ovidius_Naso_Ars_Amatoria_Book_III,229,"munera det dives : ius qui profitebitur , adsit : facundus causam saepe clientis agat : carmina qui facimus , mittamus carmina tantum : hic chorus ante alios aptus amare sumus .",50,12.0,4.0,7,5
P_Ovidius_Naso_Ars_Amatoria_Book_III,23,illos artifices gemini fecere libelli : haec quoque pars monitis erudienda tuis .,26,6.0,3.0,1,3
P_Ovidius_Naso_Ars_Amatoria_Book_III,230,"nos facimus placitae late praeconia formae : nomen habet Nemesis , Cynthia nomen habet : Vesper et Eoae novere Lycorida terrae : et multi , quae sit nostra Corinna , rogant .",22,10.0,2.0,6,3
P_Ovidius_Naso_Ars_Amatoria_Book_III,231,"adde , quod insidiae sacris a vatibus absunt , et facit ad mores ars quoque nostra suos .",43,8.0,1.0,3,2
P_Ovidius_Naso_Ars_Amatoria_Book_III,232,"ne -c nos ambitio , ne -c amor nos tangit habendi : contempto colitur lectus et umbra foro . (tangit)",42,9.0,0.0,2,2
P_Ovidius_Naso_Ars_Amatoria_Book_III,233,"sed facile haeremus , valido -que perurimur aestu , et nimium certa scimus amare fide .",49,9.0,0.0,3,2
P_Ovidius_Naso_Ars_Amatoria_Book_III,234,"scilicet ingenium placida mollitur ab arte , et studio mores convenienter eunt .",43,6.0,2.0,2,2
P_Ovidius_Naso_Ars_Amatoria_Book_III,235,"vatibus Aoniis faciles estote , puellae : numen inest illis , Pierides -que favent .",23,8.0,5.0,3,3
P_Ovidius_Naso_Ars_Amatoria_Book_III,236,"est deus in nobis , et sunt commercia caeli : sedibus aetheriis spiritus ille venit .",12,10.0,7.0,3,1
P_Ovidius_Naso_Ars_Amatoria_Book_III,237,a doctis pretium scelus est sperare poetis ; me miserum ! scelus hoc nulla puella timet .,47,9.0,1.0,2,1
P_Ovidius_Naso_Ars_Amatoria_Book_III,238,"dissimulate tamen , ne -c prima fronte rapaces este : novus viso casse resistet amans .",17,7.0,3.0,3,5
P_Ovidius_Naso_Ars_Amatoria_Book_III,239,"sed ne -que vector equum , qui nuper sensit habenas , comparibus frenis artificem -que reget , ne -c stabiles animos annis viridem -que iuventam ut capias , idem limes agendus erit .",31,12.0,0.0,4,5
P_Ovidius_Naso_Ars_Amatoria_Book_III,24,"probra Therapnaeae qui dixerat ante maritae , mox cecinit laudes prosperiore lyra .",40,6.0,2.0,2,4
P_Ovidius_Naso_Ars_Amatoria_Book_III,240,"hic rudis et castris nunc primum notus amoris , qui tetigit thalamos praeda novella tuos , te solam norit , tibi semper inhaereat uni : cingenda est altis saepibus ista seges . (est) [ ] (qui)",46,13.0,10.0,4,5
P_Ovidius_Naso_Ars_Amatoria_Book_III,241,"effuge rivalem : vinces , dum sola tenebis ; non bene cum sociis regna Venus -que manent .",28,9.0,2.0,4,5
P_Ovidius_Naso_Ars_Amatoria_Book_III,242,"ille vetus miles sensim et sapienter amabit , multa -que tironi non patienda feret : ne -c franget postes , ne -c saevis ignibus uret , ne -c dominae teneras adpetet ungue genas , ne -c scindet tunicas -ve suas tunicas -ve puellae , ne -c raptus flendi causa capillus erit .",50,10.0,7.0,7,5
P_Ovidius_Naso_Ars_Amatoria_Book_III,243,ista decent pueros aetate et amore calentes ; hic fera composita vulnera mente feret .,49,8.0,3.0,2,5
P_Ovidius_Naso_Ars_Amatoria_Book_III,244,"ignibus heu lentis uretur , ut umida faena , ut modo montanis silva recisa iugis . (urentur) (uretur)",29,10.0,4.0,1,5
P_Ovidius_Naso_Ars_Amatoria_Book_III,245,"certior hic amor est : brevis et fecundior ille ; quae fugiunt , celeri carpite poma manu . (est)",42,10.0,4.0,3,2
P_Ovidius_Naso_Ars_Amatoria_Book_III,246,omnia tradantur : portas reseravimus hosti ; et sit in infida proditione fides .,11,7.0,4.0,3,4
P_Ovidius_Naso_Ars_Amatoria_Book_III,247,"quod datur ex facili , longum male nutrit amorem : miscenda est laetis rara repulsa iocis .",20,7.0,3.0,3,2
P_Ovidius_Naso_Ars_Amatoria_Book_III,248,"ante fores iaceat , ' crudelis ianua ! ' dicat , multa -que summisse , multa minanter agat . (agat)",24,7.0,3.0,3,3
P_Ovidius_Naso_Ars_Amatoria_Book_III,249,"dulcia non ferimus : suco renovemur amaro ; saepe perit ventis obruta cumba suis ; hoc est , uxores quod non patiatur amari : conveniunt illas , cum voluere , viri ; adde forem , et duro dicat tibi ianitor ore ' non potes , ' exclusum te quoque tanget amor .",42,17.0,12.0,11,5
P_Ovidius_Naso_Ars_Amatoria_Book_III,25,"si bene te novi ( cultas ne laede puellas ! ) gratia , dum vives , ista petenda tibi est . '",13,9.0,5.0,4,5
P_Ovidius_Naso_Ars_Amatoria_Book_III,250,"ponite iam gladios hebetes : pugnetur acutis ; ne -c dubito , telis quin petar ipse meis . (gladiis)",35,13.0,5.0,4,5
P_Ovidius_Naso_Ars_Amatoria_Book_III,251,"dum cadit in laqueos captus quoque nuper amator , solum se thalamos speret habere tuos .",30,8.0,5.0,2,3
P_Ovidius_Naso_Ars_Amatoria_Book_III,252,"postmodo rivalem partita -que foedera lecti sentiat : has artes tolle , senescet amor .",43,8.0,4.0,3,5
P_Ovidius_Naso_Ars_Amatoria_Book_III,253,"tum bene fortis equus reserato carcere currit , cum quos praetereat quos -que sequatur habet .",48,8.0,2.0,4,4
P_Ovidius_Naso_Ars_Amatoria_Book_III,254,"quamlibet extinctos iniuria suscitat ignes : en , ego ( confiteor ! ) non ni -si laesus amo .",18,8.0,1.0,3,2
P_Ovidius_Naso_Ars_Amatoria_Book_III,255,"causa tamen nimium non sit manifesta doloris , plura -que sollicitus , quam sciet , esse putet .",50,9.0,2.0,3,5
P_Ovidius_Naso_Ars_Amatoria_Book_III,256,"incitat et ficti tristis custodia servi , et nimium duri cura molesta viri .",51,7.0,4.0,1,1
P_Ovidius_Naso_Ars_Amatoria_Book_III,257,"quae venit ex tuto , minus est accepta voluptas : ut sis liberior Thaide , finge metus .",53,10.0,5.0,4,3
P_Ovidius_Naso_Ars_Amatoria_Book_III,258,"cum melius foribus possis , admitte fenestra , in -que tuo vultu signa timentis habe . (admittere)",28,10.0,1.0,3,3
P_Ovidius_Naso_Ars_Amatoria_Book_III,259,callida prosiliat dicat -que ancilla ' perimus ! ',30,5.0,3.0,3,3
P_Ovidius_Naso_Ars_Amatoria_Book_III,26,"dixit , et e myrto ( myrto nam vincta capillos constiterat ) folium grana -que pauca dedit ; sensimus acceptis numen quoque : purior aether fulsit , et e toto pectore cessit onus .",45,14.0,8.0,6,4
P_Ovidius_Naso_Ars_Amatoria_Book_III,260,tu iuvenem trepidum quolibet abde loco .,14,4.0,2.0,1,2
P_Ovidius_Naso_Ars_Amatoria_Book_III,261,"admiscenda tamen venus est secura timori , ne tanti noctes non putet esse tuas .",47,7.0,2.0,2,3
P_Ovidius_Naso_Ars_Amatoria_Book_III,262,"qua vafer eludi possit ratione maritus , qua -que vigil custos , praeteriturus eram . (eludi possit) (ratione)",24,6.0,1.0,2,3
P_Ovidius_Naso_Ars_Amatoria_Book_III,263,"nupta virum timeat : rata sit custodia nuptae ; hoc decet , hoc leges ius -que pudor -que iubent .",43,11.0,8.0,4,3
P_Ovidius_Naso_Ars_Amatoria_Book_III,264,"te quoque servari , modo quam vindicta redemit , quis ferat ?",40,5.0,1.0,2,3
P_Ovidius_Naso_Ars_Amatoria_Book_III,265,"ut fallas , ad mea sacra veni !",29,6.0,3.0,2,3
P_Ovidius_Naso_Ars_Amatoria_Book_III,266,"tot licet observent ( adsit modo certa voluntas ) , quot fuerant Argo lumina , verba dabis . (lumina)",49,9.0,6.0,5,5
P_Ovidius_Naso_Ars_Amatoria_Book_III,267,"scilicet obstabit custos , ne scribere possis , sumendae detur cum tibi tempus aquae ?",28,8.0,3.0,3,5
P_Ovidius_Naso_Ars_Amatoria_Book_III,268,"conscia cum possit scriptas portare tabellas , quas tegat in tepido fascia lata sinu ? (scilicet obstabit custos)",28,10.0,1.0,2,3
P_Ovidius_Naso_Ars_Amatoria_Book_III,269,"cum possit sura chartas celare ligatas , et vincto blandas sub pede ferre notas ? (scilicet obstabit custos)",36,8.0,5.0,1,3
P_Ovidius_Naso_Ars_Amatoria_Book_III,27,"dum facit ingenium , petite hinc praecepta , puellae , quas pudor et leges et sua iura sinunt .",43,9.0,6.0,3,2
P_Ovidius_Naso_Ars_Amatoria_Book_III,270,"caverit haec custos , pro charta conscia tergum praebeat , in -que suo corpore verba ferat . (si)",35,8.0,4.0,3,5
P_Ovidius_Naso_Ars_Amatoria_Book_III,271,"tuta quoque est fallit -que oculos e lacte recenti littera : carbonis pulvere tange , leges .",54,9.0,2.0,4,5
P_Ovidius_Naso_Ars_Amatoria_Book_III,272,"fallet et umiduli quae fiet acumine lini , ut ferat occultas pura tabella notas .",29,7.0,3.0,3,5
P_Ovidius_Naso_Ars_Amatoria_Book_III,273,adfuit Acrisio servandae cura puellae : hunc tamen illa suo crimine fecit avum .,17,7.0,3.0,2,3
P_Ovidius_Naso_Ars_Amatoria_Book_III,274,"quid faciat custos , cum sint tot in urbe theatra , cum spectet iunctos illa libenter equos , cum sedeat Phariae sistris operata iuvencae , quoque sui comites ire vetantur , eat , cum fuget a templis oculos Bona Diva virorum , praeter -quam si -quos illa venire iubet ?",40,14.0,7.0,8,3
P_Ovidius_Naso_Ars_Amatoria_Book_III,275,"cum , custode foris tunicas servante puellae , celent furtivos balnea multa iocos , cum , quotiens opus est , fallax aegrotet amica , et cedat lecto quamlibet aegra suo , nomine cum doceat , quid agamus , adultera clavis , quas -que petas non det ianua sola vias ? (quid faciat custos)",54,12.0,0.0,8,3
P_Ovidius_Naso_Ars_Amatoria_Book_III,276,"fallitur et multo custodis cura Lyaeo , illa vel Hispano lecta sit uva iugo ; sunt quoque , quae faciant altos medicamina somnos , victa -que Lethaea lumina nocte premant ; ne -c male deliciis odiosum conscia tardis detinet , et longa iungitur ipsa mora . (si)",44,13.0,0.0,7,3
P_Ovidius_Naso_Ars_Amatoria_Book_III,277,"quid iuvat ambages praecepta -que parva movere , cum minimo custos munere possit emi ?",46,9.0,1.0,2,3
P_Ovidius_Naso_Ars_Amatoria_Book_III,278,"munera , crede mihi , capiunt homines -que deos -que : placatur donis Iuppiter ipse datis .",46,10.0,6.0,3,2
P_Ovidius_Naso_Ars_Amatoria_Book_III,279,"quid sapiens faciet , stultus cum munere gaudet ?",46,4.0,1.0,2,5
P_Ovidius_Naso_Ars_Amatoria_Book_III,28,venturae memores iam nunc estote senectae : sic nullum vobis tempus abibit iners .,54,8.0,2.0,2,5
P_Ovidius_Naso_Ars_Amatoria_Book_III,280,ipse quoque accepto munere mutus erit .,46,3.0,2.0,1,5
P_Ovidius_Naso_Ars_Amatoria_Book_III,281,"sed semel est custos longum redimendus in aevum : saepe dabit , dederit quas semel ille manus .",51,8.0,0.0,3,5
P_Ovidius_Naso_Ars_Amatoria_Book_III,282,"questus eram , memini , metuendos esse sodales : non tangit solos ista querella viros .",50,7.0,4.0,3,3
P_Ovidius_Naso_Ars_Amatoria_Book_III,283,"credula si fueris , aliae tua gaudia carpent , et lepus hic aliis exagitatus erit .",42,6.0,3.0,3,6
P_Ovidius_Naso_Ars_Amatoria_Book_III,284,"haec quoque , quae praebet lectum studiosa locum -que crede mihi , me -cum non semel illa fuit . [ ]",51,10.0,1.0,3,3
P_Ovidius_Naso_Ars_Amatoria_Book_III,285,ne -c nimium vobis formosa ancilla ministret : saepe vicem dominae praebuit illa mihi .,13,7.0,0.0,2,3
P_Ovidius_Naso_Ars_Amatoria_Book_III,286,quo feror insanus ?,40,2.0,1.0,1,2
P_Ovidius_Naso_Ars_Amatoria_Book_III,287,"quid aperto pectore in hostem mittor , et indicio prodor ab ipse meo ?",43,7.0,3.0,2,2
P_Ovidius_Naso_Ars_Amatoria_Book_III,288,"non avis aucupibus monstrat , qua parte petatur : non docet infestos currere cerva canes .",41,7.0,3.0,3,4
P_Ovidius_Naso_Ars_Amatoria_Book_III,289,viderit utilitas : ego coepta fideliter edam : Lemniasin gladios in mea fata dabo .,43,8.0,6.0,3,5
P_Ovidius_Naso_Ars_Amatoria_Book_III,29,"dum licet , et vernos etiamnum educitis annos , ludite : eunt anni more fluentis aquae ; ne -c quae praeteriit , iterum revocabitur unda , ne -c quae praeteriit , hora redire potest .",49,12.0,6.0,8,5
P_Ovidius_Naso_Ars_Amatoria_Book_III,290,"efficite ( et facile est ) , ut nos credamus amari : prona venit cupidis in sua vota fides .",46,12.0,4.0,4,3
P_Ovidius_Naso_Ars_Amatoria_Book_III,291,"spectet amabilius iuvenem , suspiret ab imo femina , tam sero cur veniat -que roget : accedant lacrimae , dolor et de paelice fictus , et laniet digitis illius ora suis : iamdudum persuasus erit ; miserebitur ultro , et dicet ' cura carpitur ista mei . '",42,13.0,6.0,10,5
P_Ovidius_Naso_Ars_Amatoria_Book_III,292,"praecipue si cultus erit speculo -que placebit , posse suo tangi credet amore deas .",42,8.0,4.0,3,5
P_Ovidius_Naso_Ars_Amatoria_Book_III,293,"sed te , quaecumque est , moderate iniuria turbet , ne -c sis audita paelice mentis inops .",44,7.0,0.0,3,3
P_Ovidius_Naso_Ars_Amatoria_Book_III,294,"ne -c cito credideris : quantum cito credere laedat , exemplum vobis non leve Procris erit .",26,8.0,0.0,3,5
P_Ovidius_Naso_Ars_Amatoria_Book_III,295,"est prope purpureos colles florentis Hymetti fons sacer et viridi caespite mollis humus : silva nemus non alta facit ; tegit arbutus herbam , ros maris et lauri nigra -que myrtus olent : ne -c densum foliis buxum fragiles -que myricae , ne -c tenues cytisi culta -que pinus abest . (absunt)",51,12.0,5.0,5,1
P_Ovidius_Naso_Ars_Amatoria_Book_III,296,lenibus inpulsae zephyris aura -que salubri tot generum frondes herba -que summa tremit .,32,7.0,3.0,1,1
P_Ovidius_Naso_Ars_Amatoria_Book_III,297,"grata quies Cephalo : famulis canibus -que relictis lassus in hac iuvenis saepe resedit humo , ' quae ' que ' meos releves aestus , ' cantare solebat ' accipienda sinu , mobilis aura , veni . ' (est)",44,11.0,3.0,4,3
P_Ovidius_Naso_Ars_Amatoria_Book_III,298,"coniugis ad timidas aliquis male sedulus aures auditos memori detulit ore sonos ; Procris ut accepit nomen , quasi paelicis , aurae , excidit , et subito muta dolore fuit ; palluit , ut serae lectis de vite racemis pallescunt frondes , quas nova laesit hiemps , quae -que suos curvant matura cydonia ramos , corna -que adhuc nostris non satis apta cibis . (accepit nomen) (pallescunt)",49,16.0,3.0,8,3
P_Ovidius_Naso_Ars_Amatoria_Book_III,299,"ut rediit animus , tenues a pectore vestes rumpit , et indignas sauciat ungue genas ; ne -c mora , per medias passis furibunda capillis evolat , ut thyrso concita Baccha , vias . (est) (per medias passis furibunda capillis evolat)",43,10.0,4.0,4,3
P_Ovidius_Naso_Ars_Amatoria_Book_III,3,"non erat armatis aequum concurrere nudas ; sic etiam vobis vincere turpe , viri . (est)",40,7.0,6.0,1,2
P_Ovidius_Naso_Ars_Amatoria_Book_III,30,"utendum est aetate : cito pede labitur aetas , ne -c bona tam sequitur , quam bona prima fuit .",49,10.0,7.0,4,3
P_Ovidius_Naso_Ars_Amatoria_Book_III,300,"ut prope perventum , comites in valle relinquit , ipsa nemus tacito clam pede fortis init . (it)",32,7.0,4.0,2,1
P_Ovidius_Naso_Ars_Amatoria_Book_III,301,"quid tibi mentis erat , cum sic male sana lateres , Procri ?",48,7.0,2.0,2,4
P_Ovidius_Naso_Ars_Amatoria_Book_III,302,quis adtoniti pectoris ardor erat ?,43,4.0,1.0,1,2
P_Ovidius_Naso_Ars_Amatoria_Book_III,303,"iam iam venturam , quaecumque erat aura , putabas scilicet , atque oculis probra videnda tuis .",47,7.0,1.0,2,2
P_Ovidius_Naso_Ars_Amatoria_Book_III,304,"nunc venisse piget ( ne -que enim deprendere velles ) , nunc iuvat : incertus pectora versat amor .",43,10.0,4.0,4,4
P_Ovidius_Naso_Ars_Amatoria_Book_III,305,"credere quae iubeant , locus est et nomen et index , et quia mens semper quod timet , esse putat .",47,8.0,2.0,4,3
P_Ovidius_Naso_Ars_Amatoria_Book_III,306,"vidit ut oppressa vestigia corporis herba , pulsantur trepidi corde micante sinus .",53,7.0,2.0,2,3
P_Ovidius_Naso_Ars_Amatoria_Book_III,307,"iam -que dies medius tenues contraxerat umbras , in -que pari spatio vesper et ortus erant : ecce , redit Cephalus silvis , Cyllenia proles , ora -que fontana fervida pulsat aqua .",22,10.0,0.0,4,4
P_Ovidius_Naso_Ars_Amatoria_Book_III,308,"anxia , Procri , lates : solitas iacet ille per herbas , et ' zephyri molles aura -que ' dixit ' ades ! '",51,10.0,3.0,4,3
P_Ovidius_Naso_Ars_Amatoria_Book_III,309,"ut patuit miserae iucundus nominis error , et mens et rediit verus in ora color .",44,7.0,4.0,2,3
P_Ovidius_Naso_Ars_Amatoria_Book_III,31,"hos ego , qui canent , frutices violaria vidi : hac mihi de spina grata corona data est . [ ]",42,9.0,4.0,3,3
P_Ovidius_Naso_Ars_Amatoria_Book_III,310,"surgit , et oppositas agitato corpore frondes movit , in amplexus uxor itura viri : ille feram movisse ratus , iuvenaliter artus corripit , in dextra tela fuere manu .",35,12.0,5.0,4,3
P_Ovidius_Naso_Ars_Amatoria_Book_III,311,"quid facis , infelix ?",40,3.0,2.0,1,1
P_Ovidius_Naso_Ars_Amatoria_Book_III,312,"non est fera , supprime tela !",35,4.0,2.0,2,2
P_Ovidius_Naso_Ars_Amatoria_Book_III,313,me miserum ! iaculo fixa puella tuo est .,6,4.0,2.0,1,1
P_Ovidius_Naso_Ars_Amatoria_Book_III,314,' ei mihi ! ' conclamat ' fixisti pectus amicum .,43,4.0,0.0,2,3
P_Ovidius_Naso_Ars_Amatoria_Book_III,315,hic locus a Cephalo vulnera semper habet .,17,5.0,3.0,1,1
P_Ovidius_Naso_Ars_Amatoria_Book_III,316,"ante diem morior , sed nulla paelice laesa : hoc faciet positae te mihi , terra , levem .",36,10.0,7.0,2,5
P_Ovidius_Naso_Ars_Amatoria_Book_III,317,"nomine suspectas iam spiritus exit in auras : labor , eo , cara lumina conde manu ! '",30,9.0,3.0,4,2
P_Ovidius_Naso_Ars_Amatoria_Book_III,318,"ille sinu dominae morientia corpora maesto sustinet , et lacrimis vulnera saeva lavat : exit , et incauto paulatim pectore lapsus excipitur miseri spiritus ore viri .",50,10.0,3.0,4,2
P_Ovidius_Naso_Ars_Amatoria_Book_III,319,"sed repetamus opus : mihi nudis rebus eundum est , ut tangat portus fessa carina suos .",42,7.0,0.0,3,3
P_Ovidius_Naso_Ars_Amatoria_Book_III,32,"tempus erit , quo tu , quae nunc excludis amantes , frigida deserta nocte iacebis anus , ne -c tua frangetur nocturna ianua rixa , sparsa ne -c invenies limina mane rosa . [ ]",54,9.0,5.0,5,5
P_Ovidius_Naso_Ars_Amatoria_Book_III,320,"sollicite expectas , dum te in convivia ducam , et quaeris monitus hac quoque parte meos .",42,9.0,4.0,3,3
P_Ovidius_Naso_Ars_Amatoria_Book_III,321,"sera veni , posita -que decens incede lucerna : grata mora venies ; maxima lena mora est .",29,9.0,4.0,4,5
P_Ovidius_Naso_Ars_Amatoria_Book_III,322,"et -si turpis eris , formosa videbere potis , et latebras vitiis nox dabit ipsa tuis .",40,6.0,0.0,3,5
P_Ovidius_Naso_Ars_Amatoria_Book_III,323,carpe cibos digitis : est quiddam gestus edendi : ora ne -c immunda tota perungue manu .,42,10.0,7.0,3,2
P_Ovidius_Naso_Ars_Amatoria_Book_III,324,"ne -ve domi praesume dapes , sed desine citra quam capis ; es paulo quam potes esse minus ; Priamides Helenen avide si spectet edentem , oderit , et dicat ' stulta rapina mea est . '",54,13.0,0.0,9,5
P_Ovidius_Naso_Ars_Amatoria_Book_III,325,"aptius est , deceat -que magis potare puellas : cum Veneris puero non male , Bacche , facis .",53,7.0,2.0,3,3
P_Ovidius_Naso_Ars_Amatoria_Book_III,326,"hoc quoque , qua patiens caput est , animus -que pedes -que constant : ne -c , quae sunt singula , bina vide .",36,7.0,2.0,4,2
P_Ovidius_Naso_Ars_Amatoria_Book_III,327,turpe iacens mulier multo madefacta Lyaeo : digna est concubitus quoslibet illa pati .,47,9.0,4.0,1,1
P_Ovidius_Naso_Ars_Amatoria_Book_III,328,ne -c somnis posita tutum succumbere mensa : per somnos fieri multa pudenda solent . (est),51,8.0,4.0,1,1
P_Ovidius_Naso_Ars_Amatoria_Book_III,329,"ulteriora pudet docuisse : sed alma Dione ' praecipue nostrum est , quod pudet ' inquit ' opus . '",6,8.0,3.0,4,1
P_Ovidius_Naso_Ars_Amatoria_Book_III,33,"quam cito ( me miserum ! ) laxantur corpora rugis , et perit in nitido qui fuit ore color .",30,10.0,2.0,3,3
P_Ovidius_Naso_Ars_Amatoria_Book_III,330,nota sibi sit quaeque : modos a corpore certos sumite : non omnes una figura decet .,52,8.0,5.0,3,3
P_Ovidius_Naso_Ars_Amatoria_Book_III,331,"quae facie praesignis erit , resupina iaceto : spectentur tergo , quis sua terga placent .",35,9.0,4.0,4,5
P_Ovidius_Naso_Ars_Amatoria_Book_III,332,"Milanion umeris Atalantes crura ferebat : si bona sunt , hoc sunt accipienda modo .",52,7.0,5.0,3,2
P_Ovidius_Naso_Ars_Amatoria_Book_III,333,"parva vehatur equo : quod erat longissima , numquam Thebaïs Hectoreo nupta resedit equo .",30,7.0,6.0,3,4
P_Ovidius_Naso_Ars_Amatoria_Book_III,334,"strata premat genibus , paulum cervice reflexa , femina per longum conspicienda latus .",34,7.0,5.0,1,3
P_Ovidius_Naso_Ars_Amatoria_Book_III,335,"cui femur est iuvenale , carent quoque pectora menda , stet vir , in obliquo fusa sit ipsa toro .",43,7.0,4.0,4,3
P_Ovidius_Naso_Ars_Amatoria_Book_III,336,"ne -c tibi turpe puta crinem , ut Phylleïa mater , solvere , et effusis colla reflecte comis . (crinem solvit)",47,9.0,0.0,2,2
P_Ovidius_Naso_Ars_Amatoria_Book_III,337,"tu quoque , cui rugis uterum Lucina notavit , ut celer aversis utere Parthus equis . (aversis equis utitur)",44,7.0,3.0,2,5
P_Ovidius_Naso_Ars_Amatoria_Book_III,338,"mille modi veneris ; simplex minimi -que laboris , cum iacet in dextrum semisupina latus . (sunt) (modus est)",52,9.0,0.0,1,1
P_Ovidius_Naso_Ars_Amatoria_Book_III,339,"sed ne -que Phoebei tripodes ne -c corniger Ammon vera magis vobis , quam mea Musa , canet : si -qua fides arti , quam longo fecimus usu , credite : praestabunt carmina nostra fidem . (est) (magis vera vobis canent) (vera vobis) (canet)",43,17.0,0.0,4,5
P_Ovidius_Naso_Ars_Amatoria_Book_III,34,"quas -que fuisse tibi canas a virgine iuras , spargentur subito per caput omne comae .",26,8.0,4.0,2,5
P_Ovidius_Naso_Ars_Amatoria_Book_III,340,"sentiat ex imis venerem resoluta medullis femina , et ex aequo res iuvet illa duos .",30,6.0,3.0,2,3
P_Ovidius_Naso_Ars_Amatoria_Book_III,341,"ne -c blandae voces iucunda -que murmura cessent , ne -c taceant mediis improba verba iocis .",45,8.0,0.0,2,3
P_Ovidius_Naso_Ars_Amatoria_Book_III,342,"tu quoque , cui veneris sensum natura negavit , dulcia mendaci gaudia finge sono .",41,6.0,4.0,2,3
P_Ovidius_Naso_Ars_Amatoria_Book_III,343,"infelix , cui torpet hebes locus ille , puella , quo pariter debent femina vir -que frui . (est)",41,7.0,1.0,2,1
P_Ovidius_Naso_Ars_Amatoria_Book_III,344,"tantum , cum finges , ne sis manifesta , caveto : effice per motum lumina -que ipsa fidem .",30,9.0,5.0,4,5
P_Ovidius_Naso_Ars_Amatoria_Book_III,345,"quam iuvet , et voces et anhelitus arguat oris ; A ! pudet , arcanas pars habet ista notas .",26,10.0,7.0,4,3
P_Ovidius_Naso_Ars_Amatoria_Book_III,346,"gaudia post Veneris quae poscet munus amantem , illa suas nolet pondus habere preces .",46,8.0,2.0,2,5
P_Ovidius_Naso_Ars_Amatoria_Book_III,347,ne -c lucem in thalamos totis admitte fenestris ; aptius in vestro corpore multa latent .,48,8.0,0.0,2,2
P_Ovidius_Naso_Ars_Amatoria_Book_III,348,"lusus habet finem : cygnis descendere tempus , duxerunt collo qui iuga nostra suo .",31,7.0,5.0,3,5
P_Ovidius_Naso_Ars_Amatoria_Book_III,349,"ut quondam iuvenes , ita nunc , mea turba , puellae inscribant spoliis ; Naso magister erat . "" (inscribebant spoliis Naso magister erat)",43,7.0,3.0,2,3
P_Ovidius_Naso_Ars_Amatoria_Book_III,35,"anguibus exuitur tenui cum pelle vetustas , ne -c faciunt cervos cornua iacta senes : nostra sine auxilio fugiunt bona ; carpite florem , qui , ni -si carptus erit , turpiter ipse cadet .",42,12.0,5.0,6,5
P_Ovidius_Naso_Ars_Amatoria_Book_III,36,"adde , quod et partus faciunt breviora iuventae tempora : continua messe senescit ager .",25,7.0,1.0,3,2
P_Ovidius_Naso_Ars_Amatoria_Book_III,37,"Latmius Endymion non est tibi , Luna , rubori , ne -c Cephalus roseae praeda pudenda deae . (est)",12,9.0,3.0,1,1
P_Ovidius_Naso_Ars_Amatoria_Book_III,38,"ut Veneri , quem luget adhuc , donetur Adonis : unde habet Aenean Harmoniam -que suos ?",42,7.0,3.0,3,4
P_Ovidius_Naso_Ars_Amatoria_Book_III,39,"ite per exemplum , genus o mortale , dearum , gaudia ne -c cupidis vestra negate viris .",41,8.0,5.0,2,2
P_Ovidius_Naso_Ars_Amatoria_Book_III,4,"dixerit e multis aliquis ' quid virus in angues adicis , et rabidae tradis ovile lupae ? '",49,7.0,4.0,3,5
P_Ovidius_Naso_Ars_Amatoria_Book_III,40,"ut iam decipiant , quid perditis ?",40,4.0,3.0,2,3
P_Ovidius_Naso_Ars_Amatoria_Book_III,41,"omnia constant ; mille licet sumant , deperit inde nihil .",49,6.0,4.0,4,3
P_Ovidius_Naso_Ars_Amatoria_Book_III,42,"conteritur ferrum , silices tenuantur ab usu : sufficit et damni pars caret illa metu .",32,8.0,2.0,4,2
P_Ovidius_Naso_Ars_Amatoria_Book_III,43,quis vetet adposito lumen de lumine sumi ?,40,5.0,2.0,1,3
P_Ovidius_Naso_Ars_Amatoria_Book_III,44,quis -ve cavo vastas in mare servet aquas ?,40,5.0,0.0,1,3
P_Ovidius_Naso_Ars_Amatoria_Book_III,45,et tamen ulla viro mulier ' non expedit ' inquit ?,47,4.0,0.0,2,1
P_Ovidius_Naso_Ars_Amatoria_Book_III,46,"quid , ni -si quam sumes , dic mihi , perdis aquam ?",40,6.0,1.0,3,5
P_Ovidius_Naso_Ars_Amatoria_Book_III,47,"ne -c vos prostituit mea vox , sed vana timere damna vetat : damnis munera vestra carent .",46,8.0,0.0,3,1
P_Ovidius_Naso_Ars_Amatoria_Book_III,48,"sed me flaminibus venti maioris iturum , dum sumus in portu , provehat aura levis .",27,9.0,0.0,2,3
P_Ovidius_Naso_Ars_Amatoria_Book_III,49,"ordior a cultu ; cultis bene Liber ab uvis provenit , et culto stat seges alta solo .",46,9.0,5.0,3,2
P_Ovidius_Naso_Ars_Amatoria_Book_III,5,parcite paucarum diffundere crimen in omnes ; spectetur meritis quaeque puella suis .,46,7.0,4.0,2,4
P_Ovidius_Naso_Ars_Amatoria_Book_III,50,forma dei munus : forma quota quaeque superbit ? (est),46,6.0,0.0,1,1
P_Ovidius_Naso_Ars_Amatoria_Book_III,51,pars vestrum tali munere magna caret .,46,4.0,2.0,1,1
P_Ovidius_Naso_Ars_Amatoria_Book_III,52,"cura dabit faciem ; facies neglecta peribit , Idaliae similis sit licet illa deae .",50,8.0,5.0,4,5
P_Ovidius_Naso_Ars_Amatoria_Book_III,53,"corpora si veteres non sic coluere puellae , ne -c veteres cultos sic habuere viros ; si fuit Andromache tunicas induta valentes , quid mirum ? (est)",40,10.0,5.0,3,3
P_Ovidius_Naso_Ars_Amatoria_Book_III,54,duri militis uxor erat .,14,3.0,0.0,1,2
P_Ovidius_Naso_Ars_Amatoria_Book_III,55,"scilicet Aiaci coniunx ornata venires , cui tegumen septem terga fuere boum ?",52,6.0,4.0,2,4
P_Ovidius_Naso_Ars_Amatoria_Book_III,56,"simplicitas rudis ante fuit : nunc aurea Roma est , et domiti magnas possidet orbis opes .",52,8.0,3.0,3,3
P_Ovidius_Naso_Ars_Amatoria_Book_III,57,"aspice quae nunc sunt Capitolia , quae -que fuerunt : alterius dices illa fuisse Iovis .",29,8.0,0.0,4,3
P_Ovidius_Naso_Ars_Amatoria_Book_III,58,"Curia , concilio quae nunc dignissima tanto , de stipula Tatio regna tenente fuit . (est)",16,7.0,5.0,1,3
P_Ovidius_Naso_Ars_Amatoria_Book_III,59,"quae nunc sub Phoebo ducibus -que Palatia fulgent , quid ni -si araturis pascua bubus erant ? (erant)",40,9.0,1.0,2,2
P_Ovidius_Naso_Ars_Amatoria_Book_III,6,"si minor Atrides Helenen , Helenes -que sororem quo premat Atrides crimine maior habet , si scelere Oeclides Talaioniae Eriphylae vivus et in vivis ad Styga venit equis , est pia Penelope lustris errante duobus et totidem lustris bella gerente viro . (habet)",47,13.0,3.0,4,3
P_Ovidius_Naso_Ars_Amatoria_Book_III,60,prisca iuvent alios : ego me nunc denique natum gratulor : haec aetas moribus apta meis . (est),49,8.0,6.0,2,3
P_Ovidius_Naso_Ars_Amatoria_Book_III,61,"non quia nunc terrae lentum subducitur aurum , lecta -que diverso litore concha venit : ne -c quia decrescunt effosso marmore montes , ne -c quia caeruleae mole fugantur aquae : sed quia cultus adest , ne -c nostros mansit in annos rusticitas , priscis illa superstes avis . (haec aetas moribus apta meis est) (haec aetas moribus apta meis est) (haec aetas moribus apta meis est) (haec aetas moribus apta meis est)",43,17.0,8.0,6,3
P_Ovidius_Naso_Ars_Amatoria_Book_III,62,"vos quoque ne -c caris aures onerate lapillis , quos legit in viridi decolor Indus aqua , ne -c prodite graves insuto vestibus auro , per quas nos petitis , saepe fugatis , opes .",45,11.0,5.0,5,2
P_Ovidius_Naso_Ars_Amatoria_Book_III,63,munditiis capimur : non sint sine lege capilli : admotae formam dant -que negant -que manus .,41,8.0,5.0,4,3
P_Ovidius_Naso_Ars_Amatoria_Book_III,64,"ne -c genus ornatus unum est : quod quamque decebit eligat , et speculum consulate ante suum .",14,8.0,0.0,4,5
P_Ovidius_Naso_Ars_Amatoria_Book_III,65,longa probat facies capitis discrimina puri : sic erat ornatis Laodamia comis .,52,7.0,4.0,2,2
P_Ovidius_Naso_Ars_Amatoria_Book_III,66,"exiguum summa nodum sibi fronte relinqui , ut pateant aures , ora rotunda volunt .",45,6.0,2.0,2,3
P_Ovidius_Naso_Ars_Amatoria_Book_III,67,"alterius crines umero iactentur utroque : talis es adsumpta , Phoebe canore , lyra .",40,7.0,5.0,2,4
P_Ovidius_Naso_Ars_Amatoria_Book_III,68,"altera succinctae religetur more Dianae , ut solet , attonitas cum petit illa feras .",40,9.0,1.0,3,4
P_Ovidius_Naso_Ars_Amatoria_Book_III,69,huic decet inflatos laxe iacuisse capillos : illa sit adstrictis impedienda comis ; hanc placet ornari testudine Cyllenea : sustineat similes fluctibus illa sinus .,52,10.0,5.0,4,3
P_Ovidius_Naso_Ars_Amatoria_Book_III,7,respice Phylaciden et quae comes isse marito fertur et ante annos occubuisse suos . [ ] (quae) (fertur),18,8.0,0.0,2,2
P_Ovidius_Naso_Ars_Amatoria_Book_III,70,"sed ne -que ramosa numerabis in ilice glandes , ne -c quot apes Hyblae , ne -c quot in Alpe ferae , ne -c mihi tot positus numero conprendere fas est : adicit ornatus proxima quaeque dies . (sunt) (sunt) (numerabis) (numerabis)",49,11.0,0.0,3,5
P_Ovidius_Naso_Ars_Amatoria_Book_III,71,et neglecta decet multas coma ; saepe iacere hesternam credas ; illa repexa modo est .,17,7.0,2.0,3,3
P_Ovidius_Naso_Ars_Amatoria_Book_III,72,"ars casum simulat ; sic capta vidit ut urbe Alcides Iolen , ' hanc ego ' dixit ' amo . '",45,7.0,4.0,4,3
P_Ovidius_Naso_Ars_Amatoria_Book_III,73,"talem te Bacchus Satyris clamantibus euhoe sustulit in currus , Cnosi relicta , suos .",30,6.0,4.0,1,3
P_Ovidius_Naso_Ars_Amatoria_Book_III,74,"O quantum indulget vestro natura decori , quarum sunt multis damna pianda modis !",52,5.0,3.0,2,1
P_Ovidius_Naso_Ars_Amatoria_Book_III,75,"nos male detegimur , rapti -que aetate capilli , ut Borea frondes excutiente , cadunt . (cadunt)",49,7.0,2.0,2,2
P_Ovidius_Naso_Ars_Amatoria_Book_III,76,"femina canitiem Germanis inficit herbis , et melior vero quaeritur arte color : femina procedit densissima crinibus emptis , pro -que suis alios efficit aere suos .",43,11.0,3.0,4,2
P_Ovidius_Naso_Ars_Amatoria_Book_III,77,ne -c rubor est emisse ; palam venire videmus Herculis ante oculos virgineum -que chorum .,30,8.0,0.0,2,1
P_Ovidius_Naso_Ars_Amatoria_Book_III,78,quid de veste loquar ?,40,3.0,3.0,1,4
P_Ovidius_Naso_Ars_Amatoria_Book_III,8,fata Pheretiadae coniunx Pagasaea redemit : pro -que viro est uxor funere lata viri .,43,7.0,3.0,2,3
P_Ovidius_Naso_Ars_Amatoria_Book_III,80,"cum tot prodierint pretio leviore colores , quis furor est census corpore ferre suos !",40,7.0,4.0,2,5
P_Ovidius_Naso_Ars_Amatoria_Book_III,81,"aëris , ecce , color , tum cum sine nubibus aër , ne -c tepidus pluvias concitat auster aquas : ecce , tibi similis , quae quondam Phrixon et Hellen diceris Inois eripuisse dolis ; hic undas imitatur , habet quoque nomen ab undis : crediderim nymphas hac ego veste tegi . (est) (est) (est)",50,17.0,9.0,5,5
P_Ovidius_Naso_Ars_Amatoria_Book_III,82,"ille crocum simulat : croceo velatur amictu , roscida luciferos cum dea iungit equos : hic Paphias myrtos , hic purpureas amethystos , albentes -ve rosas , Threïciam -ve gruem ; ne -c glandes , Amarylli , tuae , ne -c amygdala desunt ; et sua velleribus nomina cera dedit . (simulat) (simulat) (desunt)",45,12.0,3.0,5,3
P_Ovidius_Naso_Ars_Amatoria_Book_III,83,"quot nova terra parit flores , cum vere tepenti vitis agit gemmas pigra -que fugit hiemps , lana tot aut plures sucos bibit ; elige certos : nam non conveniens omnibus omnis erit .",34,17.0,6.0,6,5
P_Ovidius_Naso_Ars_Amatoria_Book_III,84,"pulla decent niveas : Briseïda pulla decebant : cum rapta est , pulla tum quoque veste fuit .",28,9.0,4.0,4,3
P_Ovidius_Naso_Ars_Amatoria_Book_III,85,"alba decent fuscas : albis , Cepheï , placebas : sic tibi vestitae pressa Seriphos erat .",12,8.0,6.0,3,2
P_Ovidius_Naso_Ars_Amatoria_Book_III,86,"quam paene admonui , ne trux caper iret in alas , ne -ve forent duris aspera crura pilis !",25,6.0,4.0,3,4
P_Ovidius_Naso_Ars_Amatoria_Book_III,87,"sed non Caucasea doceo de rupe puellas , quae -que bibant undas , Myse Caice , tuas .",15,8.0,0.0,2,3
P_Ovidius_Naso_Ars_Amatoria_Book_III,88,"quid si praecipiam ne fuscet inertia dentes , ora -que suscepta mane laventur aqua ? (est)",40,7.0,6.0,3,4
P_Ovidius_Naso_Ars_Amatoria_Book_III,89,"scitis et inducta candorem quaerere creta : sanguine quae vero non rubet , arte rubet .",43,8.0,2.0,3,1
P_Ovidius_Naso_Ars_Amatoria_Book_III,9,"' accipe me , Capaneu ! cineres miscebimus ' inquit Iphias , in medios desiluit -que rogos . [ ]",19,10.0,4.0,4,5
P_Ovidius_Naso_Ars_Amatoria_Book_III,90,"arte supercilii confinia nuda repletis , parva -que sinceras velat aluta genas .",43,6.0,1.0,2,1
P_Ovidius_Naso_Ars_Amatoria_Book_III,91,"ne -c pudor est oculos tenui signare favilla , vel prope te nato , lucide Cydne , croco . (signare oculos)",43,8.0,0.0,1,1
P_Ovidius_Naso_Ars_Amatoria_Book_III,92,"est mihi , quo dixi vestrae medicamina formae , parvus , sed cura grande , libellus , opus ; hinc quoque praesidium laesae petitote figurae ; non est pro vestris ars mea rebus iners .",43,14.0,8.0,4,3
P_Ovidius_Naso_Ars_Amatoria_Book_III,93,non tamen expositas mensa deprendat amator pyxidas : ars faciem dissimulata iuvat .,43,6.0,5.0,2,3
P_Ovidius_Naso_Ars_Amatoria_Book_III,94,"quem non offendat toto faex inlita vultu , cum fluit in tepidos pondere lapsa sinus ?",46,9.0,2.0,2,3
P_Ovidius_Naso_Ars_Amatoria_Book_III,95,oesypa quid redolent ?,40,2.0,1.0,1,1
P_Ovidius_Naso_Ars_Amatoria_Book_III,96,quamvis mittatur Athenis demptus ab inmundo vellere sucus ovis .,41,6.0,3.0,1,4
P_Ovidius_Naso_Ars_Amatoria_Book_III,97,"ne -c coram mixtas cervae sumpsisse medullas , ne -c coram dentes defricuisse probem ; ista dabunt formam , sed erunt deformia visu : multa -que , dum fiunt , turpia , facta placent ; quae nunc nomen habent operosi signa Myronis pondus iners quondam dura -que massa fuit ; anulus ut fiat , primo conliditur aurum ; quas geritis vestis , sordida lana fuit ; cum fieret , lapis asper erat : nunc , nobile signum , nuda Venus madidas exprimit imbre comas . (probem) (est)",44,16.0,0.0,13,5
P_Ovidius_Naso_Ars_Amatoria_Book_III,98,"tu quoque dum coleris , nos te dormire putemus ; aptius a summa conspiciere manu .",47,8.0,5.0,3,5
P_Ovidius_Naso_Ars_Amatoria_Book_III,99,cur mihi nota tuo causa est candoris in ore ?,50,7.0,3.0,1,1
P_Ovidius_Naso_Metamorphoseon_Libri_Book_13_13_1-13_122,1,"Consedere duces , et vulgi stante corona surgit ad hos clipei dominus septemplicis Aiax , ut -que erat impatiens irae , Sigeia torvo litora respexit classem -que in litore vultu intendens -que manus “ agimus , pro Iuppiter ! ” inquit [ ] “ ante rates causam , et me -cum confertur Ulixes !",50,10.0,6.0,7,3
P_Ovidius_Naso_Metamorphoseon_Libri_Book_13_13_1-13_122,10,sed demit honorem aemulus : (Aiax inquit),43,2.0,2.0,1,1
P_Ovidius_Naso_Metamorphoseon_Libri_Book_13_13_1-13_122,11,"Aiaci non est tenuisse superbum , sit licet hoc ingens , quidquid speravit Ulixes . (Aiax inquit)",51,7.0,1.0,4,3
P_Ovidius_Naso_Metamorphoseon_Libri_Book_13_13_1-13_122,12,"Iste tulit pretium iam nunc temptaminis huius , quod , cum victus erit , me -cum certasse feretur . (Aiax inquit)",28,8.0,3.0,3,5
P_Ovidius_Naso_Metamorphoseon_Libri_Book_13_13_1-13_122,13,"Atque ego , si virtus in me dubitabilis esset , nobilitate potens essem , Telamone creatus , moenia qui forti Troiana sub Hercule cepit litora -que intravit Pagasaea Colcha carina . (Aiax inquit)",35,13.0,0.0,4,4
P_Ovidius_Naso_Metamorphoseon_Libri_Book_13_13_1-13_122,14,"Aeacus huic pater est , qui iura silentibus illic reddit , ubi Aeoliden saxum grave Sisyphon urget . (Aiax inquit)",19,8.0,4.0,3,1
P_Ovidius_Naso_Metamorphoseon_Libri_Book_13_13_1-13_122,15,Aeacon agnoscit summus prolem -que fatetur Iuppiter esse suam : (Aiax inquit),38,6.0,2.0,2,2
P_Ovidius_Naso_Metamorphoseon_Libri_Book_13_13_1-13_122,16,sic a Iove tertius Aiax . (est) (Aiax inquit),9,4.0,3.0,0,0
P_Ovidius_Naso_Metamorphoseon_Libri_Book_13_13_1-13_122,17,"Ne -c tamen haec series in causam prosit , Achivi , si mihi cum magno non est communis Achille : (Aiax inquit)",50,8.0,0.0,2,3
P_Ovidius_Naso_Metamorphoseon_Libri_Book_13_13_1-13_122,18,"frater erat , fraterna peto ! (Aiax inquit)",12,4.0,2.0,2,2
P_Ovidius_Naso_Metamorphoseon_Libri_Book_13_13_1-13_122,19,Quid sanguine cretus Sisyphio furtis -que et fraude simillimus illi inseris Aeacidis alienae nomina gentis ? (Aiax inquit),50,7.0,3.0,1,1
P_Ovidius_Naso_Metamorphoseon_Libri_Book_13_13_1-13_122,2,"At non Hectoreis dubitavit cedere flammis , quas ego sustinui , quas hac a classe fugavi . (Aiax inquit)",47,8.0,0.0,3,3
P_Ovidius_Naso_Metamorphoseon_Libri_Book_13_13_1-13_122,20,"An quod in arma prior nullo -que sub indice veni , arma neganda mihi , potior -que videbitur ille , ultima qui cepit detrectavit -que furore militiam ficto , donec sollertior isto et sibi inutilior timidi commenta retexit Naupliades animi vitata -que traxit ad arma ? (esse) (Aiax inquit)",42,17.0,0.0,6,5
P_Ovidius_Naso_Metamorphoseon_Libri_Book_13_13_1-13_122,21,"Optima num sumat , quia sumere noluit ulla : (Aiax inquit)",43,5.0,1.0,2,3
P_Ovidius_Naso_Metamorphoseon_Libri_Book_13_13_1-13_122,22,"nos inhonorati et donis patruelibus orbi , obtulimus quia nos ad prima pericula , simus ? (Aiax inquit)",46,9.0,4.0,2,3
P_Ovidius_Naso_Metamorphoseon_Libri_Book_13_13_1-13_122,23,"Atque utinam aut verus furor ille , aut creditus esset , ne -c comes hic Phrygias umquam venisset ad arces hortator scelerum . [ ] (Aiax inquit)",47,7.0,0.0,2,6
P_Ovidius_Naso_Metamorphoseon_Libri_Book_13_13_1-13_122,24,"Non te , Poeantia proles , expositum Lemnos nostro cum crimine haberet ! (Aiax inquit)",28,5.0,2.0,1,4
P_Ovidius_Naso_Metamorphoseon_Libri_Book_13_13_1-13_122,25,"Qui nunc , ut memorant , silvestribus abditus antris saxa moves gemitu Laertiadae -que precaris quae meruit : (Aiax inquit)",52,7.0,3.0,4,3
P_Ovidius_Naso_Metamorphoseon_Libri_Book_13_13_1-13_122,26,"quae , si di sunt , non vana precaris ! (Aiax inquit) (sunt)",52,5.0,1.0,2,2
P_Ovidius_Naso_Metamorphoseon_Libri_Book_13_13_1-13_122,27,"Et nunc ille eadem nobis iuratus in arma , heu ! (Aiax inquit)",31,6.0,0.0,0,0
P_Ovidius_Naso_Metamorphoseon_Libri_Book_13_13_1-13_122,28,"pars una ducum , quo successore sagittae Herculis utuntur , fractus morbo -que fame -que velatur -que alitur -que avibus , volucres -que petendo debita Troianis exercet spicula fatis . (Aiax inquit)",47,9.0,5.0,4,2
P_Ovidius_Naso_Metamorphoseon_Libri_Book_13_13_1-13_122,29,"Ille tamen vivit , quia non comitavit Ulixen ; (Aiax inquit) (Aiax inquit)",43,4.0,1.0,2,3
P_Ovidius_Naso_Metamorphoseon_Libri_Book_13_13_1-13_122,3,"Tutius est igitur fictis contendere verbis , quam pugnare manu ! (tutius est) (Aiax inquit)",53,8.0,3.0,1,1
P_Ovidius_Naso_Metamorphoseon_Libri_Book_13_13_1-13_122,30,mallet et infelix Palamedes esse relictus : (Aiax inquit) (Aiax inquit),23,4.0,2.0,1,4
P_Ovidius_Naso_Metamorphoseon_Libri_Book_13_13_1-13_122,31,viveret aut certe letum sine crimine haberet ! (Aiax inquit),18,4.0,3.0,2,4
P_Ovidius_Naso_Metamorphoseon_Libri_Book_13_13_1-13_122,32,"Quem male convicti nimium memor iste furoris prodere rem Danaam finxit fictum -que probavit crimen et ostendit , quod iam praefoderat , aurum . (Aiax inquit)",41,10.0,3.0,4,4
P_Ovidius_Naso_Metamorphoseon_Libri_Book_13_13_1-13_122,33,"Ergo aut exsilio vires subduxit Achivis , aut nece : (Aiax inquit)",54,3.0,2.0,1,3
P_Ovidius_Naso_Metamorphoseon_Libri_Book_13_13_1-13_122,34,"sic pugnat , sic est metuendus Ulixes . (Aiax inquit)",9,4.0,2.0,2,1
P_Ovidius_Naso_Metamorphoseon_Libri_Book_13_13_1-13_122,35,"Qui licet eloquio fidum quoque Nestora vincat , haud tamen efficiet , desertum ut Nestora crimen esse rear nullum . (Aiax inquit)",49,9.0,1.0,4,5
P_Ovidius_Naso_Metamorphoseon_Libri_Book_13_13_1-13_122,36,"Qui cum imploraret Ulixem vulnere tardus equi fessus -que senilibus annis , proditus a socio est . (Aiax inquit)",44,9.0,2.0,2,4
P_Ovidius_Naso_Metamorphoseon_Libri_Book_13_13_1-13_122,37,"Non haec mihi crimina fingi scit bene Tydides , qui nomine saepe vocatum corripuit trepido -que fugam exprobravit amico . (Aiax inquit)",34,8.0,4.0,3,3
P_Ovidius_Naso_Metamorphoseon_Libri_Book_13_13_1-13_122,38,Adspiciunt oculis superi mortalia iustis ! (Aiax inquit),41,3.0,2.0,1,1
P_Ovidius_Naso_Metamorphoseon_Libri_Book_13_13_1-13_122,39,"En eget auxilio , qui non tulit , ut -que reliquit , sic linquendus erat : (Aiax inquit)",29,8.0,3.0,4,3
P_Ovidius_Naso_Metamorphoseon_Libri_Book_13_13_1-13_122,4,"Sed ne -c mihi dicere promptum , ne -c facere est isti : (est) (promptum) (Aiax inquit)",6,6.0,4.0,1,1
P_Ovidius_Naso_Metamorphoseon_Libri_Book_13_13_1-13_122,40,legem sibi dixerat ipse . (Aiax inquit),25,2.0,1.0,1,4
P_Ovidius_Naso_Metamorphoseon_Libri_Book_13_13_1-13_122,42,adsum video -que trementem pallentem -que metu et metuentem morte futura ; (eum) (Aiax inquit),14,7.0,2.0,2,1
P_Ovidius_Naso_Metamorphoseon_Libri_Book_13_13_1-13_122,43,opposui molem clipei texi -que iacentem servavi -que animam ( minimum est hoc laudis ) inertem . (Aiax inquit),15,8.0,5.0,4,3
P_Ovidius_Naso_Metamorphoseon_Libri_Book_13_13_1-13_122,44,"Si perstas certare , locum redeamus in illum : (Aiax inquit)",14,6.0,3.0,2,3
P_Ovidius_Naso_Metamorphoseon_Libri_Book_13_13_1-13_122,45,redde hostem vulnus -que tuum solitum -que timorem post clipeum -que late et me -cum contende sub illo ! (Aiax inquit),48,8.0,4.0,3,2
P_Ovidius_Naso_Metamorphoseon_Libri_Book_13_13_1-13_122,46,"At postquam eripui , cui standi vulnera vires non dederant , nullo tardatus vulnere fugit . (Aiax inquit)",54,8.0,0.0,3,4
P_Ovidius_Naso_Metamorphoseon_Libri_Book_13_13_1-13_122,47,"Hector adest se cum -que deos in proelia ducit , qua -que ruit , non tu tantum terreris , Ulixe , sed fortes etiam : (Aiax inquit) (terrentur) (loco)",28,9.0,3.0,4,2
P_Ovidius_Naso_Metamorphoseon_Libri_Book_13_13_1-13_122,48,tantum trahit ille timoris . (Aiax inquit),26,3.0,2.0,1,1
P_Ovidius_Naso_Metamorphoseon_Libri_Book_13_13_1-13_122,49,"Hunc ego sanguineae successu caedis ovantem eminus ingenti resupinum pondere fudi , hunc ego poscentem , cum quo concurreret , unus sustinui , sortem -que meam vovistis , Achivi , et vestrae valuere preces ! (Aiax inquit)",53,12.0,3.0,5,4
P_Ovidius_Naso_Metamorphoseon_Libri_Book_13_13_1-13_122,5,"quantum -que ego Marte feroci in -que acie valeo , tantum valet iste loquendo . (Aiax inquit)",54,8.0,0.0,2,1
P_Ovidius_Naso_Metamorphoseon_Libri_Book_13_13_1-13_122,50,"Si quaeritis huius fortunam pugnae , non sum superatus ab illo . (Aiax inquit)",17,7.0,3.0,2,1
P_Ovidius_Naso_Metamorphoseon_Libri_Book_13_13_1-13_122,51,Ecce ferunt Troes ferrum -que ignes -que Iovem -que in Danaas classes : (Aiax inquit),47,5.0,3.0,1,1
P_Ovidius_Naso_Metamorphoseon_Libri_Book_13_13_1-13_122,52,ubi nunc facundus Ulixes ? (est) (Aiax inquit),19,3.0,2.0,0,0
P_Ovidius_Naso_Metamorphoseon_Libri_Book_13_13_1-13_122,53,"Nempe ego mille meo protexi pectore puppes , spem vestri reditus : (Aiax inquit)",43,6.0,4.0,1,3
P_Ovidius_Naso_Metamorphoseon_Libri_Book_13_13_1-13_122,54,date pro tot navibus arma ! (Aiax inquit),32,4.0,3.0,1,2
P_Ovidius_Naso_Metamorphoseon_Libri_Book_13_13_1-13_122,55,"Quodsi vera licet mihi dicere , quaeritur istis , quam mihi , maior honos , coniuncta -que gloria nostra est , atque Aiax armis , non Aiaci arma petuntur . (petitur) (Aiax inquit) (quaeritur)",49,11.0,4.0,4,2
P_Ovidius_Naso_Metamorphoseon_Libri_Book_13_13_1-13_122,56,Conferat his Ithacus Rhesum imbellem -que Dolona Priamiden -que Helenum rapta cum Pallade captum : (Aiax inquit),28,7.0,4.0,1,3
P_Ovidius_Naso_Metamorphoseon_Libri_Book_13_13_1-13_122,57,"luce nihil gestum est , nihil est Diomede remoto . (gestum) (Aiax inquit)",44,5.0,3.0,2,1
P_Ovidius_Naso_Metamorphoseon_Libri_Book_13_13_1-13_122,58,"Si semel ista datis meritis tam vilibus arma , dividite , et pars sit maior Diomedis in illis ! (Aiax inquit)",51,9.0,5.0,3,3
P_Ovidius_Naso_Metamorphoseon_Libri_Book_13_13_1-13_122,59,"Quo tamen haec Ithaco , qui clam , qui semper inermis rem gerit et furtis incautum decipit hostem ? (date) (gerit) (Aiax inquit)",32,7.0,6.0,2,1
P_Ovidius_Naso_Metamorphoseon_Libri_Book_13_13_1-13_122,6,"Ne -c memoranda tamen vobis mea facta , Pelasgi , esse reor : (Aiax inquit)",17,5.0,0.0,1,2
P_Ovidius_Naso_Metamorphoseon_Libri_Book_13_13_1-13_122,60,Ipse nitor galeae claro radiantis ab auro insidias prodet manifestabit -que latentem . (Aiax inquit),48,7.0,2.0,2,5
P_Ovidius_Naso_Metamorphoseon_Libri_Book_13_13_1-13_122,61,"Sed ne -que Dulichius sub Achillis casside vertex pondera tanta feret , ne -c non onerosa gravis -que Pelias hasta potest imbellibus esse lacertis , ne -c clipeus vasti caelatus imagine mundi conveniet timidae natae -que ad furta sinistrae : (Aiax inquit)",35,11.0,6.0,3,5
P_Ovidius_Naso_Metamorphoseon_Libri_Book_13_13_1-13_122,62,"debilitaturum quid te petis , Improbe , munus ? (Aiax inquit)",46,5.0,2.0,1,1
P_Ovidius_Naso_Metamorphoseon_Libri_Book_13_13_1-13_122,63,"Quod tibi si populi donaverit error Achivi , cur spolieris , erit , non cur metuaris ab hoste , et fuga , qua sola cunctos , timidissime , vincis , tarda futura tibi est gestamina tanta trahenti . (Aiax inquit) (erit)",54,11.0,5.0,6,6
P_Ovidius_Naso_Metamorphoseon_Libri_Book_13_13_1-13_122,64,"Adde quod iste tuus , tam raro proelia passus , integer est clipeus : nostro , qui tela ferendo mille patet plagis , novus est successor habendus . (Aiax inquit)",36,14.0,4.0,4,2
P_Ovidius_Naso_Metamorphoseon_Libri_Book_13_13_1-13_122,65,Denique ( quid verbis opus est ? ) spectemur agendo ! (Aiax inquit),24,5.0,3.0,2,4
P_Ovidius_Naso_Metamorphoseon_Libri_Book_13_13_1-13_122,66,Arma viri fortis medios mittantur in hostes : inde iubete peti et referentem ornate relatis ? ” (Aiax inquit),52,8.0,3.0,3,4
P_Ovidius_Naso_Metamorphoseon_Libri_Book_13_13_1-13_122,7,vidistis enim . (Aiax inquit),17,1.0,1.0,1,3
P_Ovidius_Naso_Metamorphoseon_Libri_Book_13_13_1-13_122,8,"Sua narret Ulixes , quae sine teste gerit , quorum nox conscia sola est . (Aiax inquit)",18,6.0,5.0,3,3
P_Ovidius_Naso_Metamorphoseon_Libri_Book_13_13_1-13_122,9,"Praemia magna peto , fateor ; (Aiax inquit)",24,3.0,0.0,2,2
P_Ovidius_Naso_Metamorphoseon_Libri_Book_13_13_123-13_398,1,"Finierat Telamone satus vulgi -que secutum ultima murmur erat , donec Laertius heros adstitit atque oculos paulum tellure moratos sustulit ad proceres exspectato -que resolvit ora sono ;",54,11.0,3.0,5,4
P_Ovidius_Naso_Metamorphoseon_Libri_Book_13_13_123-13_398,10,deus est in utroque parente . (Ulixes dixit),17,4.0,3.0,1,1
P_Ovidius_Naso_Metamorphoseon_Libri_Book_13_13_123-13_398,100,Paruit et vivit ! (Ulixes dixit),22,2.0,1.0,2,3
P_Ovidius_Naso_Metamorphoseon_Libri_Book_13_13_123-13_398,101,"Non haec sententia tantum fida , sed et felix , cum sit satis esse fidelem . (Ulixes dixit) (fuit) (est)",46,7.0,2.0,1,3
P_Ovidius_Naso_Metamorphoseon_Libri_Book_13_13_123-13_398,102,"Quem quoniam vates delenda ad Pergama poscunt , ne mandate mihi : (Ulixes dixit)",49,6.0,1.0,2,2
P_Ovidius_Naso_Metamorphoseon_Libri_Book_13_13_123-13_398,103,melius Telamonius ibit eloquio -que virum morbis ira -que furentem molliet aut aliqua producet callidus arte . (Ulixes dixit),47,7.0,3.0,3,5
P_Ovidius_Naso_Metamorphoseon_Libri_Book_13_13_123-13_398,104,"Ante retro Simois fluet et sine frondibus Ide stabit et auxilium promittet Achaia Troiae , quam , cessante meo pro vestris pectore rebus , Aiacis stolidi Danais sollertia prosit ! (Ulixes dixit)",46,10.0,3.0,4,5
P_Ovidius_Naso_Metamorphoseon_Libri_Book_13_13_123-13_398,105,"Sis licet infestus sociis regi -que mihi -que , dure Philoctete , licet exsecrere meum -que devoveas sine fine caput cupias -que dolenti me tibi forte dari nostrum -que haurire cruorem , te tamen adgrediar me -cum -que reducere nitar , tam -que tuis potiar ( faveat Fortuna ! ) sagittis , quam sum Dardanio , quem cepi , vate potitus , quam responsa deum Troiana -que fata retexi , quam rapui Phrygiae signum penetrale Minervae hostibus e mediis . (Ulixes dixit)",51,18.0,8.0,14,5
P_Ovidius_Naso_Metamorphoseon_Libri_Book_13_13_123-13_398,106,Et se mihi comparat Aiax ? (Ulixes dixit),6,2.0,0.0,1,1
P_Ovidius_Naso_Metamorphoseon_Libri_Book_13_13_123-13_398,107,Nempe capi Troiam prohibebant Fata sine illo : (Ulixes dixit),40,4.0,3.0,1,2
P_Ovidius_Naso_Metamorphoseon_Libri_Book_13_13_123-13_398,108,fortis ubi est Aiax ? (Ulixes dixit),19,3.0,1.0,1,1
P_Ovidius_Naso_Metamorphoseon_Libri_Book_13_13_123-13_398,109,Ubi sunt ingentia magni verba viri ? (Ulixes dixit),19,4.0,3.0,1,1
P_Ovidius_Naso_Metamorphoseon_Libri_Book_13_13_123-13_398,11,"Sed ne -que materno quod sum generosior ortu , ne -c mihi quod pater est fraterni sanguinis insons , proposita arma peto : (peto) (Ulixes dixit)",53,11.0,3.0,3,1
P_Ovidius_Naso_Metamorphoseon_Libri_Book_13_13_123-13_398,110,Cur hic metuis ? (Ulixes dixit),15,2.0,1.0,1,1
P_Ovidius_Naso_Metamorphoseon_Libri_Book_13_13_123-13_398,111,"cur audet Ulixes ire per excubias et se committere nocti per -que feros enses non tantum moenia Troum , verum etiam summas arces intrare sua -que eripere aede deam raptam -que adferre per hostes ? (Ulixes dixit)",40,9.0,5.0,1,1
P_Ovidius_Naso_Metamorphoseon_Libri_Book_13_13_123-13_398,112,"Quae ni -si fecissem , frustra Telamone creatus gestasset laeva taurorum tergora septem . (Ulixes dixit)",13,5.0,2.0,2,6
P_Ovidius_Naso_Metamorphoseon_Libri_Book_13_13_123-13_398,113,"Illa nocte mihi Troiae victoria parta est , Pergama tunc vici , cum vinci posse coegi ! (Ulixes dixit)",32,9.0,3.0,3,3
P_Ovidius_Naso_Metamorphoseon_Libri_Book_13_13_123-13_398,114,Desine Tydiden vultu -que et murmure nobis ostentare meum : (Ulixes dixit),36,4.0,0.0,1,2
P_Ovidius_Naso_Metamorphoseon_Libri_Book_13_13_123-13_398,115,pars est sua laudis in illo . (Ulixes dixit),26,4.0,2.0,1,1
P_Ovidius_Naso_Metamorphoseon_Libri_Book_13_13_123-13_398,116,"Ne -c tu , cum socia clipeum pro classe tenebas , solus eras : (Ulixes dixit)",47,6.0,0.0,2,2
P_Ovidius_Naso_Metamorphoseon_Libri_Book_13_13_123-13_398,117,"tibi turba comes , mihi contigit unus . (contigit) [ ] (Ulixes dixit)",22,5.0,0.0,1,3
P_Ovidius_Naso_Metamorphoseon_Libri_Book_13_13_123-13_398,118,"Qui ni -si pugnacem sciret sapiente minorem esse ne -c indomitae deberi praemia dextrae , ipse quoque haec peteret , peteret moderatior Aiax Eurypylus -que ferox claro -que Andraemone natus , ne -c minus Idomeneus patria -que creatus eadem Meriones , peteret maioris frater Atridae : (sciret) (Ulixes dixit)",34,14.0,5.0,4,4
P_Ovidius_Naso_Metamorphoseon_Libri_Book_13_13_123-13_398,119,"quippe manu fortes ne -c sunt tibi Marte secundi , consiliis cessere meis . (Ulixes dixit)",11,6.0,0.0,2,3
P_Ovidius_Naso_Metamorphoseon_Libri_Book_13_13_123-13_398,12,"meritis expendite causam , dummodo , quod fratres Telamon Peleus -que fuerunt , Aiacis meritum non sit ne -c sanguinis ordo , sed virtutis honor spoliis quaeratur in istis ! (sit) (Ulixes dixit)",50,10.0,6.0,4,4
P_Ovidius_Naso_Metamorphoseon_Libri_Book_13_13_123-13_398,120,"Tibi dextera bello utilis : (est) ingenium est , quod eget moderamine nostro ; (Ulixes dixit)",28,7.0,4.0,2,1
P_Ovidius_Naso_Metamorphoseon_Libri_Book_13_13_123-13_398,121,"tu vires sine mente geris , mihi cura futuri ; (est) (Ulixes dixit)",54,6.0,3.0,1,1
P_Ovidius_Naso_Metamorphoseon_Libri_Book_13_13_123-13_398,122,"tu pugnare potes , pugnandi tempora me -cum eligit Atrides ; (Ulixes dixit)",28,5.0,3.0,2,1
P_Ovidius_Naso_Metamorphoseon_Libri_Book_13_13_123-13_398,123,"tu tantum corpore prodes , nos animo ; (prosumus) (Ulixes dixit)",12,4.0,2.0,1,1
P_Ovidius_Naso_Metamorphoseon_Libri_Book_13_13_123-13_398,124,"quanto -que ratem qui temperat , anteit remigis officium , quanto dux milite maior , tantum ego te supero ; (est) (Ulixes dixit)",31,6.0,0.0,3,1
P_Ovidius_Naso_Metamorphoseon_Libri_Book_13_13_123-13_398,125,ne -c non in corpore nostro pectora sunt potiora manu : (Ulixes dixit),43,6.0,0.0,1,1
P_Ovidius_Naso_Metamorphoseon_Libri_Book_13_13_123-13_398,126,vigor omnis in illis . (est) (Ulixes dixit),7,4.0,2.0,0,0
P_Ovidius_Naso_Metamorphoseon_Libri_Book_13_13_123-13_398,127,"At vos , o proceres , vigili date praemia vestro , pro -que tot annorum cura , quibus anxius egi , hunc titulum meritis pensandum reddite nostris . (Ulixes dixit)",46,9.0,0.0,3,3
P_Ovidius_Naso_Metamorphoseon_Libri_Book_13_13_123-13_398,128,Iam labor in fine est : (Ulixes dixit),31,3.0,2.0,1,1
P_Ovidius_Naso_Metamorphoseon_Libri_Book_13_13_123-13_398,129,obstantia fata removi alta -que posse capi faciendo Pergama cepi . (Ulixes dixit),43,7.0,1.0,2,3
P_Ovidius_Naso_Metamorphoseon_Libri_Book_13_13_123-13_398,13,"Aut si proximitas primus -que requiritur heres , est genitor Peleus , est Pyrrhus filius illi . (Ulixes dixit)",13,7.0,0.0,3,2
P_Ovidius_Naso_Metamorphoseon_Libri_Book_13_13_123-13_398,130,"Per spes nunc socias casura -que moenia Troum per -que deos oro , quos hosti nuper ademi , per si -quid superest , quod sit sapienter agendum , si -quid adhuc audax ex praecipiti -que petendum est , este mei memores ! (Ulixes dixit)",40,12.0,3.0,6,3
P_Ovidius_Naso_Metamorphoseon_Libri_Book_13_13_123-13_398,131,"Aut si mihi non datis arma , huic date ! ” — et ostendit signum fatale Minervae . (Ulixes dixit)",22,9.0,3.0,3,3
P_Ovidius_Naso_Metamorphoseon_Libri_Book_13_13_123-13_398,132,"Mota manus procerum est , et quid facundia posset , re patuit , fortis -que viri tulit arma disertus .",21,8.0,2.0,4,4
P_Ovidius_Naso_Metamorphoseon_Libri_Book_13_13_123-13_398,133,"Hectora qui solus , qui ferrum ignes -que Iovem -que sustinuit totiens , unam non sustinet iram , invictum -que virum vicit dolor : (sustinuit)",33,8.0,2.0,3,3
P_Ovidius_Naso_Metamorphoseon_Libri_Book_13_13_123-13_398,134,arripit ensem et ” meus hic certe est ! (Aiax inquit),45,5.0,2.0,2,1
P_Ovidius_Naso_Metamorphoseon_Libri_Book_13_13_123-13_398,135,an et hunc sibi poscit Ulixes ? (Aiax inquit),29,2.0,0.0,1,1
P_Ovidius_Naso_Metamorphoseon_Libri_Book_13_13_123-13_398,136,"Hoc ” ait ” utendum est in me mihi , qui -que cruore saepe Phrygum maduit , domini nunc caede madebit , ne quisquam Aiacem possit superare ni -si Aiax . ” (potest)",45,11.0,0.0,5,5
P_Ovidius_Naso_Metamorphoseon_Libri_Book_13_13_123-13_398,137,"Dixit et in pectus tum demum vulnera passum , qua patuit ferro , letalem condidit ensem . (loco)",43,8.0,5.0,3,3
P_Ovidius_Naso_Metamorphoseon_Libri_Book_13_13_123-13_398,138,Ne -c valuere manus infixum educere telum :,35,4.0,0.0,1,3
P_Ovidius_Naso_Metamorphoseon_Libri_Book_13_13_123-13_398,139,"expulit ipse cruor , rubefacta -que sanguine tellus purpureum viridi genuit de caespite florem , qui prius Oebalio fuerat de vulnere natus ;",54,9.0,4.0,3,4
P_Ovidius_Naso_Metamorphoseon_Libri_Book_13_13_123-13_398,14,Quis locus Aiaci ? (est) (Ulixes dixit),14,3.0,1.0,0,0
P_Ovidius_Naso_Metamorphoseon_Libri_Book_13_13_123-13_398,140,"littera communis mediis puero -que viro -que inscripta est foliis , haec nominis , illa querellae . (littera) (littera)",19,7.0,1.0,1,1
P_Ovidius_Naso_Metamorphoseon_Libri_Book_13_13_123-13_398,15,Phthiam haec Scyrum -ve ferantur ! (Ulixes dixit),15,3.0,1.0,1,4
P_Ovidius_Naso_Metamorphoseon_Libri_Book_13_13_123-13_398,16,Ne -c minus est isto Teucer patruelis Achilli : (Ulixes dixit),17,4.0,0.0,1,1
P_Ovidius_Naso_Metamorphoseon_Libri_Book_13_13_123-13_398,17,num petit ille tamen ? (Ulixes dixit),39,2.0,1.0,1,1
P_Ovidius_Naso_Metamorphoseon_Libri_Book_13_13_123-13_398,18,"num si petat , auferat illa ? (Ulixes dixit)",39,4.0,3.0,2,3
P_Ovidius_Naso_Metamorphoseon_Libri_Book_13_13_123-13_398,19,"Ergo operum quoniam nudum certamen habetur : plura quidem feci , quam quae comprendere dictis in promptu mihi sit ; (Ulixes dixit)",48,12.0,3.0,3,3
P_Ovidius_Naso_Metamorphoseon_Libri_Book_13_13_123-13_398,2,ne -que abest facundis gratia dictis .,18,3.0,0.0,1,1
P_Ovidius_Naso_Metamorphoseon_Libri_Book_13_13_123-13_398,20,rerum tamen ordine ducar . (Ulixes dixit),24,3.0,1.0,1,5
P_Ovidius_Naso_Metamorphoseon_Libri_Book_13_13_123-13_398,21,"Praescia venturi genetrix Nereia leti dissimulat cultu natum , et deceperat omnes , in quibus Aiacem , sumptae fallacia vestis . (deceperat) (Ulixes dixit)",25,11.0,6.0,2,4
P_Ovidius_Naso_Metamorphoseon_Libri_Book_13_13_123-13_398,22,"Arma ego femineis animum motura virilem mercibus inserui , ne -que adhuc proiecerat heros virgineos habitus , cum parmam hastam -que tenenti ' nate dea , ' dixi ' tibi se peritura reservant Pergama ! (Ulixes dixit)",43,12.0,3.0,4,4
P_Ovidius_Naso_Metamorphoseon_Libri_Book_13_13_123-13_398,23,quid dubitas ingentem evertere Troiam ? ' (dixi) (Ulixes dixit),34,5.0,0.0,1,1
P_Ovidius_Naso_Metamorphoseon_Libri_Book_13_13_123-13_398,24,inieci -que manum fortem -que ad fortia misi . (Ulixes dixit),8,5.0,0.0,2,3
P_Ovidius_Naso_Metamorphoseon_Libri_Book_13_13_123-13_398,25,Ergo opera illius mea sunt : (Ulixes dixit),27,3.0,2.0,1,1
P_Ovidius_Naso_Metamorphoseon_Libri_Book_13_13_123-13_398,26,"ego Telephon hasta pugnantem domui , victum orantem -que refeci ; (eum) (Ulixes dixit)",10,7.0,3.0,2,3
P_Ovidius_Naso_Metamorphoseon_Libri_Book_13_13_123-13_398,27,"quod Thebae cecidere , meum est , me credite Lesbon , me Tenedon Chrysen -que et Cillan , Apollinis urbes , et Scyrum cepisse , mea concussa putate procubuisse solo Lyrnesia moenia dextra , ut -que alios taceam , qui saevum perdere posset Hectora , nempe dedi : (cepisse) (Ulixes dixit)",47,14.0,4.0,7,4
P_Ovidius_Naso_Metamorphoseon_Libri_Book_13_13_123-13_398,28,per me iacet inclitus Hector . (Ulixes dixit),6,4.0,2.0,1,1
P_Ovidius_Naso_Metamorphoseon_Libri_Book_13_13_123-13_398,29,"Illis haec armis , quibus est inventus Achilles , arma peto : (Ulixes dixit)",15,5.0,0.0,2,1
P_Ovidius_Naso_Metamorphoseon_Libri_Book_13_13_123-13_398,3,"” Si mea cum vestris valuissent vota , Pelasgi , non foret ambiguus tanti certaminis heres , tu -que tuis armis , nos te poteremur , Achille . (Ulixes dixit) (potereris)",46,9.0,5.0,3,6
P_Ovidius_Naso_Metamorphoseon_Libri_Book_13_13_123-13_398,30,"vivo dederam , post fata reposco . (Ulixes dixit)",40,5.0,3.0,2,4
P_Ovidius_Naso_Metamorphoseon_Libri_Book_13_13_123-13_398,31,"Ut dolor unius Danaos pervenit ad omnes Aulida -que Euboicam complerunt mille carinae , exspectata diu , nulla aut contraria classi flamina erant , durae -que iubent Agamemnona sortes inmeritam saevae natam mactare Dianae . (Ulixes dixit)",53,10.0,5.0,4,3
P_Ovidius_Naso_Metamorphoseon_Libri_Book_13_13_123-13_398,32,Denegat hoc genitor divis -que irascitur ipsis atque in rege tamen pater est . (Ulixes dixit),48,7.0,3.0,3,2
P_Ovidius_Naso_Metamorphoseon_Libri_Book_13_13_123-13_398,33,Ego mite parentis ingenium verbis ad publica commoda verti . (Ulixes dixit),21,5.0,3.0,1,3
P_Ovidius_Naso_Metamorphoseon_Libri_Book_13_13_123-13_398,34,"Nunc equidem ( fateor , fasso -que ignoscat Atrides ! ) difficilem tenui sub iniquo iudice causam . (Ulixes dixit)",50,7.0,4.0,3,3
P_Ovidius_Naso_Metamorphoseon_Libri_Book_13_13_123-13_398,35,"Hunc tamen utilitas populi frater -que dati -que summa movet sceptri , laudem ut cum sanguine penset . (Ulixes dixit)",29,8.0,3.0,2,3
P_Ovidius_Naso_Metamorphoseon_Libri_Book_13_13_123-13_398,36,"Mittor et ad matrem , quae non hortanda , sed astu decipienda fuit : (Ulixes dixit)",8,6.0,5.0,2,3
P_Ovidius_Naso_Metamorphoseon_Libri_Book_13_13_123-13_398,37,"quo si Telamonius isset , orba suis essent etiamnum lintea ventis . (Ulixes dixit)",22,6.0,3.0,2,6
P_Ovidius_Naso_Metamorphoseon_Libri_Book_13_13_123-13_398,38,"Mittor et Iliacas audax orator ad arces , visa -que et intrata est altae mihi curia Troiae ( plena -que adhuc erat illa viris ) , interritus egi , quam mihi mandarat communem Graecia causam , accuso -que Parim praedam -que Helenam -que reposco et moveo Priamum Priamo -que Antenora iunctum . (Ulixes dixit)",54,14.0,0.0,8,4
P_Ovidius_Naso_Metamorphoseon_Libri_Book_13_13_123-13_398,39,"At Paris et fratres et qui rapuere sub illo , ni tenuere manus ( scis hoc , Menelae ) nefandas , prima -que lux nostri te -cum fuit illa pericli . (Ulixes dixit)",45,9.0,0.0,4,3
P_Ovidius_Naso_Metamorphoseon_Libri_Book_13_13_123-13_398,4,"Quem quoniam non aequa mihi vobis -que negarunt fata ” ( manu -que simul veluti lacrimantia tersit lumina ) , ” quis magno melius succedit Achilli , quam per quem magnus Danais successit Achilles ? (tersit) (Ulixes dixit)",46,14.0,2.0,4,3
P_Ovidius_Naso_Metamorphoseon_Libri_Book_13_13_123-13_398,40,"Longa referre mora est , quae consilio -que manu -que utiliter feci spatiosi tempore belli . (Ulixes dixit)",23,7.0,4.0,2,3
P_Ovidius_Naso_Metamorphoseon_Libri_Book_13_13_123-13_398,41,"Post acies primas urbis se moenibus hostes continuere diu , ne -c aperti copia Martis ulla fuit : (Ulixes dixit)",54,8.0,3.0,2,3
P_Ovidius_Naso_Metamorphoseon_Libri_Book_13_13_123-13_398,42,decimo demum pugnavimus anno . (Ulixes dixit),18,3.0,1.0,1,3
P_Ovidius_Naso_Metamorphoseon_Libri_Book_13_13_123-13_398,43,"Quid facis interea , qui nil ni -si proelia nosti ? (nosti) (Ulixes dixit)",44,5.0,2.0,2,3
P_Ovidius_Naso_Metamorphoseon_Libri_Book_13_13_123-13_398,44,Quis tuus usus erat ? (Ulixes dixit),40,3.0,2.0,1,2
P_Ovidius_Naso_Metamorphoseon_Libri_Book_13_13_123-13_398,45,"Nam si mea facta requiris , hostibus insidior , fossa munimina cingo , consolor socios , ut longi taedia belli mente ferant placida , doceo , quo simus alendi armandi -que modo , mittor , quo postulat usus . (Ulixes dixit)",44,10.0,3.0,9,3
P_Ovidius_Naso_Metamorphoseon_Libri_Book_13_13_123-13_398,46,"Ecce Iovis monitu , deceptus imagine somni , rex iubet incepti curam dimittere belli . (Ulixes dixit)",40,8.0,4.0,1,1
P_Ovidius_Naso_Metamorphoseon_Libri_Book_13_13_123-13_398,47,Ille potest auctore suam defendere vocem : (Ulixes dixit),14,4.0,3.0,1,1
P_Ovidius_Naso_Metamorphoseon_Libri_Book_13_13_123-13_398,48,"non sinat hoc Aiax delenda -que Pergama poscat , quod -que potest , pugnet ! (Ulixes dixit)",49,6.0,2.0,4,3
P_Ovidius_Naso_Metamorphoseon_Libri_Book_13_13_123-13_398,49,Cur non remoratur ituros ? (Ulixes dixit),6,2.0,1.0,1,2
P_Ovidius_Naso_Metamorphoseon_Libri_Book_13_13_123-13_398,5,"Huic modo ne prosit , quod , uti est , hebes esse videtur , ne -ve mihi noceat , quod vobis semper , Achivi , profuit ingenium , mea -que haec facundia , si -qua est , quae nunc pro domino , pro vobis saepe locuta est , invidia careat , bona ne -c sua quisque recuset . (locuta) (Ulixes dixit)",45,16.0,4.0,9,3
P_Ovidius_Naso_Metamorphoseon_Libri_Book_13_13_123-13_398,50,Cur non arma capit ? (Ulixes dixit),11,2.0,1.0,1,1
P_Ovidius_Naso_Metamorphoseon_Libri_Book_13_13_123-13_398,51,"det , quod vaga turba sequatur ! (Ulixes dixit)",36,3.0,0.0,2,4
P_Ovidius_Naso_Metamorphoseon_Libri_Book_13_13_123-13_398,52,Non erat hoc nimium numquam ni -si magna loquenti . (Ulixes dixit) (nimium erat),36,5.0,1.0,1,2
P_Ovidius_Naso_Metamorphoseon_Libri_Book_13_13_123-13_398,53,Quid quod et ipse fugit ? (Ulixes dixit) (est),15,4.0,3.0,1,1
P_Ovidius_Naso_Metamorphoseon_Libri_Book_13_13_123-13_398,54,"Vidi , puduit -que videre , cum tu terga dares inhonesta -que vela parares . (Ulixes dixit)",35,8.0,3.0,4,4
P_Ovidius_Naso_Metamorphoseon_Libri_Book_13_13_123-13_398,55,"Ne -c mora , ' quid facitis ? (fuit) (dixi) (Ulixes dixit)",23,5.0,0.0,1,1
P_Ovidius_Naso_Metamorphoseon_Libri_Book_13_13_123-13_398,56,"quae vos dementia ' dixi ' concitat , o socii , captam dimittere Troiam ? (Ulixes dixit)",6,5.0,0.0,2,3
P_Ovidius_Naso_Metamorphoseon_Libri_Book_13_13_123-13_398,57,"Quid -ve domum fertis decimo , ni -si dedecus , anno ? ' (fertis) (Ulixes dixit) (dixi)",48,6.0,0.0,1,1
P_Ovidius_Naso_Metamorphoseon_Libri_Book_13_13_123-13_398,58,"Talibus atque aliis , in quae dolor ipse disertum fecerat , aversos profuga de classe reduxi . (Ulixes dixit)",47,9.0,2.0,2,4
P_Ovidius_Naso_Metamorphoseon_Libri_Book_13_13_123-13_398,59,"ne -c Telamoniades etiam nunc hiscere quicquam audet , at ausus erat reges incessere dictis Thersites etiam , per me haud impune protervus ! (Ulixes dixit)",45,7.0,0.0,2,2
P_Ovidius_Naso_Metamorphoseon_Libri_Book_13_13_123-13_398,6,"Nam genus et proavos et quae non fecimus ipsi , vix ea nostra voco ; (esse) (Ulixes dixit)",15,6.0,2.0,2,3
P_Ovidius_Naso_Metamorphoseon_Libri_Book_13_13_123-13_398,60,Erigor et trepidos cives exhortor in hostem amissam -que mea virtutem voce reposco . (Ulixes dixit),16,6.0,2.0,3,2
P_Ovidius_Naso_Metamorphoseon_Libri_Book_13_13_123-13_398,61,"Tempore ab hoc , quodcumque potest fecisse videri fortiter iste , meum est , qui dantem terga retraxi . (Ulixes dixit)",35,8.0,4.0,3,3
P_Ovidius_Naso_Metamorphoseon_Libri_Book_13_13_123-13_398,62,Denique de Danais quis te laudat -ve petit -ve ? (Ulixes dixit),24,4.0,3.0,2,1
P_Ovidius_Naso_Metamorphoseon_Libri_Book_13_13_123-13_398,63,"At sua Tydides me -cum communicat acta , me probat et socio semper confidit Ulixe . (Ulixes dixit)",45,7.0,0.0,3,1
P_Ovidius_Naso_Metamorphoseon_Libri_Book_13_13_123-13_398,64,"Est aliquid , de tot Graiorum milibus unum a Diomede legi ( ne -c me sors ire iubebat ! ) : (Ulixes dixit)",53,8.0,4.0,2,2
P_Ovidius_Naso_Metamorphoseon_Libri_Book_13_13_123-13_398,65,"sic tamen et spreto noctis -que hostis -que periclo ausum eadem , quae nos , Phrygia de gente Dolona interimo , non ante tamen , quam cuncta coegi prodere , et edidici , quid perfida Troia pararet . (ausi sumus) (Ulixes dixit)",54,11.0,5.0,4,4
P_Ovidius_Naso_Metamorphoseon_Libri_Book_13_13_123-13_398,66,"Omnia cognoram , ne -c , quod specularer , habebam , et iam promissa poteram cum laude reverti . (Ulixes dixit)",44,9.0,3.0,4,5
P_Ovidius_Naso_Metamorphoseon_Libri_Book_13_13_123-13_398,67,Haud contentus eo petii tentoria Rhesi in -que suis ipsum castris comites -que peremi atque ita captivo victor votis -que potitus ingredior curru laetos imitante triumphos ; (Ulixes dixit),48,9.0,4.0,3,3
P_Ovidius_Naso_Metamorphoseon_Libri_Book_13_13_123-13_398,68,"cuius equos pretium pro nocte poposcerat hostis , arma negate mihi , fuerit -que benignior Aiax ! [ ] (Ulixes dixit)",41,9.0,2.0,3,5
P_Ovidius_Naso_Metamorphoseon_Libri_Book_13_13_123-13_398,69,Quid Lycii referam Sarpedonis agmina ferro devastata meo ? (Ulixes dixit),32,5.0,4.0,1,3
P_Ovidius_Naso_Metamorphoseon_Libri_Book_13_13_123-13_398,7,"sed enim quia rettulit Aiax esse Iovis pronepos , nostri quoque sanguinis auctor Iuppiter est , totidem -que gradus distamus ab illo . (Ulixes dixit)",43,9.0,0.0,3,3
P_Ovidius_Naso_Metamorphoseon_Libri_Book_13_13_123-13_398,70,"Cum multo sanguine fudi Coeranon Iphitiden et Alastora -que Chromium -que Alcandrum -que Halium -que Noemona -que Prytanim -que , exitio -que dedi cum Chersidamante Thoona et Charopem fatis -que inmitibus Ennomon actum qui -que minus celebres nostra sub moenibus urbis procubuere manu . (Ulixes dixit)",40,11.0,6.0,3,3
P_Ovidius_Naso_Metamorphoseon_Libri_Book_13_13_123-13_398,71,"Sunt et mihi vulnera , cives , ipso pulchra loco ; (Ulixes dixit)",17,6.0,2.0,1,1
P_Ovidius_Naso_Metamorphoseon_Libri_Book_13_13_123-13_398,72,ne -c vanis credite verbis : (Ulixes dixit),17,3.0,0.0,1,2
P_Ovidius_Naso_Metamorphoseon_Libri_Book_13_13_123-13_398,74,vestem -que manu deduxit et ” haec sunt pectora semper ” ait ” vestris exercita rebus .,45,8.0,0.0,3,3
P_Ovidius_Naso_Metamorphoseon_Libri_Book_13_13_123-13_398,75,At nil impendit per tot Telamonius annos sanguinis in socios et habet sine vulnere corpus ! (Ulixes dixit),45,8.0,0.0,2,3
P_Ovidius_Naso_Metamorphoseon_Libri_Book_13_13_123-13_398,76,"Quid tamen hoc refert , si se pro classe Pelasga arma tulisse refert contra Troas -que Iovem -que ? (Ulixes dixit)",47,7.0,1.0,2,1
P_Ovidius_Naso_Metamorphoseon_Libri_Book_13_13_123-13_398,77,"Confiteor -que , tulit ( ne -que enim benefacta maligne detractare meum est ) , sed ne communia solus occupet atque aliquem vobis quoque reddat honorem , reppulit Actorides sub imagine tutus Achillis Troas ab arsuris cum defensore carinis . (Ulixes dixit)",53,16.0,0.0,6,3
P_Ovidius_Naso_Metamorphoseon_Libri_Book_13_13_123-13_398,78,"Ausum etiam Hectoreis solum concurrere telis se putat , oblitus regis -que ducum -que mei -que , nonus in officio et praelatus munere sortis . (Ulixes dixit)",54,9.0,3.0,1,1
P_Ovidius_Naso_Metamorphoseon_Libri_Book_13_13_123-13_398,79,"Sed tamen eventus vestrae , fortissime , pugnae quis fuit ? (Ulixes dixit)",17,5.0,0.0,1,3
P_Ovidius_Naso_Metamorphoseon_Libri_Book_13_13_123-13_398,8,"Nam mihi Laertes pater est , Arcesius illi , Iuppiter huic , ne -que in his quisquam damnatus et exsul . (fuit) (fuit) (est) (Ulixes dixit)",29,7.0,4.0,1,1
P_Ovidius_Naso_Metamorphoseon_Libri_Book_13_13_123-13_398,80,Hector abit violatus vulnere nullo ! (Ulixes dixit),17,4.0,4.0,1,3
P_Ovidius_Naso_Metamorphoseon_Libri_Book_13_13_123-13_398,81,"Me miserum , quanto cogor meminisse dolore temporis illius , quo Graium murus , Achilles procubuit ! (Ulixes dixit)",50,9.0,5.0,2,3
P_Ovidius_Naso_Metamorphoseon_Libri_Book_13_13_123-13_398,82,"Ne -c me lacrimae luctus -que timor -que tardarunt , quin corpus humo sublime referrem . (Ulixes dixit)",26,7.0,0.0,1,3
P_Ovidius_Naso_Metamorphoseon_Libri_Book_13_13_123-13_398,83,"His umeris , his , inquam , umeris ego corpus Achillis et simul arma tuli , quae nunc quoque ferre laboro ! (Ulixes dixit)",46,9.0,5.0,3,3
P_Ovidius_Naso_Metamorphoseon_Libri_Book_13_13_123-13_398,84,"Sunt mihi , quae valeant in talia pondera , vires , est animus certe vestros sensurus honores . (Ulixes dixit)",54,9.0,3.0,3,3
P_Ovidius_Naso_Metamorphoseon_Libri_Book_13_13_123-13_398,85,"Scilicet idcirco pro nato caerula mater ambitiosa suo fuit , ut caelestia dona , artis opus tantae , rudis et sine pectore miles indueret ? (Ulixes dixit)",43,10.0,4.0,2,4
P_Ovidius_Naso_Metamorphoseon_Libri_Book_13_13_123-13_398,86,"ne -que enim clipei caelamina novit , Oceanum et terras cum -que alto sidera caelo Pleiadas -que Hyadas -que inmunem -que aequoris Arcton diversas -que urbes nitidum -que Orionis ensem : (Ulixes dixit)",28,7.0,0.0,1,3
P_Ovidius_Naso_Metamorphoseon_Libri_Book_13_13_123-13_398,87,"Quid quod me duri fugientem munera belli arguit incepto serum accessisse labori , ne -c se magnanimo maledicere sentit Achilli ? (Ulixes dixit) (est)",46,11.0,6.0,2,1
P_Ovidius_Naso_Metamorphoseon_Libri_Book_13_13_123-13_398,88,"Si simulasse vocas crimen , simulavimus ambo ; (Ulixes dixit)",53,4.0,3.0,2,3
P_Ovidius_Naso_Metamorphoseon_Libri_Book_13_13_123-13_398,89,"si mora pro culpa est , ego sum maturior illo . (Ulixes dixit)",23,6.0,4.0,2,1
P_Ovidius_Naso_Metamorphoseon_Libri_Book_13_13_123-13_398,9,Est quoque per matrem Cyllenius addita nobis altera nobilitas : (Ulixes dixit),29,5.0,2.0,1,1
P_Ovidius_Naso_Metamorphoseon_Libri_Book_13_13_123-13_398,90,"Me pia detinuit coniunx , pia mater Achillem , prima -que sunt illis data tempora , cetera vobis . (Ulixes dixit) (detinuit) (data sunt)",36,8.0,3.0,2,3
P_Ovidius_Naso_Metamorphoseon_Libri_Book_13_13_123-13_398,91,"Haud timeo , si iam nequeam defendere , crimen cum tanto commune viro : (Ulixes dixit)",28,8.0,5.0,2,3
P_Ovidius_Naso_Metamorphoseon_Libri_Book_13_13_123-13_398,92,"deprensus Ulixis ingenio tamen ille , at non Aiacis Ulixes ! (Ulixes dixit) (deprensus) (ingenio)",45,6.0,3.0,0,0
P_Ovidius_Naso_Metamorphoseon_Libri_Book_13_13_123-13_398,93,"Ne -ve in me stolidae convicia fundere linguae admiremur eum , vobis quoque digna pudore obicit . (Ulixes dixit)",43,8.0,0.0,2,4
P_Ovidius_Naso_Metamorphoseon_Libri_Book_13_13_123-13_398,94,"An falso Palameden crimine turpe est accusasse mihi , vobis damnasse decorum ? (Ulixes dixit) (est)",47,7.0,0.0,1,1
P_Ovidius_Naso_Metamorphoseon_Libri_Book_13_13_123-13_398,95,"Sed ne -que Naupliades facinus defendere tantum tam -que patens valuit , ne -c vos audistis in illo crimina : (Ulixes dixit)",33,10.0,5.0,2,3
P_Ovidius_Naso_Metamorphoseon_Libri_Book_13_13_123-13_398,96,"vidistis , pretio -que obiecta patebant . (Ulixes dixit)",3,3.0,2.0,2,3
P_Ovidius_Naso_Metamorphoseon_Libri_Book_13_13_123-13_398,97,"Ne -c Poeantiaden quod habet Vulcania Lemnos , esse reus merui : (Ulixes dixit)",46,6.0,0.0,2,3
P_Ovidius_Naso_Metamorphoseon_Libri_Book_13_13_123-13_398,98,"factum defendite vestrum , consensistis enim . (Ulixes dixit)",17,5.0,2.0,2,3
P_Ovidius_Naso_Metamorphoseon_Libri_Book_13_13_123-13_398,99,"Ne -c me suasisse negabo , ut se subtraheret belli -que viae -que labori temptaret -que feros requie finire dolores . (Ulixes dixit)",41,8.0,0.0,3,5
P_Ovidius_Naso_Metamorphoseon_Libri_Book_13_13_399-13_575,1,"Victor ad Hypsipyles patriam clari -que Thoantis et veterum terras infames caede virorum vela dat , ut referat Tirynthia tela , sagittas .",35,12.0,5.0,2,3
P_Ovidius_Naso_Metamorphoseon_Libri_Book_13_13_399-13_575,10,"Hectoris in tumulo canum de vertice crinem , inferias inopes , crinem lacrimas -que reliquit .",54,7.0,3.0,1,3
P_Ovidius_Naso_Metamorphoseon_Libri_Book_13_13_399-13_575,11,"Est , ubi Troia fuit , Phrygiae contraria tellus Bistoniis habitata viris :",54,8.0,0.0,2,3
P_Ovidius_Naso_Metamorphoseon_Libri_Book_13_13_399-13_575,12,"Polymestoris illic regia dives erat , cui te commisit alendum clam , Polydore , pater Phrygiis -que removit ab armis , consilium sapiens , sceleris ni -si praemia magnas adiecisset opes , animi inritamen avari . [ ] (fuisset)",49,12.0,1.0,4,6
P_Ovidius_Naso_Metamorphoseon_Libri_Book_13_13_399-13_575,13,"Ut cecidit fortuna Phrygum , capit impius ensem rex Thracum iugulo -que sui demisit alumni et , tamquam tolli cum corpore crimina possent , exanimem scopulo subiectas misit in undas .",48,11.0,5.0,5,4
P_Ovidius_Naso_Metamorphoseon_Libri_Book_13_13_399-13_575,14,"Litore Threicio classem religarat Atrides , dum mare pacatum , dum ventus amicior esset . (esset)",47,6.0,4.0,2,4
P_Ovidius_Naso_Metamorphoseon_Libri_Book_13_13_399-13_575,15,"Hic subito , quantus cum viveret esse solebat , exit humo late rupta similis -que minanti temporis illius vultum referebat Achilles , quo ferus iniustum petiit Agamemnona ferro , ” inmemores ” que ” mei disceditis ” inquit ” Achivi , obruta -que est me -cum virtutis gratia nostrae ?",50,12.0,1.0,8,4
P_Ovidius_Naso_Metamorphoseon_Libri_Book_13_13_399-13_575,16,Ne facite ! (Achilles inquit),5,2.0,0.0,1,2
P_Ovidius_Naso_Metamorphoseon_Libri_Book_13_13_399-13_575,17,"ut -que meum non sit sine honore sepulcrum , placet Achilleos mactata Polyxena manes ! ” (Achilles inquit)",43,6.0,2.0,2,3
P_Ovidius_Naso_Metamorphoseon_Libri_Book_13_13_399-13_575,18,"Dixit , et inmiti sociis parentibus umbrae , rapta sinu matris , quam iam prope sola fovebat , fortis et infelix et plus quam femina virgo ducitur ad tumulum diro -que fit hostia busto . (est)",54,11.0,8.0,4,3
P_Ovidius_Naso_Metamorphoseon_Libri_Book_13_13_399-13_575,19,"Quae memor ipsa sui , postquam crudelibus aris admota est sensit -que sibi fera sacra parari , ut -que Neoptolemum stantem ferrum -que tenentem ut -que suo vidit figentem lumina vultu , ” utere iamdudum generoso sanguine ! ” dixit , ” nulla mora est : (vidit) aut tu iugulo vel pectore telum conde meo !",52,13.0,7.0,7,5
P_Ovidius_Naso_Metamorphoseon_Libri_Book_13_13_399-13_575,2,"Quae postquam ad Graios domino comitante revexit , imposita est sero tandem manus ultima bello .",21,6.0,2.0,2,3
P_Ovidius_Naso_Metamorphoseon_Libri_Book_13_13_399-13_575,20,( iugulum -que simul pectus -que retexit ) Mors tantum vellem matrem mea fallere posset ! (Polyxena dixit),46,8.0,3.0,3,4
P_Ovidius_Naso_Metamorphoseon_Libri_Book_13_13_399-13_575,21,"Mater obest minuit -que necis mihi gaudia , quamvis non mea mors illi , verum sua vita gemenda est . (gemenda est) (Polyxena dixit)",29,8.0,0.0,3,1
P_Ovidius_Naso_Metamorphoseon_Libri_Book_13_13_399-13_575,22,"Vos modo , ne Stygios adeam non libera manes , ite procul , si iusta peto , tactu -que viriles virgineo removete manus ! (Polyxena dixit)",25,9.0,0.0,4,3
P_Ovidius_Naso_Metamorphoseon_Libri_Book_13_13_399-13_575,23,"Acceptior illi , quisquis is est , quem caede mea placare paratis , liber erit sanguis . (Polyxena dixit)",51,10.0,0.0,3,5
P_Ovidius_Naso_Metamorphoseon_Libri_Book_13_13_399-13_575,24,"Si -quos tamen ultima nostri verba movent oris ( Priami vos filia regis , nunc captiva rogat ) , genetrici corpus inemptum reddite , ne -ve auro redimat ius triste sepulcri , sed lacrimis ! [ ] (Polyxena dixit)",48,10.0,0.0,4,3
P_Ovidius_Naso_Metamorphoseon_Libri_Book_13_13_399-13_575,25,"Tunc , cum poterat , redimebat et auro . ” (Polyxena dixit)",41,6.0,0.0,2,2
P_Ovidius_Naso_Metamorphoseon_Libri_Book_13_13_399-13_575,26,"Dixerat , at populus lacrimas , quas illa tenebat , non tenet ;",45,5.0,4.0,3,4
P_Ovidius_Naso_Metamorphoseon_Libri_Book_13_13_399-13_575,27,ipse etiam flens invitus -que sacerdos praebita coniecto rupit praecordia ferro .,32,5.0,2.0,1,3
P_Ovidius_Naso_Metamorphoseon_Libri_Book_13_13_399-13_575,28,Illa super terram defecto poplite labens pertulit intrepidos ad fata novissima vultus .,43,7.0,4.0,1,3
P_Ovidius_Naso_Metamorphoseon_Libri_Book_13_13_399-13_575,29,"Tunc quoque cura fuit partes velare tegendas , cum caderet , casti -que decus servare pudoris .",43,8.0,3.0,2,4
P_Ovidius_Naso_Metamorphoseon_Libri_Book_13_13_399-13_575,3,"Ilion ardebat , ne -que adhuc consederat ignis , exiguum -que senis Priami Iovis ara cruorem combiberat , raptata comis antistita Phoebi non profecturas tendebat ad aethera palmas .",52,9.0,4.0,4,4
P_Ovidius_Naso_Metamorphoseon_Libri_Book_13_13_399-13_575,30,"Troades excipiunt deploratos -que recensent Priamidas et quid dederit domus una cruoris , te -que gemunt , virgo , te -que , o modo regia coniunx , regia dicta parens , Asiae florentis imago , nunc etiam praedae mala sors , quam victor Ulixes esse suam nollet , ni -si quod tamen Hectora partu edideras : [ ] dominum matri vix repperit Hector ! (esset) (femina)",53,20.0,6.0,7,5
P_Ovidius_Naso_Metamorphoseon_Libri_Book_13_13_399-13_575,31,"Quae corpus complexa animae tam fortis inane , quas totiens patriae dederat natis -que viro -que , huic quoque dat lacrimas ;",38,12.0,7.0,2,4
P_Ovidius_Naso_Metamorphoseon_Libri_Book_13_13_399-13_575,32,"lacrimas in vulnera fundit oscula -que ore tegit consueta -que pectora plangit canitiem -que suam concretam sanguine vellens plura quidem , sed et haec laniato pectore dixit :",44,9.0,4.0,4,3
P_Ovidius_Naso_Metamorphoseon_Libri_Book_13_13_399-13_575,33,"” Nata , tuae ( quid enim superest ? ) dolor ultime matris , nata , iaces , video -que tuum , mea vulnera , pectus , et ne perdiderim quemquam sine caede meorum , tu quoque vulnus habes ! (Hecuba dixit)",43,13.0,0.0,5,5
P_Ovidius_Naso_Metamorphoseon_Libri_Book_13_13_399-13_575,34,"At te , quia femina , rebar a ferro tutam : (est) (Hecuba dixit)",53,6.0,3.0,1,3
P_Ovidius_Naso_Metamorphoseon_Libri_Book_13_13_399-13_575,35,"cecidisti et femina ferro , tot -que tuos idem fratres , te perdidit idem , exitium Troiae nostri -que orbator , Achilles . (perdidit) (Hecuba dixit)",32,9.0,0.0,2,3
P_Ovidius_Naso_Metamorphoseon_Libri_Book_13_13_399-13_575,36,"At postquam cecidit Paridis Phoebi -que sagittis , ' nunc certe , ' dixi , ' non est metuendus Achilles ! (Hecuba dixit)",45,7.0,6.0,3,3
P_Ovidius_Naso_Metamorphoseon_Libri_Book_13_13_399-13_575,37,Nunc quoque mi metuendus erat . (Hecuba dixit),16,3.0,0.0,1,2
P_Ovidius_Naso_Metamorphoseon_Libri_Book_13_13_399-13_575,38,"cinis ipse sepulti in genus hoc saevit , tumulo quoque sensimus hostem . (Hecuba dixit)",54,7.0,0.0,2,3
P_Ovidius_Naso_Metamorphoseon_Libri_Book_13_13_399-13_575,4,"Dardanidas matres patriorum signa deorum , dum licet , amplexas succensa -que templa tenentes invidiosa trahunt victores praemia Grai . [ ]",49,9.0,2.0,2,1
P_Ovidius_Naso_Metamorphoseon_Libri_Book_13_13_399-13_575,40,"Iacet Ilion ingens , eventu -que gravi finita est publica clades , sed finita tamen ; (Hecuba dixit)",37,7.0,0.0,2,1
P_Ovidius_Naso_Metamorphoseon_Libri_Book_13_13_399-13_575,41,"soli mihi Pergama restant , in cursu -que meus dolor est : (Hecuba dixit)",33,6.0,0.0,2,1
P_Ovidius_Naso_Metamorphoseon_Libri_Book_13_13_399-13_575,42,"modo maxima rerum , tot generis natis -que potens nuribus -que viro -que , nunc trahor exul , inops , tumulis avulsa meorum , Penelopae munus ; (Hecuba dixit)",54,11.0,0.0,1,2
P_Ovidius_Naso_Metamorphoseon_Libri_Book_13_13_399-13_575,43,"quae me data pensa trahentem matribus ostendens Ithacis ” haec Hectoris illa est clara parens , haec est ” dicet ” Priameia coniunx ! ” (Hecuba dixit)",21,10.0,0.0,3,5
P_Ovidius_Naso_Metamorphoseon_Libri_Book_13_13_399-13_575,44,"Post -que tot amissos tu nunc , quae sola levabas maternos luctus , hostilia busta piasti ! (Hecuba dixit)",32,7.0,1.0,2,3
P_Ovidius_Naso_Metamorphoseon_Libri_Book_13_13_399-13_575,45,Inferias hosti peperi ! (Hecuba dixit),11,2.0,0.0,1,3
P_Ovidius_Naso_Metamorphoseon_Libri_Book_13_13_399-13_575,47,Quid -ve moror ? (Hecuba dixit),40,3.0,2.0,1,2
P_Ovidius_Naso_Metamorphoseon_Libri_Book_13_13_399-13_575,48,"Quo me servas , annosa senectus ? (Hecuba dixit)",8,3.0,0.0,1,1
P_Ovidius_Naso_Metamorphoseon_Libri_Book_13_13_399-13_575,49,"Quo , di crudeles , ni -si uti nova funera cernam , vivacem differtis anum ? (Hecuba dixit) (differtis)",24,8.0,0.0,2,3
P_Ovidius_Naso_Metamorphoseon_Libri_Book_13_13_399-13_575,5,"Mittitur Astyanax illis de turribus , unde pugnantem pro se proavita -que regna tuentem saepe videre patrem monstratum a matre solebat .",53,11.0,1.0,2,2
P_Ovidius_Naso_Metamorphoseon_Libri_Book_13_13_399-13_575,50,Quis posse putaret felicem Priamum post diruta Pergama dici ? (Hecuba dixit),47,6.0,0.0,1,4
P_Ovidius_Naso_Metamorphoseon_Libri_Book_13_13_399-13_575,51,"Felix morte sua est , ne -c te , mea nata , peremptam adspicit et vitam pariter regnum -que reliquit . (Hecuba dixit)",29,7.0,0.0,3,3
P_Ovidius_Naso_Metamorphoseon_Libri_Book_13_13_399-13_575,52,"At , puto , funeribus dotabere , regia virgo , condetur -que tuum monumentis corpus avitis . (Hecuba dixit)",47,7.0,5.0,3,5
P_Ovidius_Naso_Metamorphoseon_Libri_Book_13_13_399-13_575,53,Non haec est fortuna domus : (Hecuba dixit),15,3.0,0.0,1,1
P_Ovidius_Naso_Metamorphoseon_Libri_Book_13_13_399-13_575,54,tibi munera matris contingent fletus peregrinae -que haustus harenae ! (Hecuba dixit) [ ],46,6.0,0.0,1,5
P_Ovidius_Naso_Metamorphoseon_Libri_Book_13_13_399-13_575,55,Omnia perdidimus : (Hecuba dixit),22,2.0,0.0,1,3
P_Ovidius_Naso_Metamorphoseon_Libri_Book_13_13_399-13_575,56,"superest , cur vivere tempus in breve sustineam , proles gratissima matri , nunc solus , quondam minimus de stirpe virili , has datus Ismario regi Polydorus in oras . (Hecuba dixit)",29,11.0,7.0,2,3
P_Ovidius_Naso_Metamorphoseon_Libri_Book_13_13_399-13_575,57,Quid moror interea crudelia vulnera lymphis abluere et sparsos inmiti sanguine vultus ? ” (Hecuba dixit),24,7.0,0.0,1,2
P_Ovidius_Naso_Metamorphoseon_Libri_Book_13_13_399-13_575,58,"Dixit et ad litus passu processit anili , albentes lacerata comas .",4,6.0,3.0,2,3
P_Ovidius_Naso_Metamorphoseon_Libri_Book_13_13_399-13_575,59,"” Date , Troades , urnam ” dixerat infelix , liquidas hauriret ut undas :",29,7.0,1.0,3,4
P_Ovidius_Naso_Metamorphoseon_Libri_Book_13_13_399-13_575,6,"Iam -que viam suadet Boreas , flatu -que secundo carbasa mota sonant , iubet uti navita ventis .",40,8.0,0.0,3,1
P_Ovidius_Naso_Metamorphoseon_Libri_Book_13_13_399-13_575,60,adspicit eiectum Polydori in litore corpus facta -que Threiciis ingentia vulnera telis !,35,8.0,0.0,1,1
P_Ovidius_Naso_Metamorphoseon_Libri_Book_13_13_399-13_575,61,"Troades exclamant , obmutuit illa dolore , et pariter vocem lacrimas -que introrsus obortas devorat ipse dolor , duro -que simillima saxo torpet et adversa figit modo lumina terra , interdum torvos sustollit ad aethera vultus , nunc positi spectat vultum , nunc vulnera nati , vulnera praecipue , se -que armat et instruit iram . (spectat)",50,15.0,7.0,9,3
P_Ovidius_Naso_Metamorphoseon_Libri_Book_13_13_399-13_575,62,"Qua simul exarsit , tamquam regina maneret , ulcisci statuit poenae -que in imagine tota est , ut -que furit catulo lactente orbata leaena signa -que nacta pedum sequitur , quem non videt , hostem , sic Hecube , postquam cum luctu miscuit iram , non oblita animorum , annorum oblita suorum , vadit ad artificem dirae , Polymestora , caedis conloquium -que petit :",54,14.0,7.0,10,4
P_Ovidius_Naso_Metamorphoseon_Libri_Book_13_13_399-13_575,63,"nam se monstrare relictum velle latens illi , quod nato redderet , aurum . (dixit)",48,6.0,5.0,1,4
P_Ovidius_Naso_Metamorphoseon_Libri_Book_13_13_399-13_575,64,Credidit Odrysius praedae -que adsuetus amore in secreta venit .,17,7.0,3.0,2,3
P_Ovidius_Naso_Metamorphoseon_Libri_Book_13_13_399-13_575,65,"Tum blando callidus ore “ tolle moras , Hecube , ” dixit , ” da munera nato !",46,6.0,4.0,3,3
P_Ovidius_Naso_Metamorphoseon_Libri_Book_13_13_399-13_575,66,"Omne fore illius quod das , quod et ante dedisti , per superos iuro . ” (Polymestor dixit)",12,7.0,0.0,3,3
P_Ovidius_Naso_Metamorphoseon_Libri_Book_13_13_399-13_575,67,"Spectat truculenta loquentem falsa -que iurantem tumida -que exaestuat ira atque ita correpto captivarum agmina matrum invocat et digitos in perfida lumina condit expellit -que genis oculos ( facit ira nocentem ) immergit -que manus , foedata -que sanguine sonti non lumen ( ne -que enim superest ) , loca luminis haurit . (eum) (haurit)",48,15.0,6.0,9,1
P_Ovidius_Naso_Metamorphoseon_Libri_Book_13_13_399-13_575,68,Clade sui Thracum gens inritata tyranni Troada telorum lapidum -que incessere iactu coepit .,49,9.0,2.0,1,3
P_Ovidius_Naso_Metamorphoseon_Libri_Book_13_13_399-13_575,69,"At haec missum rauco cum murmure saxum morsibus insequitur , rictu -que in verba parato latravit , conata loqui :",45,9.0,0.0,2,3
P_Ovidius_Naso_Metamorphoseon_Libri_Book_13_13_399-13_575,7,"” Troia , vale ! rapimur ” clamant , dant oscula terrae Troades et patriae fumantia tecta relinquunt . [ ]",33,9.0,3.0,5,2
P_Ovidius_Naso_Metamorphoseon_Libri_Book_13_13_399-13_575,70,"locus exstat et ex re nomen habet , veterum -que diu memor illa malorum tum quoque Sithonios ululavit maesta per agros .",50,9.0,2.0,3,3
P_Ovidius_Naso_Metamorphoseon_Libri_Book_13_13_399-13_575,71,"illius Troas -que suos hostes -que Pelasgos , illius fortuna deos quoque moverat omnes , sic omnes , ut et ipsa Iovis coniunx -que soror -que eventus Hecubam meruisse negaverit illos . (moverat) (moverat) (fortuna)",46,11.0,7.0,2,5
P_Ovidius_Naso_Metamorphoseon_Libri_Book_13_13_399-13_575,8,Ultima conscendit classem ( miserabile visu ! ) in mediis Hecube natorum inventa sepulcris :,47,8.0,3.0,1,3
P_Ovidius_Naso_Metamorphoseon_Libri_Book_13_13_399-13_575,9,"prensantem tumulos atque ossibus oscula dantem Dulichiae traxere manus , tamen unius hausit in -que sinu cineres se -cum tulit Hectoris haustos ; (illam) (cineres)",54,9.0,4.0,3,3
P_Ovidius_Naso_Metamorphoseon_Libri_Book_13_13_576-13_622,1,"Non vacat Aurorae , quamquam isdem faverat armis , cladibus et casu Troiae -que Hecubae -que moveri .",37,7.0,1.0,2,4
P_Ovidius_Naso_Metamorphoseon_Libri_Book_13_13_576-13_622,10,"Iuppiter adnuerat , cum Memnonis arduus alto corruit igne rogus nigri -que volumina fumi infecere diem , veluti cum flumina natas exhalant nebulas , ne -c sol admittitur infra , ; (fit)",30,11.0,1.0,5,4
P_Ovidius_Naso_Metamorphoseon_Libri_Book_13_13_576-13_622,11,"atra favilla volat glomerata -que corpus in unum densetur faciem -que capit sumit -que calorem atque animam ex igni ( levitas sua praebuit alas ) , et primo similis volucri , mox vera volucris insonuit pennis ;",50,14.0,2.0,6,4
P_Ovidius_Naso_Metamorphoseon_Libri_Book_13_13_576-13_622,12,"pariter sonuere sorores innumerae , quibus est eadem natalis origo , ter -que rogum lustrant , et consonus exit in auras ter plangor ; quarto seducunt castra volatu .",51,9.0,4.0,5,3
P_Ovidius_Naso_Metamorphoseon_Libri_Book_13_13_576-13_622,13,Tum duo diversa populi de parte feroces bella gerunt rostris -que et aduncis unguibus iras exercent alas -que adversa -que pectora iactant inferiae -que cadunt cineri cognata sepulto corpora se -que viro forti meminere creatas . [ ],50,12.0,3.0,5,3
P_Ovidius_Naso_Metamorphoseon_Libri_Book_13_13_576-13_622,14,"praepetibus subitis nomen facit auctor : ab illo Memnonides dictae , cum sol duodena peregit signa , parentali moriturae voce rebellant .",53,8.0,5.0,3,3
P_Ovidius_Naso_Metamorphoseon_Libri_Book_13_13_576-13_622,15,"Ergo aliis latrasse Dymantida flebile visum est : luctibus est Aurora suis intenta , pias -que nunc quoque dat lacrimas et toto rorat in orbe .",36,9.0,4.0,4,1
P_Ovidius_Naso_Metamorphoseon_Libri_Book_13_13_576-13_622,2,"Cura deam proprior luctus -que domesticus angit Memnonis amissi , Phrygiis quem lutea campis vidit Achillea pereuntem cuspide mater :",30,9.0,1.0,2,3
P_Ovidius_Naso_Metamorphoseon_Libri_Book_13_13_576-13_622,3,"vidit , et ille rubor , quo matutina rubescunt tempora , palluerat , latuit -que in nubibus aether .",48,8.0,4.0,4,4
P_Ovidius_Naso_Metamorphoseon_Libri_Book_13_13_576-13_622,4,"At non impositos supremis ignibus artus sustinuit spectare parens , sed crine soluto , sicut erat , magni genibus procumbere non est dedignata Iovis lacrimis -que has addere voces :",45,12.0,0.0,3,3
P_Ovidius_Naso_Metamorphoseon_Libri_Book_13_13_576-13_622,5,"” Omnibus inferior , quas sustinet aureus aether ( nam mihi sunt totum rarissima templa per orbem ) , diva tamen veni , non ut delubra dies -que des mihi sacrificos calituras -que ignibus aras . (sum) (Aurora dixit)",52,14.0,0.0,4,3
P_Ovidius_Naso_Metamorphoseon_Libri_Book_13_13_576-13_622,6,"Si tamen adspicias , quantum tibi femina praestem , tum cum luce nova noctis confinia servo , praemia danda putes ; (Aurora dixit)",47,9.0,0.0,4,3
P_Ovidius_Naso_Metamorphoseon_Libri_Book_13_13_576-13_622,7,"sed non ea cura ne -que hic est nunc status Aurorae , meritos ut poscat honores : (est) (Aurora dixit)",46,9.0,3.0,2,3
P_Ovidius_Naso_Metamorphoseon_Libri_Book_13_13_576-13_622,8,"Memnonis orba mei venio , qui fortia frustra pro patruo tulit arma suo primis -que sub annis occidit a forti , sic vos voluistis , Achille . (Aurora dixit)",35,8.0,0.0,4,3
P_Ovidius_Naso_Metamorphoseon_Libri_Book_13_13_576-13_622,9,"Da , precor , huic aliquem , solacia mortis , honorem , summe deum rector , materna -que vulnera leni . ” (Aurora dixit)",52,7.0,0.0,3,2
P_Ovidius_Naso_Metamorphoseon_Libri_Book_13_13_623-13_737,1,Non tamen eversam Troiae cum moenibus esse spem quoque fata sinunt :,43,5.0,2.0,1,1
P_Ovidius_Naso_Metamorphoseon_Libri_Book_13_13_623-13_737,10,"nam tactu natarum cuncta mearum in segetem laticem -que meri canae -que Minervae transformabantur , dives -que erat usus in illis . (Anius dixit)",54,11.0,0.0,2,3
P_Ovidius_Naso_Metamorphoseon_Libri_Book_13_13_623-13_737,11,"Hoc ubi cognovit Troiae populator Atrides , ne non ex aliqua vestram sensisse procellam nos quoque parte putes , armorum viribus usus abstrahit invitas gremio genitoris , alant -que imperat Argolicam caelesti munere classem . (Anius dixit) [ ]",54,12.0,0.0,5,3
P_Ovidius_Naso_Metamorphoseon_Libri_Book_13_13_623-13_737,12,"Effugiunt , quo quaeque potest : (Anius dixit) (locum)",22,4.0,2.0,2,1
P_Ovidius_Naso_Metamorphoseon_Libri_Book_13_13_623-13_737,13,"Euboea duabus , et totidem natis Andros fraterna petita est . (Anius dixit) (petita est)",12,5.0,0.0,1,1
P_Ovidius_Naso_Metamorphoseon_Libri_Book_13_13_623-13_737,14,"Miles adest et , ni dedantur , bella minatur . (Anius dixit)",15,6.0,0.0,3,4
P_Ovidius_Naso_Metamorphoseon_Libri_Book_13_13_623-13_737,15,"Victa metu pietas : consortia corpora poenae dedidit ( et timido possis ignoscere fratri : non hic Aeneas , non , qui defenderet Andron , Hector erat , per quem decimum durastis in annum ) ; (Anius dixit) (erat)",40,13.0,0.0,5,4
P_Ovidius_Naso_Metamorphoseon_Libri_Book_13_13_623-13_737,16,iam -que parabantur captivis vincla lacertis : (Anius dixit),48,4.0,2.0,1,3
P_Ovidius_Naso_Metamorphoseon_Libri_Book_13_13_623-13_737,17,"illae tollentes etiamnum libera caelo bracchia ' Bacche pater , fer opem ! ' dixere , tulit -que muneris auctor opem , — si miro perdere more ferre vocatur opem . (Anius dixit) [ ]",46,12.0,0.0,4,3
P_Ovidius_Naso_Metamorphoseon_Libri_Book_13_13_623-13_737,18,"ne -c qua ratione figuram perdiderint , potui scire aut nunc dicere possum ; (Anius dixit)",34,5.0,2.0,3,5
P_Ovidius_Naso_Metamorphoseon_Libri_Book_13_13_623-13_737,19,summa mali nota est : (Anius dixit),5,3.0,0.0,1,1
P_Ovidius_Naso_Metamorphoseon_Libri_Book_13_13_623-13_737,2,"sacra et , sacra altera , patrem fert umeris , venerabile onus , Cythereius heros .",45,6.0,2.0,1,1
P_Ovidius_Naso_Metamorphoseon_Libri_Book_13_13_623-13_737,20,"pennas sumpsere tuae -que coniugis in volucres , niveas abiere columbas . ” (Anius dixit)",25,8.0,0.0,2,3
P_Ovidius_Naso_Metamorphoseon_Libri_Book_13_13_623-13_737,21,"Talibus atque aliis postquam convivia dictis implerunt , mensa somnum petiere remota .",42,7.0,3.0,2,3
P_Ovidius_Naso_Metamorphoseon_Libri_Book_13_13_623-13_737,22,cum -que die surgunt adeunt -que oracula Phoebi : qui petere antiquam matrem cognata -que iussit litora ;,34,11.0,0.0,3,3
P_Ovidius_Naso_Metamorphoseon_Libri_Book_13_13_623-13_737,23,"prosequitur rex et dat munus ituris , Anchisae sceptrum , chlamydem pharetram -que nepoti , cratera Aeneae , quem quondam transtulit illi hospes ab Aoniis Therses Ismenius oris . [ ] (dat) (dat) (dat)",53,9.0,7.0,3,3
P_Ovidius_Naso_Metamorphoseon_Libri_Book_13_13_623-13_737,24,"Miserat hunc illi Therses , fabricaverat Alcon Hyleus et longo caelaverat argumento .",18,6.0,3.0,3,4
P_Ovidius_Naso_Metamorphoseon_Libri_Book_13_13_623-13_737,25,"Urbs erat , et septem posses ostendere portas ;",11,6.0,2.0,2,4
P_Ovidius_Naso_Metamorphoseon_Libri_Book_13_13_623-13_737,26,"hae pro nomine erant et , quae foret illa , docebant .",15,6.0,1.0,3,4
P_Ovidius_Naso_Metamorphoseon_Libri_Book_13_13_623-13_737,27,Ante urbem exequiae tumuli -que ignes -que rogi -que effusae -que comas et apertae pectora matres significant luctum ;,54,7.0,2.0,1,1
P_Ovidius_Naso_Metamorphoseon_Libri_Book_13_13_623-13_737,28,"nymphae quoque flere videntur siccatos -que queri fontes , sine frondibus arbor nuda riget , rodunt arentia saxa capellae .",39,10.0,3.0,3,2
P_Ovidius_Naso_Metamorphoseon_Libri_Book_13_13_623-13_737,29,"Ecce facit mediis natas Orione Thebis , hanc non femineum iugulo dare vulnus aperto , illam demisso per fortia vulnera telo pro populo cecidisse suo pulchris -que per urbem funeribus ferri celebri -que in parte cremari , tum de virginea geminos exire favilla , ne genus intereat , iuvenes , quos fama Coronos nominat , et cineri materno ducere pompam . (facit)",48,15.0,5.0,3,3
P_Ovidius_Naso_Metamorphoseon_Libri_Book_13_13_623-13_737,3,de tantis opibus praedam pius eligit illam Ascanium -que suum profuga -que per aequora classe fertur ab Antandro scelerata -que limina Thracum et Polydoreo manantem sanguine terram linquit et utilibus ventis aestu -que secundo intrat Apollineam sociis comitantibus urbem .,47,12.0,4.0,4,2
P_Ovidius_Naso_Metamorphoseon_Libri_Book_13_13_623-13_737,30,"Hactenus antiquo signis fulgentibus aere , summus inaurato crater erat asper acantho .",30,6.0,2.0,1,2
P_Ovidius_Naso_Metamorphoseon_Libri_Book_13_13_623-13_737,31,"Ne -c leviora datis Troiani dona remittunt dant -que sacerdoti custodem turis acerram , dant pateram claram -que auro gemmis -que coronam . [ ]",42,10.0,0.0,3,1
P_Ovidius_Naso_Metamorphoseon_Libri_Book_13_13_623-13_737,32,"Inde recordati Teucros a sanguine Teucri ducere principium , Cretam tenuere loci -que ferre diu nequiere Iovem , centum -que relictis urbibus Ausonios optant contingere portus :",46,10.0,4.0,3,3
P_Ovidius_Naso_Metamorphoseon_Libri_Book_13_13_623-13_737,33,"saevit hiems iactat -que viros , Strophadum -que receptos portubus infidis exterruit ales Aello .",32,7.0,3.0,3,3
P_Ovidius_Naso_Metamorphoseon_Libri_Book_13_13_623-13_737,34,"Et iam Dulichios portus Ithacam -que Samen -que Neritias -que domus , regnum fallacis Ulixis , praeter erant vecti :",27,7.0,0.0,1,2
P_Ovidius_Naso_Metamorphoseon_Libri_Book_13_13_623-13_737,35,"certatam lite deorum Ambraciam versi -que vident sub imagine saxum iudicis , Actiaco quae nunc ab Apolline nota est , vocalem -que sua terram Dodonida quercu Chaonios -que sinus , ubi nati rege Molosso inpia subiectis fugere incendia pennis .",36,13.0,4.0,3,3
P_Ovidius_Naso_Metamorphoseon_Libri_Book_13_13_623-13_737,36,"Proxima Phaeacum felicibus obsita pomis rura petunt , Epiros ab his regnata -que vati Buthrotos Phrygio simulata -que Troia tenetur . [ ]",45,12.0,3.0,2,2
P_Ovidius_Naso_Metamorphoseon_Libri_Book_13_13_623-13_737,37,"Inde futurorum certi , quae cuncta fideli Priamides Helenus monitu praedixerat , intrant Sicaniam : [ ]",54,6.0,5.0,2,4
P_Ovidius_Naso_Metamorphoseon_Libri_Book_13_13_623-13_737,38,"tribus haec excurrit in aequora linguis , e quibus imbriferos est versa Pachynos ad austros , mollibus expositum zephyris Lilybaeon , ad arctos aequoris expertes spectat boream -que Peloros .",51,9.0,2.0,3,1
P_Ovidius_Naso_Metamorphoseon_Libri_Book_13_13_623-13_737,39,"Hac subeunt Teucri , et remis aestu -que secundo sub noctem potitur Zanclaea classis harena .",47,6.0,3.0,2,2
P_Ovidius_Naso_Metamorphoseon_Libri_Book_13_13_623-13_737,4,"Hunc Anius , quo rege homines , antistite Phoebus rite colebatur , templo -que domo -que recepit urbem -que ostendit delubra -que nota duas -que Latona quondam stirpes pariente retentas . (colebantur)",32,11.0,4.0,3,3
P_Ovidius_Naso_Metamorphoseon_Libri_Book_13_13_623-13_737,40,"Scylla latus dextrum , laevum inrequieta Charybdis infestat : (infestat)",34,6.0,0.0,1,1
P_Ovidius_Naso_Metamorphoseon_Libri_Book_13_13_623-13_737,41,"vorat haec raptas revomit -que carinas , illa feris atram canibus succingitur alvum , virginis ora gerens , et , si non omnia vates ficta reliquerunt , aliquo quoque tempore virgo . (erat)",22,14.0,10.0,4,3
P_Ovidius_Naso_Metamorphoseon_Libri_Book_13_13_623-13_737,42,Hanc multi petiere proci ;,15,3.0,2.0,1,3
P_Ovidius_Naso_Metamorphoseon_Libri_Book_13_13_623-13_737,43,"quibus illa repulsis ad pelagi nymphas , pelagi gratissima nymphis , ibat et elusos iuvenum narrabat amores .",29,8.0,4.0,2,2
P_Ovidius_Naso_Metamorphoseon_Libri_Book_13_13_623-13_737,5,Ture dato flammis vino -que in tura profuso caesarum -que boum fibris de more crematis regia tecta petunt positis -que tapetibus altis munera cum liquido capiunt Cerealia Baccho .,46,10.0,4.0,2,1
P_Ovidius_Naso_Metamorphoseon_Libri_Book_13_13_623-13_737,6,"Tum pius Anchises : ” O Phoebi lecte sacerdos , fallor , an et natum , cum primum haec moenia vidi , bis -que duas natas , quantum reminiscor , habebas ? ” (dixit)",51,8.0,5.0,4,3
P_Ovidius_Naso_Metamorphoseon_Libri_Book_13_13_623-13_737,7,"Huic Anius niveis circumdata tempora vittis concutiens et tristis ait : ” Non falleris , heros maxime : vidisti natorum quinque parentem , quem nunc ( tanta homines rerum inconstantia versat ! ) paene vides orbum .",45,16.0,8.0,5,3
P_Ovidius_Naso_Metamorphoseon_Libri_Book_13_13_623-13_737,8,"Quod enim mihi filius absens auxilium , quem dicta suo de nomine tellus Andros habet pro patre locum -que et regna tenentem ? (Anius dixit) (est) [ ]",54,9.0,0.0,1,1
P_Ovidius_Naso_Metamorphoseon_Libri_Book_13_13_623-13_737,9,"Delius augurium dedit huic , dedit altera Liber femineae stirpi voto maiora fide -que munera : (Anius dixit)",46,7.0,0.0,2,3
P_Ovidius_Naso_Metamorphoseon_Libri_Book_13_13_738-13_897,1,"Quam , dum pectendos praebet Galatea capillos , talibus adloquitur , referens suspiria , dictis :",23,6.0,2.0,2,2
P_Ovidius_Naso_Metamorphoseon_Libri_Book_13_13_738-13_897,10,"Hunc ego , me Cyclops nulla cum fine petebat . (Galatea dixit) (petebam)",31,6.0,3.0,1,2
P_Ovidius_Naso_Metamorphoseon_Libri_Book_13_13_738-13_897,11,"Ne -c , si quaesieris , odium Cyclopis , amor -ne Acidis in nobis fuerit praesentior , edam : (Galatea dixit) par utrumque fuit .",50,7.0,4.0,4,6
P_Ovidius_Naso_Metamorphoseon_Libri_Book_13_13_738-13_897,12,"Pro quanta potentia regni est , Venus alma , tui ! (Galatea dixit)",26,5.0,0.0,1,1
P_Ovidius_Naso_Metamorphoseon_Libri_Book_13_13_738-13_897,13,"Nempe ille inmitis et ipsis horrendus silvis et visus ab hospite nullo impune et magni cum dis contemptor Olympi , quid sit amor , sensit valida -que cupidine captus uritur , oblitus pecorum antrorum -que suorum . (Galatea dixit) (ille) [ ]",54,13.0,0.0,3,3
P_Ovidius_Naso_Metamorphoseon_Libri_Book_13_13_738-13_897,14,"Iam -que tibi formae , iam -que est tibi cura placendi , iam rigidos pectis rastris , Polypheme , capillos , iam libet hirsutam tibi falce recidere barbam et spectare feros in aqua et componere vultus . (Galatea dixit) (est) (cura)",20,11.0,8.0,3,1
P_Ovidius_Naso_Metamorphoseon_Libri_Book_13_13_738-13_897,15,"Caedis amor feritas -que sitis -que inmensa cruoris cessant , et tutae veniunt abeunt -que carinae . (Galatea dixit)",53,7.0,0.0,3,1
P_Ovidius_Naso_Metamorphoseon_Libri_Book_13_13_738-13_897,16,"Telemus interea Siculam delatus ad Aetnen , Telemus Eurymides , quem nulla fefellerat ales , terribilem Polyphemon adit ' lumen ” que , ' quod unum fronte geris media , rapiet tibi ' dixit ” Ulixes ! ' (Galatea dixit) [ ] [ ]",30,12.0,0.0,5,5
P_Ovidius_Naso_Metamorphoseon_Libri_Book_13_13_738-13_897,17,"Risit et ” o vatum stolidissime , falleris , ” inquit , ” altera iam rapuit ! ” (Galatea dixit)",29,6.0,0.0,4,3
P_Ovidius_Naso_Metamorphoseon_Libri_Book_13_13_738-13_897,18,Sic frustra vera monentem spernit et aut gradiens ingenti litora passu degravat aut fessus sub opaca revertitur antra . (Galatea dixit),44,8.0,0.0,3,2
P_Ovidius_Naso_Metamorphoseon_Libri_Book_13_13_738-13_897,19,Prominet in pontum cuneatus acumine longo collis ; utrum -que latus circumfluit aequoris unda ; (Galatea dixit),34,8.0,0.0,2,1
P_Ovidius_Naso_Metamorphoseon_Libri_Book_13_13_738-13_897,2,"” Te tamen , o virgo , genus haud inmite virorum expetit , ut -que facis , potes his impune negare ; (Galatea dixit)",41,7.0,0.0,3,1
P_Ovidius_Naso_Metamorphoseon_Libri_Book_13_13_738-13_897,20,"huc ferus ascendit Cyclops medius -que resedit , lanigerae pecudes nullo ducente secutae . (Galatea dixit)",36,7.0,0.0,2,3
P_Ovidius_Naso_Metamorphoseon_Libri_Book_13_13_738-13_897,21,"Cui postquam pinus , baculi quae praebuit usum , ante pedes posita est , antemnis apta ferendis , sumpta -que harundinibus compacta est fistula centum , senserunt toti pastoria sibila montes , senserunt undae ; (Galatea dixit)",36,10.0,0.0,5,3
P_Ovidius_Naso_Metamorphoseon_Libri_Book_13_13_738-13_897,22,latitans ego rupe mei -que Acidis in gremio residens procul auribus hausi talia dicta meis audita -que mente notavi : (Galatea dixit),45,10.0,0.0,2,3
P_Ovidius_Naso_Metamorphoseon_Libri_Book_13_13_738-13_897,23,"” Candidior folio nivei , Galatea , ligustri , floridior pratis , longa procerior alno , splendidior vitro , tenero lascivior haedo , levior adsiduo detritis aequore conchis , solibus hibernis , aestiva gratior umbra , nobilior pomis , platano conspectior alta , lucidior glacie , matura dulcior uva , mollior et cygni plumis et lacte coacto et , si non fugias , riguo formosior horto ; (Polyphemus dixit) (Galatea dixit)",51,10.0,0.0,1,3
P_Ovidius_Naso_Metamorphoseon_Libri_Book_13_13_738-13_897,24,"Saevior indomitis eadem Galatea iuvencis , durior annosa quercu , fallacior undis , lentior et salicis virgis et vitibus albis , his inmobilior scopulis , violentior amne , laudato pavone superbior , acrior igni , asperior tribulis , feta truculentior ursa , surdior aequoribus , calcato inmitior hydro , et , quod praecipue vellem tibi demere possem : Non tantum cervo claris latratibus acto , verum etiam ventis volucri -que fugacior aura ! (Galatea dixit) (Polyphemus dixit) (fugacior) (sis) (sis)",35,16.0,0.0,2,4
P_Ovidius_Naso_Metamorphoseon_Libri_Book_13_13_738-13_897,25,"At bene si noris , pigeat fugisse moras -que ipsa tuas damnes et me retinere labores . (Polyphemus dixit) (Galatea dixit)",45,7.0,0.0,4,5
P_Ovidius_Naso_Metamorphoseon_Libri_Book_13_13_738-13_897,26,"Sunt mihi , pars montis , vivo pendentia saxo antra , quibus ne -c sol medio sentitur in aestu ne -c sentitur hiems ; (Polyphemus dixit) (Galatea dixit)",30,9.0,0.0,3,2
P_Ovidius_Naso_Metamorphoseon_Libri_Book_13_13_738-13_897,27,"sunt poma gravantia ramos , sunt auro similes longis in vitibus uvae , sunt et purpureae : (Polyphemus dixit) (Galatea dixit)",50,9.0,0.0,3,1
P_Ovidius_Naso_Metamorphoseon_Libri_Book_13_13_738-13_897,28,tibi et has servamus et illas . (Polyphemus dixit) (Galatea dixit),15,4.0,0.0,1,1
P_Ovidius_Naso_Metamorphoseon_Libri_Book_13_13_738-13_897,29,"Ipsa tuis manibus silvestri nata sub umbra mollia fraga leges , ipsa autumnalia corna pruna -que , non solum nigro liventia suco , verum etiam generosa novas -que imitantia ceras . (Polyphemus dixit) (Galatea dixit) (leges) (illa)",51,15.0,0.0,1,5
P_Ovidius_Naso_Metamorphoseon_Libri_Book_13_13_738-13_897,3,"At mihi , cui pater est Nereus , quam caerula Doris enixa est , quae sum turba quoque tuta sororum , non ni -si per luctus licuit Cyclopis amorem effugere , ” et lacrimae vocem impediere loquentis . (Galatea dixit) (licuit effugere)",53,11.0,0.0,5,3
P_Ovidius_Naso_Metamorphoseon_Libri_Book_13_13_738-13_897,30,"Ne -c tibi castaneae me coniuge , ne -c tibi deerunt arbutei fetus : (Polyphemus dixit) (Galatea dixit) (deerunt) (fetus)",43,6.0,0.0,1,5
P_Ovidius_Naso_Metamorphoseon_Libri_Book_13_13_738-13_897,31,omnis tibi serviet arbor . (Polyphemus dixit) (Galatea dixit),40,4.0,0.0,1,5
P_Ovidius_Naso_Metamorphoseon_Libri_Book_13_13_738-13_897,32,"Hoc pecus omne meum est , multae quoque vallibus errant , multas silva tegit , multae stabulantur in antris . (Polyphemus dixit) (Galatea dixit)",18,7.0,0.0,4,2
P_Ovidius_Naso_Metamorphoseon_Libri_Book_13_13_738-13_897,33,"Ne -c , si forte roges , possim tibi dicere , quot sint : (Polyphemus dixit) (Galatea dixit) pauperis est numerare pecus !",34,8.0,0.0,4,3
P_Ovidius_Naso_Metamorphoseon_Libri_Book_13_13_738-13_897,34,"De laudibus harum nil mihi credideris : praesens potes ipsa videre , ut vix circumeant distentum cruribus uber . (Polyphemus dixit) (Galatea dixit)",50,10.0,0.0,3,6
P_Ovidius_Naso_Metamorphoseon_Libri_Book_13_13_738-13_897,35,"Sunt , fetura minor , tepidis in ovilibus agni , sunt quoque , par aetas , aliis in ovilibus haedi . (Polyphemus dixit) (Galatea dixit) (quibus est) (qui sunt)",49,10.0,0.0,2,1
P_Ovidius_Naso_Metamorphoseon_Libri_Book_13_13_738-13_897,36,Lac mihi semper adest niveum : (Polyphemus dixit) (Galatea dixit),11,4.0,0.0,1,1
P_Ovidius_Naso_Metamorphoseon_Libri_Book_13_13_738-13_897,37,"pars inde bibenda servatur , partem liquefacta coagula durant . (Polyphemus dixit) (Galatea dixit)",28,6.0,0.0,2,2
P_Ovidius_Naso_Metamorphoseon_Libri_Book_13_13_738-13_897,38,"Ne -c tibi deliciae faciles vulgata -que tantum munera contingent , dammae lepores -que caper -que par -ve columbarum demptus -ve cacumine nidus : (Polyphemus dixit) (Galatea dixit) (tibi contingent)",46,10.0,0.0,1,5
P_Ovidius_Naso_Metamorphoseon_Libri_Book_13_13_738-13_897,39,"inveni geminos , qui te -cum ludere possint , inter se similes , vix ut dignoscere possis , villosae catulos in summis montibus ursae , inveni et dixi ” dominae servabimus istos ! ” (Polyphemus dixit) (Galatea dixit)",50,11.0,0.0,6,5
P_Ovidius_Naso_Metamorphoseon_Libri_Book_13_13_738-13_897,4,"Quas ubi marmoreo detersit pollice virgo et solata deam est , ” refer , o carissima , ” dixit .",23,8.0,4.0,4,3
P_Ovidius_Naso_Metamorphoseon_Libri_Book_13_13_738-13_897,40,"Iam modo caeruleo nitidum caput exsere ponto , iam , Galatea , veni , ne -c munera despice nostra . (Polyphemus dixit) (Galatea dixit)",46,7.0,0.0,3,2
P_Ovidius_Naso_Metamorphoseon_Libri_Book_13_13_738-13_897,41,"Certe ego me novi liquidae -que in imagine vidi nuper aquae , placuit -que mihi mea forma videnti . (Polyphemus dixit) (Galatea dixit)",30,9.0,0.0,3,3
P_Ovidius_Naso_Metamorphoseon_Libri_Book_13_13_738-13_897,42,"Adspice , sim quantus ! (Polyphemus dixit) (Galatea dixit)",26,4.0,0.0,2,3
P_Ovidius_Naso_Metamorphoseon_Libri_Book_13_13_738-13_897,43,Non est hoc corpore maior Iuppiter in caelo : (Polyphemus dixit) (Galatea dixit),19,6.0,0.0,1,1
P_Ovidius_Naso_Metamorphoseon_Libri_Book_13_13_738-13_897,44,"nam vos narrare soletis , nescio quem regnare Iovem . (Polyphemus dixit) (Galatea dixit)",40,7.0,0.0,2,1
P_Ovidius_Naso_Metamorphoseon_Libri_Book_13_13_738-13_897,45,"Coma plurima torvos prominet in vultus umeros -que , ut lucus , obumbrat . (Polyphemus dixit) (Galatea dixit) (obumbrat)",29,9.0,0.0,2,1
P_Ovidius_Naso_Metamorphoseon_Libri_Book_13_13_738-13_897,46,"Ne -c mea quod rigidis horrent densissima saetis corpora , turpe puta ; (Polyphemus dixit) (Galatea dixit) (esse)",47,10.0,0.0,2,2
P_Ovidius_Naso_Metamorphoseon_Libri_Book_13_13_738-13_897,47,"turpis sine frondibus arbor , turpis equus , ni -si colla iubae flaventia velent . (Polyphemus dixit) (Galatea dixit) (est) (est)",40,9.0,0.0,1,3
P_Ovidius_Naso_Metamorphoseon_Libri_Book_13_13_738-13_897,48,"pluma tegit volucres , ovibus sua lana decori est ; barba viros hirtae -que decent in corpore saetae . (Polyphemus dixit) (Galatea dixit)",41,9.0,0.0,3,1
P_Ovidius_Naso_Metamorphoseon_Libri_Book_13_13_738-13_897,49,"Unum est in media lumen mihi fronte , sed instar ingentis clipei . (Polyphemus dixit) (Galatea dixit) (est)",30,8.0,0.0,1,1
P_Ovidius_Naso_Metamorphoseon_Libri_Book_13_13_738-13_897,5,” ne -ve tui causam tege ( sic sum fida ) doloris ! ” (Scylla dixit),50,7.0,0.0,2,2
P_Ovidius_Naso_Metamorphoseon_Libri_Book_13_13_738-13_897,50,Quid ? (Polyphemus dixit) (Galatea dixit),40,3.0,0.0,0,0
P_Ovidius_Naso_Metamorphoseon_Libri_Book_13_13_738-13_897,51,non haec omnia magnus Sol videt e caelo ? (Polyphemus dixit) (Galatea dixit),30,4.0,0.0,1,1
P_Ovidius_Naso_Metamorphoseon_Libri_Book_13_13_738-13_897,52,Soli tamen unicus orbis ! (Polyphemus dixit) (Galatea dixit) (est),30,4.0,1.0,0,0
P_Ovidius_Naso_Metamorphoseon_Libri_Book_13_13_738-13_897,53,"Adde , quod in vestro genitor meus aequore regnat : (Polyphemus dixit) (Galatea dixit)",6,7.0,0.0,2,2
P_Ovidius_Naso_Metamorphoseon_Libri_Book_13_13_738-13_897,54,hunc tibi do socerum ; (Polyphemus dixit) (Galatea dixit) [ ],15,4.0,0.0,1,1
P_Ovidius_Naso_Metamorphoseon_Libri_Book_13_13_738-13_897,55,tantum miserere preces -que supplicis exaudi ! (Polyphemus dixit) (Galatea dixit),12,5.0,0.0,2,5
P_Ovidius_Naso_Metamorphoseon_Libri_Book_13_13_738-13_897,56,"Tibi enim succumbimus uni , qui -que Iovem et caelum sperno et penetrabile fulmen , Nerei , te veneror : (Polyphemus dixit) (Galatea dixit)",19,9.0,0.0,3,2
P_Ovidius_Naso_Metamorphoseon_Libri_Book_13_13_738-13_897,57,tua fulmine saevior ira est . (Polyphemus dixit) (Galatea dixit),35,4.0,0.0,1,1
P_Ovidius_Naso_Metamorphoseon_Libri_Book_13_13_738-13_897,58,"Atque ego contemptus essem patientior huius , si fugeres omnes ; (Polyphemus dixit) (Galatea dixit)",36,6.0,0.0,2,4
P_Ovidius_Naso_Metamorphoseon_Libri_Book_13_13_738-13_897,59,sed cur Cyclope repulso Acin amas praefers -que meis complexibus Acin ? (Polyphemus dixit) (Galatea dixit),15,6.0,0.0,2,1
P_Ovidius_Naso_Metamorphoseon_Libri_Book_13_13_738-13_897,6,Nereis his contra resecuta Crataeide natam est :,15,3.0,2.0,1,1
P_Ovidius_Naso_Metamorphoseon_Libri_Book_13_13_738-13_897,60,"Ille tamen placeat -que sibi placeat -que licebit , quod nollem , Galatea , tibi ; modo copia detur , sentiet esse mihi tanto pro corpore vires ! (Polyphemus dixit) (Galatea dixit)",54,13.0,0.0,6,5
P_Ovidius_Naso_Metamorphoseon_Libri_Book_13_13_738-13_897,61,Viscera viva traham divisa -que membra per agros per -que tuas spargam ( sic se tibi misceat ! ) undas . (Polyphemus dixit) (Galatea dixit),32,11.0,0.0,3,5
P_Ovidius_Naso_Metamorphoseon_Libri_Book_13_13_738-13_897,62,"Uror enim , laesus -que exaestuat acrior ignis , cum -que suis videor translatam viribus Aetnam pectore ferre meo : (Polyphemus dixit) (Galatea dixit)",54,11.0,0.0,3,2
P_Ovidius_Naso_Metamorphoseon_Libri_Book_13_13_738-13_897,64,Talia nequiquam questus ( nam cuncta videbam ) surgit et ut taurus vacca furibundus adempta stare nequit silva -que et notis saltibus errat : (Galatea dixit) (est),54,11.0,0.0,4,2
P_Ovidius_Naso_Metamorphoseon_Libri_Book_13_13_738-13_897,65,"cum ferus ignaros ne -c quicquam tale timentes me videt atque Acin ' video ' que exclamat ' et ista ultima sit , faciam , veneris concordia vestrae ! ' (Galatea dixit)",32,13.0,0.0,5,5
P_Ovidius_Naso_Metamorphoseon_Libri_Book_13_13_738-13_897,66,"Tanta -que vox , quantam Cyclops iratus habere debuit , illa fuit : clamore perhorruit Aetne . (Galatea dixit)",48,7.0,4.0,3,3
P_Ovidius_Naso_Metamorphoseon_Libri_Book_13_13_738-13_897,67,"Ast ego vicino pavefacta sub aequore mergor , terga fugae dederat conversa Symaethius heros et ' fer opem , Galatea , precor , mihi ! (Galatea dixit) (dixerat)",52,10.0,5.0,4,4
P_Ovidius_Naso_Metamorphoseon_Libri_Book_13_13_738-13_897,68,"ferte , parentes ' dixerat ' et vestris periturum admittite regnis ! ' (Galatea dixit)",30,5.0,1.0,3,4
P_Ovidius_Naso_Metamorphoseon_Libri_Book_13_13_738-13_897,69,"Insequitur Cyclops partem -que e monte revulsam mittit , et extremus quamvis pervenit ad illum , angulus e saxo totum tamen obruit Acin . (Galatea dixit)",26,12.0,0.0,4,2
P_Ovidius_Naso_Metamorphoseon_Libri_Book_13_13_738-13_897,7,"” Acis erat Fauno nympha -que Symaethide cretus , magna quidem patris -que sui matris -que voluptas , nostra tamen maior : (Galatea dixit) (erat) (erat) (voluptas)",51,8.0,0.0,1,2
P_Ovidius_Naso_Metamorphoseon_Libri_Book_13_13_738-13_897,70,"At nos , quod fieri solum per fata licebat , fecimus , ut vires adsumeret Acis avitas . (Galatea dixit)",54,8.0,7.0,3,4
P_Ovidius_Naso_Metamorphoseon_Libri_Book_13_13_738-13_897,71,"Puniceus de mole cruor manabat , et intra temporis exiguum rubor evanescere coepit fit -que color primo turbati fluminis imbre purgatur -que mora ; (Galatea dixit)",44,11.0,0.0,4,2
P_Ovidius_Naso_Metamorphoseon_Libri_Book_13_13_738-13_897,72,"tum moles tacta dehiscit , viva -que per rimas procera -que surgit harundo , os -que cavum saxi sonat exsultantibus undis : (Galatea dixit)",42,7.0,0.0,3,1
P_Ovidius_Naso_Metamorphoseon_Libri_Book_13_13_738-13_897,73,"mira -que res , subito media tenus exstitit alvo incinctus iuvenis flexis nova cornua cannis , qui , ni -si quod maior , quod toto caerulus ore , Acis erat . (Galatea dixit) (erat) (erat) (est)",40,13.0,6.0,2,3
P_Ovidius_Naso_Metamorphoseon_Libri_Book_13_13_738-13_897,74,"Sed sic quoque erat tamen Acis , in amnem versus , et antiquum tenuerunt flumina nomen . ” (Galatea dixit)",30,8.0,4.0,2,3
P_Ovidius_Naso_Metamorphoseon_Libri_Book_13_13_738-13_897,8,nam me sibi iunxerat uni . (Galatea dixit),6,3.0,0.0,1,4
P_Ovidius_Naso_Metamorphoseon_Libri_Book_13_13_738-13_897,9,Pulcher et octonis iterum natalibus actis signarat teneras dubia lanugine malas . (Galatea dixit) (erat),36,7.0,4.0,1,4
P_Ovidius_Naso_Metamorphoseon_Libri_Book_13_13_898-13_968,1,"Desierat Galatea loqui , coetu -que soluto discedunt placidis -que natant Nereides undis .",36,6.0,2.0,3,4
P_Ovidius_Naso_Metamorphoseon_Libri_Book_13_13_898-13_968,10,"Nam modo ducebam ducentia retia pisces , nunc in mole sedens moderabar harundine linum . (Glaucus inquit)",12,8.0,0.0,2,3
P_Ovidius_Naso_Metamorphoseon_Libri_Book_13_13_898-13_968,11,"Sunt viridi prato confinia litora , quorum altera pars undis , pars altera cingitur herbis , quas ne -que cornigerae morsu laesere iuvencae , ne -c placidae carpsistis oves hirtae -ve capellae ; (Glaucus inquit) (cingitur)",42,11.0,10.0,4,3
P_Ovidius_Naso_Metamorphoseon_Libri_Book_13_13_898-13_968,12,"non apis inde tulit conlectos sedula flores , non data sunt capiti genialia serta , ne -que umquam falciferae secuere manus ; (Glaucus inquit)",28,7.0,0.0,3,3
P_Ovidius_Naso_Metamorphoseon_Libri_Book_13_13_898-13_968,13,"ego primus in illo caespite consedi , dum lina madentia sicco , ut -que recenserem captivos ordine pisces , insuper exposui quos aut in retia casus aut sua credulitas in aduncos egerat hamos . (Glaucus inquit) (egerat)",48,11.0,0.0,5,4
P_Ovidius_Naso_Metamorphoseon_Libri_Book_13_13_898-13_968,14,"Res similis fictae , sed quid mihi fingere prodest ? (Glaucus inquit) (sit)",50,5.0,0.0,1,1
P_Ovidius_Naso_Metamorphoseon_Libri_Book_13_13_898-13_968,15,"gramine contacto coepit mea praeda moveri et mutare latus terra -que , ut in aequore , niti . (Glaucus inquit) (nititur)",34,8.0,0.0,1,3
P_Ovidius_Naso_Metamorphoseon_Libri_Book_13_13_898-13_968,16,"Dum -que moror miror -que simul , fugit omnis in undas turba suas dominum -que novum litus -que relinquunt . (Glaucus inquit)",50,8.0,2.0,4,2
P_Ovidius_Naso_Metamorphoseon_Libri_Book_13_13_898-13_968,17,"Obstipui dubito -que diu causam -que requiro , num deus hoc aliquis , num sucus fecerit herbae . (Glaucus inquit) (fecerit) [ ]",50,8.0,0.0,4,5
P_Ovidius_Naso_Metamorphoseon_Libri_Book_13_13_898-13_968,18,"' Quae ' tamen ' has ' inquam ' vires habet herba ? ' , manu -que pabula decerpsi decerpta -que dente momordi . (Glaucus inquit)",54,7.0,0.0,4,3
P_Ovidius_Naso_Metamorphoseon_Libri_Book_13_13_898-13_968,19,"Vix bene combiberant ignotos guttura sucos , cum subito trepidare intus praecordia sensi alterius -que rapi naturae pectus amore , ne -c potui restare diu ' repetenda ' que ' numquam terra , vale ! ' dixi corpus -que sub aequora mersi . (Glaucus inquit)",43,15.0,0.0,6,4
P_Ovidius_Naso_Metamorphoseon_Libri_Book_13_13_898-13_968,2,"Scylla redit ( ne -que enim medio se credere ponto audet ) et aut bibula sine vestibus errat harena , aut , ubi lassata est , seductos nacta recessus gurgitis , inclusa sua membra refrigerat unda . (illa)",40,13.0,5.0,5,1
P_Ovidius_Naso_Metamorphoseon_Libri_Book_13_13_898-13_968,20,"Di maris exceptum socio dignantur honore , ut -que mihi quaecumque feram mortalia , demant , Oceanum Tethyn -que rogant : (Glaucus inquit)",43,9.0,0.0,4,3
P_Ovidius_Naso_Metamorphoseon_Libri_Book_13_13_898-13_968,21,"ego lustror ab illis , et purgante nefas noviens mihi carmine dicto pectora fluminibus iubeor supponere centum ; (Glaucus inquit)",49,8.0,0.0,2,2
P_Ovidius_Naso_Metamorphoseon_Libri_Book_13_13_898-13_968,22,"ne -c mora , diversis lapsi de partibus amnes tota -que vertuntur supra caput aequora nostrum . (Glaucus inquit) (erat)",26,8.0,7.0,1,2
P_Ovidius_Naso_Metamorphoseon_Libri_Book_13_13_898-13_968,23,"Hactenus acta tibi possum memoranda referre , hactenus haec memini , ne -c mens mea cetera sensit . (Glaucus inquit)",50,7.0,0.0,3,3
P_Ovidius_Naso_Metamorphoseon_Libri_Book_13_13_898-13_968,24,"Quae postquam rediit , alium me corpore toto ac fueram nuper , ne -que eundem mente recepi . (Glaucus inquit) (recepi)",44,9.0,0.0,3,4
P_Ovidius_Naso_Metamorphoseon_Libri_Book_13_13_898-13_968,25,"Hanc ego tum primum viridem ferrugine barbam caesariem -que meam , quam longa per aequora verro , ingentes -que umeros et caerula bracchia vidi crura -que pinnigero curvata novissima pisce . (Glaucus inquit)",18,11.0,0.0,2,3
P_Ovidius_Naso_Metamorphoseon_Libri_Book_13_13_898-13_968,26,"Quid tamen haec species , quid dis placuisse marinis , quid iuvat esse deum , si tu non tangeris istis ? ” (Glaucus inquit) (iuvat) (iuvat)",42,7.0,0.0,2,2
P_Ovidius_Naso_Metamorphoseon_Libri_Book_13_13_898-13_968,27,"Talia dicentem , dicturum plura , reliquit Scylla deum ;",22,5.0,1.0,1,3
P_Ovidius_Naso_Metamorphoseon_Libri_Book_13_13_898-13_968,28,furit ille inritatus -que repulsa prodigiosa petit Titanidos atria Circes . [ ],21,6.0,4.0,2,1
P_Ovidius_Naso_Metamorphoseon_Libri_Book_13_13_898-13_968,3,"Ecce fretum scindens alti novus incola ponti , nuper in Euboica versis Anthedone membris , Glaucus adest visae -que cupidine virginis haeret et quaecumque putat fugientem posse morari verba refert ; [ ]",47,11.0,1.0,4,1
P_Ovidius_Naso_Metamorphoseon_Libri_Book_13_13_898-13_968,4,fugit illa tamen velox -que timore pervenit in summum positi prope litora montis .,26,9.0,7.0,2,1
P_Ovidius_Naso_Metamorphoseon_Libri_Book_13_13_898-13_968,5,"Ante fretum est ingens , apicem conlectus in unum , longa sub arboribus convexus in aequora vertex :",35,9.0,3.0,1,1
P_Ovidius_Naso_Metamorphoseon_Libri_Book_13_13_898-13_968,6,"constitit hic , et tuta loco , monstrum -ne deus -ne ille sit , ignorans , admiratur -que colorem caesariem -que umeros subiecta -que terga tegentem , ultima -que excipiat quod tortilis inguina piscis . (illa) (sit)",53,14.0,6.0,4,3
P_Ovidius_Naso_Metamorphoseon_Libri_Book_13_13_898-13_968,7,"Sensit et innitens , quae stabat proxima , moli , ” non ego prodigium ne -c sum fera belua , virgo , sed deus ” inquit ” aquae ; (sum) (sum)",30,10.0,5.0,4,3
P_Ovidius_Naso_Metamorphoseon_Libri_Book_13_13_898-13_968,8,ne -c maius in aequore Proteus ius habet et Triton Athamantiades -que Palaemon . (Glaucus inquit) [ ],9,6.0,2.0,1,1
P_Ovidius_Naso_Metamorphoseon_Libri_Book_13_13_898-13_968,9,"Ante tamen mortalis eram , sed , scilicet altis debitus aequoribus , iam tum exercebar in illis . (Glaucus inquit)",41,6.0,0.0,2,3
P_Ovidius_Naso_Metamorphoseon_Libri_Book_1_1_1-1_88,1,In nova fert animus mutatas dicere formas corpora ;,13,7.0,1.0,1,1
P_Ovidius_Naso_Metamorphoseon_Libri_Book_1_1_1-1_88,10,"quae postquam evolvit caeco -que exemit acervo , dissociata locis concordi pace ligavit :",16,7.0,2.0,3,3
P_Ovidius_Naso_Metamorphoseon_Libri_Book_1_1_1-1_88,11,ignea convexi vis et sine pondere caeli emicuit summa -que locum sibi fecit in arce ;,54,8.0,2.0,2,3
P_Ovidius_Naso_Metamorphoseon_Libri_Book_1_1_1-1_88,12,proximus est aer illi levitate loco -que ;,14,4.0,3.0,1,1
P_Ovidius_Naso_Metamorphoseon_Libri_Book_1_1_1-1_88,13,densior his tellus elementa -que grandia traxit et pressa est gravitate sua ;,54,6.0,3.0,2,3
P_Ovidius_Naso_Metamorphoseon_Libri_Book_1_1_1-1_88,14,circumfluus umor ultima possedit solidum -que coercuit orbem .,46,5.0,2.0,2,3
P_Ovidius_Naso_Metamorphoseon_Libri_Book_1_1_1-1_88,15,"Sic ubi dispositam quisquis fuit ille deorum congeriem secuit sectam -que in membra coegit , principio terram , ne non aequalis ab omni parte foret , magni speciem glomeravit in orbis .",51,12.0,5.0,5,4
P_Ovidius_Naso_Metamorphoseon_Libri_Book_1_1_1-1_88,16,tum freta diffundi rapidis -que tumescere ventis iussit et ambitae circumdare litora terrae ;,11,6.0,3.0,1,3
P_Ovidius_Naso_Metamorphoseon_Libri_Book_1_1_1-1_88,17,"addidit et fontes et stagna inmensa lacus -que flumina -que obliquis cinxit declivia ripis , quae , diversa locis , partim sorbentur ab ipsa , in mare perveniunt partim campo -que recepta liberioris aquae pro ripis litora pulsant .",32,13.0,7.0,5,3
P_Ovidius_Naso_Metamorphoseon_Libri_Book_1_1_1-1_88,18,"iussit et extendi campos , subsidere valles , fronde tegi silvas , lapidosos surgere montes , ut -que duae dextra caelum totidem -que sinistra parte secant zonae , quinta est ardentior illis , sic onus inclusum numero distinxit eodem cura dei , totidem -que plagae tellure premuntur . (iussit) (iussit) (iussit) (secant)",54,12.0,3.0,5,3
P_Ovidius_Naso_Metamorphoseon_Libri_Book_1_1_1-1_88,19,"quarum quae media est , non est habitabilis aestu ;",19,4.0,1.0,2,1
P_Ovidius_Naso_Metamorphoseon_Libri_Book_1_1_1-1_88,2,"di , coeptis ( nam vos mutastis et illas ) adspirate meis prima -que ab origine mundi ad mea perpetuum deducite tempora carmen !",12,8.0,4.0,3,3
P_Ovidius_Naso_Metamorphoseon_Libri_Book_1_1_1-1_88,20,nix tegit alta duas ;,5,3.0,2.0,1,1
P_Ovidius_Naso_Metamorphoseon_Libri_Book_1_1_1-1_88,21,totidem inter utramque locavit temperiem -que dedit mixta cum frigore flamma .,29,8.0,5.0,2,3
P_Ovidius_Naso_Metamorphoseon_Libri_Book_1_1_1-1_88,22,"Inminet his aer , qui , quanto est pondere terrae pondus aquae levius , tanto est onerosior igni .",33,9.0,4.0,3,1
P_Ovidius_Naso_Metamorphoseon_Libri_Book_1_1_1-1_88,23,"illic et nebulas , illic consistere nubes iussit et humanas motura tonitrua mentes et cum fulminibus facientes fulgura ventos . (consistere iussit)",44,8.0,5.0,1,3
P_Ovidius_Naso_Metamorphoseon_Libri_Book_1_1_1-1_88,24,His quoque non passim mundi fabricator habendum aera permisit ;,16,5.0,2.0,1,3
P_Ovidius_Naso_Metamorphoseon_Libri_Book_1_1_1-1_88,25,"vix nunc obsistitur illis , cum sua quisque regat diverso flamina tractu , quin lanient mundum ;",28,7.0,1.0,3,3
P_Ovidius_Naso_Metamorphoseon_Libri_Book_1_1_1-1_88,26,tanta est discordia fratrum .,12,3.0,2.0,1,1
P_Ovidius_Naso_Metamorphoseon_Libri_Book_1_1_1-1_88,27,Eurus ad Auroram Nabataea -que regna recessit Persida -que et radiis iuga subdita matutinis ;,51,8.0,4.0,1,3
P_Ovidius_Naso_Metamorphoseon_Libri_Book_1_1_1-1_88,28,"vesper et occiduo quae litora sole tepescunt , proxima sunt Zephyro ;",30,6.0,2.0,2,1
P_Ovidius_Naso_Metamorphoseon_Libri_Book_1_1_1-1_88,29,Scythiam septem -que triones horrifer invasit Boreas ;,8,5.0,2.0,1,3
P_Ovidius_Naso_Metamorphoseon_Libri_Book_1_1_1-1_88,3,"Ante mare et terras et quod tegit omnia caelum unus erat toto Naturae vultus in orbe , quem dixere chaos :",27,8.0,3.0,3,3
P_Ovidius_Naso_Metamorphoseon_Libri_Book_1_1_1-1_88,30,contraria tellus nubibus adsiduis pluvia -que madescit ab Austro .,54,6.0,4.0,1,1
P_Ovidius_Naso_Metamorphoseon_Libri_Book_1_1_1-1_88,31,haec super inposuit liquidum et gravitate carentem aethera ne -c quicquam terrenae faecis habentem .,29,8.0,1.0,1,3
P_Ovidius_Naso_Metamorphoseon_Libri_Book_1_1_1-1_88,32,"Vix ita limitibus dissaepserat omnia certis , cum , quae pressa diu fuerant caligine caeca , sidera coeperunt toto effervescere caelo ;",43,8.0,2.0,3,4
P_Ovidius_Naso_Metamorphoseon_Libri_Book_1_1_1-1_88,33,"ne -u regio foret ulla suis animalibus orba , astra tenent caeleste solum formae -que deorum , cesserunt nitidis habitandae piscibus undae , terra feras cepit , volucres agitabilis aer . (cepit)",27,9.0,0.0,4,4
P_Ovidius_Naso_Metamorphoseon_Libri_Book_1_1_1-1_88,34,Sanctius his animal mentis -que capacius altae deerat adhuc et quod dominari in cetera posset :,47,8.0,6.0,2,4
P_Ovidius_Naso_Metamorphoseon_Libri_Book_1_1_1-1_88,35,"natus homo est , si -ve hunc divino semine fecit ille opifex rerum , mundi melioris origo , si -ve recens tellus seducta -que nuper ab alto aethere cognati retinebat semina caeli .",54,14.0,2.0,3,3
P_Ovidius_Naso_Metamorphoseon_Libri_Book_1_1_1-1_88,36,"quam satus Iapeto , mixtam pluvialibus undis , finxit in effigiem moderantum cuncta deorum , prona -que cum spectent animalia cetera terram , os homini sublime dedit caelum -que videre iussit et erectos ad sidera tollere vultus :",54,12.0,4.0,4,3
P_Ovidius_Naso_Metamorphoseon_Libri_Book_1_1_1-1_88,37,"sic , modo quae fuerat rudis et sine imagine , tellus induit ignotas hominum conversa figuras .",54,7.0,2.0,2,4
P_Ovidius_Naso_Metamorphoseon_Libri_Book_1_1_1-1_88,4,rudis indigesta -que moles ne -c quicquam ni -si pondus iners congesta -que eodem non bene iunctarum discordia semina rerum . (erat) (erat) (erat),29,13.0,0.0,0,0
P_Ovidius_Naso_Metamorphoseon_Libri_Book_1_1_1-1_88,5,"nullus adhuc mundo praebebat lumina Titan , ne -c nova crescendo reparabat cornua Phoebe , ne -c circumfuso pendebat in aere tellus ponderibus librata suis , ne -c bracchia longo margine terrarum porrexerat Amphitrite ;",54,10.0,4.0,4,4
P_Ovidius_Naso_Metamorphoseon_Libri_Book_1_1_1-1_88,6,"ut -que erat et tellus illic et pontus et aer , sic erat instabilis tellus , innabilis unda , lucis egens aer ; (erat) (erat)",54,7.0,0.0,2,2
P_Ovidius_Naso_Metamorphoseon_Libri_Book_1_1_1-1_88,7,"nulli sua forma manebat , obstabat -que aliis aliud , quia corpore in uno frigida pugnabant calidis , umentia siccis , mollia cum duris , sine pondere , habentia pondus . (pugnabant) (pugnabant) (pugnabant) (rebus)",54,9.0,2.0,3,2
P_Ovidius_Naso_Metamorphoseon_Libri_Book_1_1_1-1_88,8,Hanc deus et melior litem Natura diremit .,15,5.0,0.0,1,3
P_Ovidius_Naso_Metamorphoseon_Libri_Book_1_1_1-1_88,9,nam caelo terras et terris abscidit undas et liquidum spisso secrevit ab aere caelum . (abscidit),10,7.0,3.0,2,3
P_Ovidius_Naso_Metamorphoseon_Libri_Book_1_1_313-1_451,1,"Separat Aonios Oetaeis Phocis ab arvis , terra ferax , dum terra fuit , sed tempore in illo pars maris et latus subitarum campus aquarum .",26,10.0,6.0,2,3
P_Ovidius_Naso_Metamorphoseon_Libri_Book_1_1_313-1_451,10,Redditus orbis erat .,27,2.0,1.0,1,2
P_Ovidius_Naso_Metamorphoseon_Libri_Book_1_1_313-1_451,11,"Quem postquam vidit inanem et desolatas agere alta silentia terras , Deucalion lacrimis ita Pyrrham adfatur obortis : (esse)",43,8.0,6.0,2,3
P_Ovidius_Naso_Metamorphoseon_Libri_Book_1_1_313-1_451,12,"“ O soror , o coniunx , o femina sola superstes , quam commune mihi genus et patruelis origo , deinde torus iunxit , nunc ipsa pericula iungunt , terrarum , quascumque vident occasus et ortus , nos duo turba sumus ; possedit cetera pontus . (Deucalion fatur)",46,12.0,0.0,5,3
P_Ovidius_Naso_Metamorphoseon_Libri_Book_1_1_313-1_451,13,Haec quoque adhuc vitae non est fiducia nostrae certa satis ; terrent etiam nunc nubila mentem . (Deucalion fatur),44,7.0,0.0,2,1
P_Ovidius_Naso_Metamorphoseon_Libri_Book_1_1_313-1_451,14,"Quis tibi , si sine me fatis erepta fuisses , nunc animus , miseranda , foret ? (Deucalion fatur)",40,6.0,0.0,2,6
P_Ovidius_Naso_Metamorphoseon_Libri_Book_1_1_313-1_451,15,quo sola timorem ferre modo posses ? (Deucalion fatur),52,4.0,0.0,1,4
P_Ovidius_Naso_Metamorphoseon_Libri_Book_1_1_313-1_451,16,quo consolante doleres ? (Deucalion fatur),51,3.0,0.0,1,4
P_Ovidius_Naso_Metamorphoseon_Libri_Book_1_1_313-1_451,17,"Nam -que ego ( crede mihi ) si te quoque pontus haberet , te sequerer , coniunx , et me quoque pontus haberet . (Deucalion fatur)",36,6.0,2.0,4,5
P_Ovidius_Naso_Metamorphoseon_Libri_Book_1_1_313-1_451,18,O utinam possim populos reparare paternis artibus atque animas formatae infundere terrae ! (Deucalion fatur),43,6.0,0.0,1,3
P_Ovidius_Naso_Metamorphoseon_Libri_Book_1_1_313-1_451,19,Nunc genus in nobis restat mortale duobus ( sic visum superis ) hominum -que exempla manemus . ” (Deucalion fatur),41,7.0,0.0,2,1
P_Ovidius_Naso_Metamorphoseon_Libri_Book_1_1_313-1_451,2,"Mons ibi verticibus petit arduus astra duobus , nomine Parnasus , superant -que cacumina nubes .",28,6.0,2.0,2,1
P_Ovidius_Naso_Metamorphoseon_Libri_Book_1_1_313-1_451,20,"Dixerat , et flebant .",18,2.0,1.0,2,4
P_Ovidius_Naso_Metamorphoseon_Libri_Book_1_1_313-1_451,21,Placuit caeleste precari numen et auxilium per sacras quaerere sortes .,53,7.0,0.0,1,3
P_Ovidius_Naso_Metamorphoseon_Libri_Book_1_1_313-1_451,22,"Nulla mora est : adeunt pariter Cephisidas undas , ut nondum liquidas , sic iam vada nota secantes . (fuerunt)",29,9.0,5.0,2,1
P_Ovidius_Naso_Metamorphoseon_Libri_Book_1_1_313-1_451,23,"Inde ubi libatos inroravere liquores vestibus et capiti , flectunt vestigia sanctae ad delubra deae , quorum fastigia turpi pallebant musco stabant -que sine ignibus arae .",52,10.0,6.0,4,3
P_Ovidius_Naso_Metamorphoseon_Libri_Book_1_1_313-1_451,24,"Ut templi tetigere gradus , procumbit uter -que pronus humi gelido -que pavens dedit oscula saxo atque ita “ si precibus ” dixerunt “ numina iustis victa remollescunt , si flectitur ira deorum , dic , Themi , qua generis damnum reparabile nostri arte sit , et mersis fer opem , mitissima , rebus . ”",43,15.0,7.0,9,3
P_Ovidius_Naso_Metamorphoseon_Libri_Book_1_1_313-1_451,25,Mota dea est sortem -que dedit : “ discedite templo et velate caput cinctas -que resolvite vestes ossa -que post tergum magnae iactate parentis ! “,53,10.0,2.0,6,3
P_Ovidius_Naso_Metamorphoseon_Libri_Book_1_1_313-1_451,26,"obstupuere diu : rumpit -que silentia voce Pyrrha prior iussis -que deae parere recusat , det -que sibi veniam pavido rogat ore pavet -que laedere iactatis maternas ossibus umbras .",42,10.0,6.0,6,3
P_Ovidius_Naso_Metamorphoseon_Libri_Book_1_1_313-1_451,27,interea repetunt caecis obscura latebris verba datae sortis se -cum inter se -que volutant .,53,8.0,4.0,2,1
P_Ovidius_Naso_Metamorphoseon_Libri_Book_1_1_313-1_451,28,inde Promethides placidis Epimethida dictis mulcet et “ aut fallax “ ait “ est sollertia nobis “ aut ( pia sunt nullum -que nefas oracula suadent ! ) magna parens terra est :,49,10.0,3.0,6,1
P_Ovidius_Naso_Metamorphoseon_Libri_Book_1_1_313-1_451,29,lapides in corpore terrae ossa reor dici ; (Deucalion ait),5,6.0,2.0,1,2
P_Ovidius_Naso_Metamorphoseon_Libri_Book_1_1_313-1_451,3,"Hic ubi Deucalion ( nam cetera texerat aequor ) cum consorte tori parva rate vectus adhaesit , Corycidas nymphas et numina montis adorant fatidicam -que Themin , quae tunc oracla tenebat .",34,12.0,8.0,4,4
P_Ovidius_Naso_Metamorphoseon_Libri_Book_1_1_313-1_451,30,iacere hos post terga iubemur . ' (Deucalion ait),35,4.0,0.0,1,2
P_Ovidius_Naso_Metamorphoseon_Libri_Book_1_1_313-1_451,31,"Coniugis augurio quamquam Titania mota est , spes tamen in dubio est :",30,6.0,2.0,2,1
P_Ovidius_Naso_Metamorphoseon_Libri_Book_1_1_313-1_451,32,adeo caelestibus ambo diffidunt monitis ; sed quid temptare nocebit ?,53,5.0,2.0,2,5
P_Ovidius_Naso_Metamorphoseon_Libri_Book_1_1_313-1_451,33,descendunt : velant -que caput tunicas -que recingunt et iussos lapides sua post vestigia mittunt .,26,7.0,3.0,4,1
P_Ovidius_Naso_Metamorphoseon_Libri_Book_1_1_313-1_451,34,"saxa ( quis hoc credat , ni -si sit pro teste vetustas ? ) ponere duritiem coepere suum -que rigorem molliri -que mora mollita -que ducere formam . (coepere)",23,11.0,3.0,3,3
P_Ovidius_Naso_Metamorphoseon_Libri_Book_1_1_313-1_451,35,"mox ubi creverunt natura -que mitior illis contigit , ut quaedam , sic non manifesta videri forma potest hominis , sed uti de marmore coepta non exacta satis rudibus -que simillima signis , quae tamen ex illis aliquo pars umida suco et terrena fuit , versa est in corporis usum ; (videtur) (forma)",50,17.0,5.0,5,3
P_Ovidius_Naso_Metamorphoseon_Libri_Book_1_1_313-1_451,36,"quod solidum est flecti -que nequit , mutatur in ossa , quae modo vena fuit , sub eodem nomine mansit , in -que brevi spatio superorum numine saxa missa viri manibus faciem traxere virorum et de femineo reparata est femina iactu .",35,11.0,6.0,7,3
P_Ovidius_Naso_Metamorphoseon_Libri_Book_1_1_313-1_451,37,inde genus durum sumus experiens -que laborum et documenta damus qua simus origine nati . [ ],43,10.0,5.0,3,3
P_Ovidius_Naso_Metamorphoseon_Libri_Book_1_1_313-1_451,38,"Cetera diversis tellus animalia formis sponte sua peperit , postquam vetus umor ab igne percaluit solis , caenum -que udae -que paludes intumuere aestu , fecunda -que semina rerum vivaci nutrita solo ceu matris in alvo creverunt faciem -que aliquam cepere morando . (semina creverunt)",54,12.0,7.0,5,3
P_Ovidius_Naso_Metamorphoseon_Libri_Book_1_1_313-1_451,39,"sic ubi deseruit madidos septemfluus agros Nilus et antiquo sua flumina reddidit alveo aetherio -que recens exarsit sidere limus , plurima cultores versis animalia glaebis inveniunt et in his quaedam modo coepta per ipsum nascendi spatium , quaedam inperfecta suis -que trunca vident numeris , et eodem in corpore saepe altera pars vivit , rudis est pars altera tellus . (inveniunt)",54,13.0,7.0,7,3
P_Ovidius_Naso_Metamorphoseon_Libri_Book_1_1_313-1_451,4,Non illo melior quisquam ne -c amantior aequi vir fuit aut illa metuentior ulla deorum . (fuit) (fuit),29,8.0,0.0,1,3
P_Ovidius_Naso_Metamorphoseon_Libri_Book_1_1_313-1_451,40,"quippe ubi temperiem sumpsere umor -que calor -que , concipiunt , et ab his oriuntur cuncta duobus , cum -que sit ignis aquae pugnax , vapor umidus omnes res creat , et discors concordia fetibus apta est .",54,11.0,5.0,6,3
P_Ovidius_Naso_Metamorphoseon_Libri_Book_1_1_313-1_451,41,"ergo ubi diluvio tellus lutulenta recenti solibus aetheriis alto -que recanduit aestu , edidit innumeras species ;",54,8.0,5.0,2,3
P_Ovidius_Naso_Metamorphoseon_Libri_Book_1_1_313-1_451,42,"partim -que figuras rettulit antiquas , partim nova monstra creavit .",30,6.0,0.0,2,3
P_Ovidius_Naso_Metamorphoseon_Libri_Book_1_1_313-1_451,43,"Illa quidem nollet , sed te quoque , maxime Python , tum genuit , populis -que novis , incognita serpens , terror eras :",48,7.0,3.0,3,4
P_Ovidius_Naso_Metamorphoseon_Libri_Book_1_1_313-1_451,44,tantum spatii de monte tenebas .,15,4.0,4.0,1,2
P_Ovidius_Naso_Metamorphoseon_Libri_Book_1_1_313-1_451,45,"hunc deus arcitenens , numquam letalibus armis ante ni -si in dammis capreis -que fugacibus usus , mille gravem telis exhausta paene pharetra perdidit effuso per vulnera nigra veneno . (usus est)",48,12.0,4.0,1,3
P_Ovidius_Naso_Metamorphoseon_Libri_Book_1_1_313-1_451,46,"ne -ve operis famam posset delere vetustas , instituit sacros celebri certamine ludos , Pythia de domitae serpentis nomine dictos .",49,11.0,0.0,2,4
P_Ovidius_Naso_Metamorphoseon_Libri_Book_1_1_313-1_451,47,"hic iuvenum quicumque manu pedibus -ve rota -ve vicerat , aesculeae capiebat frondis honorem .",43,6.0,3.0,2,4
P_Ovidius_Naso_Metamorphoseon_Libri_Book_1_1_313-1_451,48,"nondum laurus erat , longo -que decentia crine tempora cingebat de qualibet arbore Phoebus .",18,7.0,4.0,2,2
P_Ovidius_Naso_Metamorphoseon_Libri_Book_1_1_313-1_451,5,"Iuppiter ut liquidis stagnare paludibus orbem et superesse virum de tot modo milibus unum , et superesse videt de tot modo milibus unam , innocuos ambo , cultores numinis ambo , nubila disiecit nimbis -que aquilone remotis et caelo terras ostendit et aethera terris . (esse) (ostendit) (esse)",53,11.0,3.0,3,3
P_Ovidius_Naso_Metamorphoseon_Libri_Book_1_1_313-1_451,6,"Ne -c maris ira manet , posito -que tricuspide telo mulcet aquas rector pelagi supra -que profundum exstantem atque umeros innato murice tectum caeruleum Tritona vocat conchae -que sonanti inspirare iubet fluctus -que et flumina signo iam revocare dato .",47,10.0,0.0,4,1
P_Ovidius_Naso_Metamorphoseon_Libri_Book_1_1_313-1_451,7,"Cava bucina sumitur illi , tortilis , in latum quae turbine crescit ab imo , bucina , quae medio concepit ubi aera ponto , litora voce replet sub utroque iacentia Phoebo .",35,12.0,1.0,4,3
P_Ovidius_Naso_Metamorphoseon_Libri_Book_1_1_313-1_451,8,"Tunc quoque , ut ora dei madida rorantia barba contigit et cecinit iussos inflata receptus , omnibus audita est telluris et aequoris undis , et quibus est undis audita , coercuit omnes .",54,13.0,2.0,5,3
P_Ovidius_Naso_Metamorphoseon_Libri_Book_1_1_313-1_451,9,"Iam mare litus habet , plenos capit alveus amnes , flumina subsidunt colles -que exire videntur , surgit humus , crescunt loca decrescentibus undis , post -que diem longam nudata cacumina silvae ostendunt limum -que tenent in fronde relictum .",28,11.0,7.0,8,2
P_Ovidius_Naso_Metamorphoseon_Libri_Book_1_1_452-1_567,1,"Primus amor Phoebi Daphne Peneia , quem non fors ignara dedit , sed saeva Cupidinis ira . (erat) (dedit)",35,8.0,5.0,1,3
P_Ovidius_Naso_Metamorphoseon_Libri_Book_1_1_452-1_567,10,"hoc deus in nympha Peneide fixit , at illo laesit Apollineas traiecta per ossa medullas ;",47,8.0,3.0,2,3
P_Ovidius_Naso_Metamorphoseon_Libri_Book_1_1_452-1_567,11,"protinus alter amat , fugit altera nomen amantis silvarum latebris captivarum -que ferarum exuviis gaudens innuptae -que aemula Phoebes :",48,10.0,4.0,2,1
P_Ovidius_Naso_Metamorphoseon_Libri_Book_1_1_452-1_567,12,vitta coercebat positos sine lege capillos .,25,5.0,4.0,1,2
P_Ovidius_Naso_Metamorphoseon_Libri_Book_1_1_452-1_567,13,"multi illam petiere , illa aversata petentes inpatiens expers -que viri nemora avia lustrat ne -c , quid Hymen , quid Amor , quid sint conubia curat . (sit) (sit)",12,8.0,5.0,4,3
P_Ovidius_Naso_Metamorphoseon_Libri_Book_1_1_452-1_567,14,"saepe pater dixit : ” generum mihi , filia , debes , ”",7,4.0,3.0,2,3
P_Ovidius_Naso_Metamorphoseon_Libri_Book_1_1_452-1_567,15,"saepe pater dixit : ” debes mihi , nata , nepotes ” ;",7,4.0,3.0,2,3
P_Ovidius_Naso_Metamorphoseon_Libri_Book_1_1_452-1_567,16,"illa velut crimen taedas exosa iugales pulchra verecundo suffuderat ora rubore in -que patris blandis haerens cervice lacertis ” da mihi perpetua , genitor carissime , ” dixit ” virginitate frui ! (odit)",41,11.0,4.0,3,4
P_Ovidius_Naso_Metamorphoseon_Libri_Book_1_1_452-1_567,17,dedit hoc pater ante Dianae . ” (Daphne dixit),15,2.0,2.0,1,1
P_Ovidius_Naso_Metamorphoseon_Libri_Book_1_1_452-1_567,18,"ille quidem obsequitur , sed te decor iste quod optas esse vetat , voto -que tuo tua forma repugnat :",46,7.0,4.0,4,2
P_Ovidius_Naso_Metamorphoseon_Libri_Book_1_1_452-1_567,19,"Phoebus amat visae -que cupit conubia Daphnes , quod -que cupit , sperat , sua -que illum oracula fallunt , ut -que leves stipulae demptis adolentur aristis , ut facibus saepes ardent , quas forte viator vel nimis admovit vel iam sub luce reliquit , sic deus in flammas abiit , sic pectore toto uritur et sterilem sperando nutrit amorem .",43,17.0,4.0,12,3
P_Ovidius_Naso_Metamorphoseon_Libri_Book_1_1_452-1_567,2,"Delius hunc nuper , victo serpente superbus , viderat adducto flectentem cornua nervo ” quid ” que ” tibi ” lascive puer , cum fortibus armis ? ” dixerat : (est)",48,11.0,4.0,2,4
P_Ovidius_Naso_Metamorphoseon_Libri_Book_1_1_452-1_567,20,"spectat inornatos collo pendere capillos et ” quid , si comantur ? ” ait . (fiat)",45,9.0,3.0,3,4
P_Ovidius_Naso_Metamorphoseon_Libri_Book_1_1_452-1_567,21,"videt igne micantes sideribus similes oculos , videt oscula , quae non est vidisse satis ;",50,9.0,5.0,3,1
P_Ovidius_Naso_Metamorphoseon_Libri_Book_1_1_452-1_567,22,laudat digitos -que manus -que bracchia -que et nudos media plus parte lacertos ;,26,7.0,0.0,1,1
P_Ovidius_Naso_Metamorphoseon_Libri_Book_1_1_452-1_567,23,"si qua latent , meliora putat . (esse)",48,5.0,3.0,2,1
P_Ovidius_Naso_Metamorphoseon_Libri_Book_1_1_452-1_567,24,"fugit ocior aura illa levi ne -que ad haec revocantis verba resistit : ” nympha , precor , Penei , mane !",15,11.0,6.0,4,2
P_Ovidius_Naso_Metamorphoseon_Libri_Book_1_1_452-1_567,25,non insequor hostis ; (Phoebus dixit),11,2.0,0.0,1,2
P_Ovidius_Naso_Metamorphoseon_Libri_Book_1_1_452-1_567,26,"nympha , mane ! (Phoebus dixit)",3,3.0,0.0,1,2
P_Ovidius_Naso_Metamorphoseon_Libri_Book_1_1_452-1_567,27,"sic agna lupum , sic cerva leonem , sic aquilam penna fugiunt trepidante columbae , hostes quaeque suos : (fugit) (fugit) (fugiunt) (Phoebus dixit)",14,7.0,0.0,1,1
P_Ovidius_Naso_Metamorphoseon_Libri_Book_1_1_452-1_567,28,amor est mihi causa sequendi ! (Phoebus dixit),50,3.0,0.0,1,1
P_Ovidius_Naso_Metamorphoseon_Libri_Book_1_1_452-1_567,29,me miserum ! (Phoebus dixit),6,2.0,2.0,0,0
P_Ovidius_Naso_Metamorphoseon_Libri_Book_1_1_452-1_567,3,"” ista decent umeros gestamina nostros , qui dare certa ferae , dare vulnera possumus hosti , qui modo pestifero tot iugera ventre prementem stravimus innumeris tumidum Pythona sagittis . (Phoebus dixerat)",33,10.0,0.0,3,3
P_Ovidius_Naso_Metamorphoseon_Libri_Book_1_1_452-1_567,30,ne prona cadas indigna -ve laedi crura notent sentes et sim tibi causa doloris ! (Phoebus dixit),50,8.0,0.0,3,3
P_Ovidius_Naso_Metamorphoseon_Libri_Book_1_1_452-1_567,32,"moderatius , oro , curre fugam -que inhibe , moderatius insequar ipse . (Phoebus dixit)",15,6.0,0.0,4,5
P_Ovidius_Naso_Metamorphoseon_Libri_Book_1_1_452-1_567,33,"cui placeas , inquire tamen : (Phoebus dixit)",17,3.0,0.0,2,3
P_Ovidius_Naso_Metamorphoseon_Libri_Book_1_1_452-1_567,34,"non incola montis , non ego sum pastor , non hic armenta greges -que horridus observo . (sum) (Phoebus dixit)",15,6.0,4.0,2,1
P_Ovidius_Naso_Metamorphoseon_Libri_Book_1_1_452-1_567,35,"nescis , temeraria , nescis , quem fugias , ideo -que fugis : (Phoebus dixit)",39,6.0,0.0,4,3
P_Ovidius_Naso_Metamorphoseon_Libri_Book_1_1_452-1_567,36,mihi Delphica tellus et Claros et Tenedos Patarea -que regia servit ; (Phoebus dixit),54,4.0,0.0,1,1
P_Ovidius_Naso_Metamorphoseon_Libri_Book_1_1_452-1_567,37,Iuppiter est genitor ; (Phoebus dixit),19,2.0,0.0,1,1
P_Ovidius_Naso_Metamorphoseon_Libri_Book_1_1_452-1_567,38,"per me , quod erit -que fuit -que est -que , patet ; (Phoebus dixit)",17,4.0,0.0,4,5
P_Ovidius_Naso_Metamorphoseon_Libri_Book_1_1_452-1_567,39,per me concordant carmina nervis . (Phoebus dixit),6,3.0,0.0,1,1
P_Ovidius_Naso_Metamorphoseon_Libri_Book_1_1_452-1_567,4,"tu face nescio quos esto contentus amores inritare tua , ne -c laudes adsere nostras ! ” (Phoebus dixerat)",39,9.0,0.0,3,3
P_Ovidius_Naso_Metamorphoseon_Libri_Book_1_1_452-1_567,40,"certa quidem nostra est , nostra tamen una sagitta certior , in vacuo quae vulnera pectore fecit ! (sagitta) (est) (Phoebus dixit)",44,9.0,0.0,2,3
P_Ovidius_Naso_Metamorphoseon_Libri_Book_1_1_452-1_567,41,"inventum medicina meum est , opifer -que per orbem dicor , et herbarum subiecta potentia nobis . (Phoebus dixit)",27,7.0,0.0,2,2
P_Ovidius_Naso_Metamorphoseon_Libri_Book_1_1_452-1_567,42,"ei mihi , quod nullis amor est sanabilis herbis ne -c prosunt domino , quae prosunt omnibus , artes ! ” (Phoebus dixit)",43,8.0,2.0,3,1
P_Ovidius_Naso_Metamorphoseon_Libri_Book_1_1_452-1_567,43,"Plura locuturum timido Peneia cursu fugit cum -que ipso verba inperfecta reliquit , tum quoque visa decens ; (esse)",36,7.0,4.0,2,3
P_Ovidius_Naso_Metamorphoseon_Libri_Book_1_1_452-1_567,44,"nudabant corpora venti , obvia -que adversas vibrabant flamina vestes , et levis inpulsos retro dabat aura capillos , aucta -que forma fuga est .",27,9.0,3.0,4,2
P_Ovidius_Naso_Metamorphoseon_Libri_Book_1_1_452-1_567,45,"sed enim non sustinet ultra perdere blanditias iuvenis deus , ut -que monebat ipse Amor , admisso sequitur vestigia passu .",49,8.0,0.0,3,2
P_Ovidius_Naso_Metamorphoseon_Libri_Book_1_1_452-1_567,46,"ut canis in vacuo leporem cum Gallicus arvo vidit , et hic praedam pedibus petit , ille salutem ; (petit) (sic deus et virgo sunt ...)",53,7.0,4.0,2,3
P_Ovidius_Naso_Metamorphoseon_Libri_Book_1_1_452-1_567,47,"alter inhaesuro similis iam iam -que tenere sperat et extento stringit vestigia rostro , alter in ambiguo est , an sit conprensus , et ipsis morsibus eripitur tangentia -que ora relinquit : (sic deus et virgo sunt ...) (ut)",50,11.0,0.0,6,3
P_Ovidius_Naso_Metamorphoseon_Libri_Book_1_1_452-1_567,48,"sic deus et virgo est hic spe celer , illa timore . (est) (celer) (est) (est) (ut canis et lepor ...)",26,6.0,3.0,1,1
P_Ovidius_Naso_Metamorphoseon_Libri_Book_1_1_452-1_567,49,"qui tamen insequitur pennis adiutus Amoris , ocior est requiem -que negat tergo -que fugacis inminet et crinem sparsum cervicibus adflat .",41,10.0,5.0,5,2
P_Ovidius_Naso_Metamorphoseon_Libri_Book_1_1_452-1_567,5,"filius huic Veneris ” figat tuus omnia , Phoebe , te meus arcus ” ait ; (figat)",45,6.0,4.0,2,3
P_Ovidius_Naso_Metamorphoseon_Libri_Book_1_1_452-1_567,50,"viribus absumptis expalluit illa citae -que victa labore fugae spectans Peneidas undas ” fer , pater , ” inquit ” opem !",54,9.0,4.0,3,3
P_Ovidius_Naso_Metamorphoseon_Libri_Book_1_1_452-1_567,51,"si flumina numen habetis , qua nimium placui , mutando perde figuram ! ” (Daphne inquit)",23,6.0,0.0,3,3
P_Ovidius_Naso_Metamorphoseon_Libri_Book_1_1_452-1_567,52,"vix prece finita torpor gravis occupat artus , mollia cinguntur tenui praecordia libro , in frondem crines , in ramos bracchia crescunt , pes modo tam velox pigris radicibus haeret , ora cacumen habet : (crescunt)",51,7.0,4.0,5,2
P_Ovidius_Naso_Metamorphoseon_Libri_Book_1_1_452-1_567,53,remanet nitor unus in illa .,5,4.0,2.0,1,1
P_Ovidius_Naso_Metamorphoseon_Libri_Book_1_1_452-1_567,54,Hanc quoque Phoebus amat posita -que in stipite dextra sentit adhuc trepidare novo sub cortice pectus conplexus -que suis ramos ut membra lacertis oscula dat ligno ; (complexus est),43,10.0,6.0,3,1
P_Ovidius_Naso_Metamorphoseon_Libri_Book_1_1_452-1_567,55,refugit tamen oscula lignum .,17,2.0,1.0,1,1
P_Ovidius_Naso_Metamorphoseon_Libri_Book_1_1_452-1_567,56,"cui deus ” at , quoniam coniunx mea non potes esse , arbor eris certe ” dixit ” mea !",45,8.0,4.0,3,5
P_Ovidius_Naso_Metamorphoseon_Libri_Book_1_1_452-1_567,57,"semper habebunt te coma , te citharae , te nostrae , laure , pharetrae ; (habebunt) (habebunt) (Phoebus dixit)",11,6.0,0.0,1,5
P_Ovidius_Naso_Metamorphoseon_Libri_Book_1_1_452-1_567,58,"tu ducibus Latiis aderis , cum laeta Triumphum vox canet et visent longas Capitolia pompas ; (Phoebus dixit)",48,7.0,0.0,3,5
P_Ovidius_Naso_Metamorphoseon_Libri_Book_1_1_452-1_567,59,"postibus Augustis eadem fidissima custos ante fores stabis mediam -que tuebere quercum , ut -que meum intonsis caput est iuvenale capillis , tu quoque perpetuos semper gere frondis honores ! ” (Phoebus dixit)",53,10.0,0.0,4,5
P_Ovidius_Naso_Metamorphoseon_Libri_Book_1_1_452-1_567,6,"” quantoque animalia cedunt cuncta deo , tanto minor est tua gloria nostra . ” (Cupidus ait)",54,7.0,0.0,2,1
P_Ovidius_Naso_Metamorphoseon_Libri_Book_1_1_452-1_567,61,factis modo laurea ramis adnuit ut -que caput visa est agitasse cacumen . (agitavit),29,9.0,2.0,2,3
P_Ovidius_Naso_Metamorphoseon_Libri_Book_1_1_452-1_567,7,dixit et eliso percussis aere pennis inpiger umbrosa Parnasi constitit arce e -que sagittifera prompsit duo tela pharetra diversorum operum :,35,8.0,5.0,3,3
P_Ovidius_Naso_Metamorphoseon_Libri_Book_1_1_452-1_567,8,"fugat hoc , facit illud amorem ;",15,4.0,2.0,2,1
P_Ovidius_Naso_Metamorphoseon_Libri_Book_1_1_452-1_567,9,"quod facit , auratum est et cuspide fulget acuta , quod fugat , obtusum est et habet sub harundine plumbum .",35,8.0,4.0,6,1
P_Ovidius_Naso_Metamorphoseon_Libri_Book_1_1_568-1_750,1,"Est nemus Haemoniae , praerupta quod undique claudit silva :",23,5.0,3.0,2,1
P_Ovidius_Naso_Metamorphoseon_Libri_Book_1_1_568-1_750,10,"ne fuge me ! "" (dixerat)",7,2.0,0.0,1,2
P_Ovidius_Naso_Metamorphoseon_Libri_Book_1_1_568-1_750,11,fugiebat enim .,17,1.0,1.0,1,2
P_Ovidius_Naso_Metamorphoseon_Libri_Book_1_1_568-1_750,12,"iam pascua Lernae consita -que arboribus Lyrcea reliquerat arva , cum deus inducta latas caligine terras occuluit tenuit -que fugam rapuit -que pudorem .",43,9.0,4.0,4,4
P_Ovidius_Naso_Metamorphoseon_Libri_Book_1_1_568-1_750,13,"Interea medios Iuno despexit in Argos et noctis faciem nebulas fecisse volucres sub nitido mirata die , non fluminis illas esse , ne -c umenti sensit tellure remitti ; atque suus coniunx ubi sit circumspicit , ut quae deprensi totiens iam nosset furta mariti . (circumspicit)",54,15.0,6.0,5,6
P_Ovidius_Naso_Metamorphoseon_Libri_Book_1_1_568-1_750,14,"quem postquam caelo non repperit , "" aut ego fallor aut ego laedor "" ait delapsa -que ab aethere summo constitit in terris nebulas -que recedere iussit .",51,9.0,5.0,6,3
P_Ovidius_Naso_Metamorphoseon_Libri_Book_1_1_568-1_750,15,coniugis adventum praesenserat in -que nitentem Inachidos vultus mutaverat ille iuvencam ;,29,7.0,4.0,2,4
P_Ovidius_Naso_Metamorphoseon_Libri_Book_1_1_568-1_750,16,bos quoque formosa est .,16,2.0,1.0,1,1
P_Ovidius_Naso_Metamorphoseon_Libri_Book_1_1_568-1_750,17,"speciem Saturnia vaccae , quamquam invita , probat ne -c non , et cuius et unde quo -ve sit armento , veri quasi nescia quaerit . (est) (est)",49,9.0,3.0,3,3
P_Ovidius_Naso_Metamorphoseon_Libri_Book_1_1_568-1_750,18,"Iuppiter e terra genitam mentitur , ut auctor desinat inquiri :",36,6.0,3.0,2,3
P_Ovidius_Naso_Metamorphoseon_Libri_Book_1_1_568-1_750,19,petit hanc Saturnia munus . [ ],46,3.0,1.0,1,1
P_Ovidius_Naso_Metamorphoseon_Libri_Book_1_1_568-1_750,2,vocant Tempe ;,2,1.0,1.0,1,1
P_Ovidius_Naso_Metamorphoseon_Libri_Book_1_1_568-1_750,20,quid faciat ?,40,1.0,1.0,1,3
P_Ovidius_Naso_Metamorphoseon_Libri_Book_1_1_568-1_750,21,"crudele suos addicere amores , non dare suspectum est : (est)",24,7.0,0.0,1,1
P_Ovidius_Naso_Metamorphoseon_Libri_Book_1_1_568-1_750,22,"Pudor est , qui suadeat illinc , hinc dissuadet Amor .",43,5.0,2.0,3,3
P_Ovidius_Naso_Metamorphoseon_Libri_Book_1_1_568-1_750,23,"victus Pudor esset Amore , sed leve si munus sociae generis -que tori -que vacca negaretur , poterat non vacca videri ! [ ]",46,8.0,6.0,3,5
P_Ovidius_Naso_Metamorphoseon_Libri_Book_1_1_568-1_750,24,"Paelice donata non protinus exuit omnem diva metum timuit -que Iovem et fuit anxia furti , donec Arestoridae servandam tradidit Argo . [ ]",42,8.0,4.0,4,3
P_Ovidius_Naso_Metamorphoseon_Libri_Book_1_1_568-1_750,25,"centum luminibus cinctum caput Argus habebat inde suis vicibus capiebant bina quietem , cetera servabant atque in statione manebant .",32,10.0,1.0,4,2
P_Ovidius_Naso_Metamorphoseon_Libri_Book_1_1_568-1_750,26,"constiterat quocumque modo , spectabat ad Io , ante oculos Io , quamvis aversus , habebat .",52,8.0,3.0,3,4
P_Ovidius_Naso_Metamorphoseon_Libri_Book_1_1_568-1_750,27,luce sinit pasci ;,21,2.0,0.0,1,1
P_Ovidius_Naso_Metamorphoseon_Libri_Book_1_1_568-1_750,28,"cum sol tellure sub alta est , claudit et indigno circumdat vincula collo .",54,8.0,5.0,3,1
P_Ovidius_Naso_Metamorphoseon_Libri_Book_1_1_568-1_750,29,frondibus arboreis et amara pascitur herba .,1,4.0,0.0,1,2
P_Ovidius_Naso_Metamorphoseon_Libri_Book_1_1_568-1_750,3,per quae Peneos ab imo effusus Pindo spumosis volvitur undis deiectu -que gravi tenues agitantia fumos nubila conducit summis -que adspergine silvis inpluit et sonitu plus quam vicina fatigat : (fatigat),54,10.0,5.0,4,2
P_Ovidius_Naso_Metamorphoseon_Libri_Book_1_1_568-1_750,30,pro -que toro terrae non semper gramen habenti incubat infelix limosa -que flumina potat .,53,8.0,1.0,2,1
P_Ovidius_Naso_Metamorphoseon_Libri_Book_1_1_568-1_750,31,"illa etiam supplex Argo cum bracchia vellet tendere , non habuit , quae bracchia tenderet Argo , conato -que queri mugitus edidit ore pertimuit -que sonos propria -que exterrita voce est .",39,9.0,3.0,6,4
P_Ovidius_Naso_Metamorphoseon_Libri_Book_1_1_568-1_750,32,"venit et ad ripas , ubi ludere saepe solebat , Inachidas :",40,6.0,4.0,2,3
P_Ovidius_Naso_Metamorphoseon_Libri_Book_1_1_568-1_750,33,"rictus nova -que ut conspexit in unda cornua , pertimuit se -que exsternata refugit .",37,7.0,2.0,3,3
P_Ovidius_Naso_Metamorphoseon_Libri_Book_1_1_568-1_750,34,"naides ignorant , ignorat et Inachus ipse , quae sit ;",40,5.0,3.0,3,3
P_Ovidius_Naso_Metamorphoseon_Libri_Book_1_1_568-1_750,35,at illa patrem sequitur sequitur -que sorores et patitur tangi se -que admirantibus offert .,46,6.0,0.0,4,2
P_Ovidius_Naso_Metamorphoseon_Libri_Book_1_1_568-1_750,36,decerptas senior porrexerat Inachus herbas :,14,4.0,0.0,1,4
P_Ovidius_Naso_Metamorphoseon_Libri_Book_1_1_568-1_750,37,"illa manus lambit patriis -que dat oscula palmis ne -c retinet lacrimas et , si modo verba sequantur , oret opem nomen -que suum casus -que loquatur ;",36,10.0,3.0,6,4
P_Ovidius_Naso_Metamorphoseon_Libri_Book_1_1_568-1_750,38,"littera pro verbis , quam pes in pulvere duxit , corporis indicium mutati triste peregit .",54,7.0,4.0,2,3
P_Ovidius_Naso_Metamorphoseon_Libri_Book_1_1_568-1_750,39,""" me miserum ! "" exclamat pater Inachus in -que gementis cornibus et nivea pendens cervice iuvencae "" me miserum ! "" [ ] ingeminat ; [ ] [ ]",37,10.0,3.0,2,1
P_Ovidius_Naso_Metamorphoseon_Libri_Book_1_1_568-1_750,4,"haec domus , haec sedes , haec sunt penetralia magni amnis , in his residens facto de cautibus antro , undis iura dabat nymphis -que colentibus undas . (est) (sunt)",15,13.0,5.0,2,2
P_Ovidius_Naso_Metamorphoseon_Libri_Book_1_1_568-1_750,40,""" tu -ne es quaesita per omnes nata mihi terras ? (Inachus exclamat)",17,6.0,0.0,1,1
P_Ovidius_Naso_Metamorphoseon_Libri_Book_1_1_568-1_750,41,tu non inventa reperta luctus eras levior ! (Inachus exclamat),17,6.0,0.0,1,2
P_Ovidius_Naso_Metamorphoseon_Libri_Book_1_1_568-1_750,42,"retices ne -c mutua nostris dicta refers , alto tantum suspiria ducis pectore , quod -que unum potes , ad mea verba remugis ! (Inachus exclamat) (agere)",53,9.0,0.0,5,3
P_Ovidius_Naso_Metamorphoseon_Libri_Book_1_1_568-1_750,43,"at tibi ego ignarus thalamos taedas -que parabam , spes -que fuit generi mihi prima , secunda nepotum . (fuit) (spes) (Inachus exclamat)",45,7.0,4.0,2,3
P_Ovidius_Naso_Metamorphoseon_Libri_Book_1_1_568-1_750,44,"de grege nunc tibi vir , nunc de grege natus habendus . (habendus) (Inachus exclamat)",15,8.0,5.0,0,0
P_Ovidius_Naso_Metamorphoseon_Libri_Book_1_1_568-1_750,45,"ne -c finire licet tantos mihi morte dolores ; sed nocet esse deum , praeclusa -que ianua leti aeternum nostros luctus extendit in aevum . "" (Inachus exclamat)",49,9.0,6.0,3,1
P_Ovidius_Naso_Metamorphoseon_Libri_Book_1_1_568-1_750,46,talia maerenti stellatus submovet Argus ereptam -que patri diversa in pascua natam abstrahit .,22,7.0,2.0,2,1
P_Ovidius_Naso_Metamorphoseon_Libri_Book_1_1_568-1_750,47,"ipse procul montis sublime cacumen occupat , unde sedens partes speculatur in omnes .",32,7.0,2.0,2,2
P_Ovidius_Naso_Metamorphoseon_Libri_Book_1_1_568-1_750,48,"Ne -c superum rector mala tanta Phoronidos ultra ferre potest natum -que vocat , quem lucida partu Pleias enixa est leto -que det imperat Argum .",49,10.0,0.0,5,3
P_Ovidius_Naso_Metamorphoseon_Libri_Book_1_1_568-1_750,49,parva mora est alas pedibus virgam -que potenti somniferam sumpsisse manu tegumen -que capillis . (sumpsisse) (sumpsisse),36,6.0,3.0,1,1
P_Ovidius_Naso_Metamorphoseon_Libri_Book_1_1_568-1_750,5,"conveniunt illuc popularia flumina primum , nescia , gratentur consolentur -ne parentem , populifer Sperchios et inrequietus Enipeus Apidanos -que senex lenis -que Amphrysos et Aeas , mox -que amnes alii , qui , qua tulit inpetus illos , in mare deducunt fessas erroribus undas . (conveniunt) (an) (ad locum)",36,13.0,6.0,5,4
P_Ovidius_Naso_Metamorphoseon_Libri_Book_1_1_568-1_750,50,"haec ubi disposuit , patria Iove natus ab arce desilit in terras ;",43,6.0,2.0,2,3
P_Ovidius_Naso_Metamorphoseon_Libri_Book_1_1_568-1_750,51,"illic tegumen -que removit et posuit pennas , tantummodo virga retenta est :",23,5.0,0.0,3,3
P_Ovidius_Naso_Metamorphoseon_Libri_Book_1_1_568-1_750,52,"hac agit , ut pastor , per devia rura capellas dum venit abductas , et structis cantat avenis . (agit)",44,8.0,1.0,3,3
P_Ovidius_Naso_Metamorphoseon_Libri_Book_1_1_568-1_750,53,"voce nova captus custos Iunonius "" at tu , quisquis es , hoc poteras me -cum considere saxo "" Argus ait ; [ ]",51,10.0,1.0,3,2
P_Ovidius_Naso_Metamorphoseon_Libri_Book_1_1_568-1_750,54,""" ne -que enim pecori fecundior ullo herba loco est , aptam -que vides pastoribus umbram . "" (ait)",46,7.0,0.0,2,1
P_Ovidius_Naso_Metamorphoseon_Libri_Book_1_1_568-1_750,55,Sedit Atlantiades et euntem multa loquendo detinuit sermone diem iunctis -que canendo vincere harundinibus servantia lumina temptat .,36,9.0,1.0,3,3
P_Ovidius_Naso_Metamorphoseon_Libri_Book_1_1_568-1_750,56,"ille tamen pugnat molles evincere somnos et , quamvis sopor est oculorum parte receptus , parte tamen vigilat .",51,9.0,2.0,3,1
P_Ovidius_Naso_Metamorphoseon_Libri_Book_1_1_568-1_750,57,"quaerit quoque ( nam -que reperta fistula nuper erat ) , qua sit ratione reperta .",30,6.0,3.0,3,3
P_Ovidius_Naso_Metamorphoseon_Libri_Book_1_1_568-1_750,58,"Tum deus "" Arcadiae gelidis sub montibus "" inquit "" inter hamadryadas celeberrima Nonacrinas naias una fuit :",35,6.0,4.0,2,3
P_Ovidius_Naso_Metamorphoseon_Libri_Book_1_1_568-1_750,59,nymphae Syringa vocabant . (Mercurius inquit),2,2.0,0.0,1,2
P_Ovidius_Naso_Metamorphoseon_Libri_Book_1_1_568-1_750,6,Inachus unus abest imo -que reconditus antro fletibus auget aquas natam -que miserrimus Io luget ut amissam : [ ] (luget),29,8.0,4.0,3,1
P_Ovidius_Naso_Metamorphoseon_Libri_Book_1_1_568-1_750,60,non semel et satyros eluserat illa sequentes et quoscumque deos umbrosa -que silva ferax -que rus habet . (Mercurius inquit),51,7.0,2.0,2,4
P_Ovidius_Naso_Metamorphoseon_Libri_Book_1_1_568-1_750,61,Ortygiam studiis ipsa -que colebat virginitate deam ; (Mercurius inquit),21,5.0,0.0,1,2
P_Ovidius_Naso_Metamorphoseon_Libri_Book_1_1_568-1_750,62,"ritu quoque cincta Dianae falleret et posset credi Latonia , si non corneus huic arcus , si non foret aureus illi ; (foret) (Mercurius inquit)",52,8.0,0.0,3,4
P_Ovidius_Naso_Metamorphoseon_Libri_Book_1_1_568-1_750,63,sic quoque fallebat . (Mercurius inquit),16,2.0,0.0,1,2
P_Ovidius_Naso_Metamorphoseon_Libri_Book_1_1_568-1_750,64,"Redeuntem colle Lycaeo Pan videt hanc pinu -que caput praecinctus acuta talia verba refert -- "" restabat verba referre et precibus spretis fugisse per avia nympham , donec harenosi placidum Ladonis ad amnem venerit ; (Mercurius inquit) [ aposiopesis ] [ ]",35,17.0,3.0,4,5
P_Ovidius_Naso_Metamorphoseon_Libri_Book_1_1_568-1_750,65,"hic illam cursum inpedientibus undis ut se mutarent liquidas orasse sorores , Pana -que cum prensam sibi iam Syringa putaret , corpore pro nymphae calamos tenuisse palustres , dum -que ibi suspirat , motos in harundine ventos effecisse sonum tenuem similem -que querenti . (restabat referre)",50,10.0,0.0,3,4
P_Ovidius_Naso_Metamorphoseon_Libri_Book_1_1_568-1_750,66,"arte nova vocis -que deum dulcedine captum "" hoc mihi colloquium te -cum "" dixisse "" manebit , "" atque ita disparibus calamis conpagine cerae inter se iunctis nomen tenuisse puellae . (restabat referre)",43,10.0,0.0,1,5
P_Ovidius_Naso_Metamorphoseon_Libri_Book_1_1_568-1_750,67,talia dicturus vidit Cyllenius omnes subcubuisse oculos adoperta -que lumina somno ;,30,7.0,3.0,1,3
P_Ovidius_Naso_Metamorphoseon_Libri_Book_1_1_568-1_750,68,supprimit extemplo vocem firmat -que soporem languida permulcens medicata lumina virga .,30,6.0,4.0,2,1
P_Ovidius_Naso_Metamorphoseon_Libri_Book_1_1_568-1_750,69,"ne -c mora , falcato nutantem vulnerat ense , qua collo est confine caput , saxo -que cruentum deicit et maculat praeruptam sanguine rupem . (est) (loco)",26,10.0,0.0,4,1
P_Ovidius_Naso_Metamorphoseon_Libri_Book_1_1_568-1_750,7,"nescit , vita -ne fruatur an sit apud manes ; sed quam non invenit usquam , esse putat nusquam atque animo peiora veretur .",47,10.0,5.0,6,4
P_Ovidius_Naso_Metamorphoseon_Libri_Book_1_1_568-1_750,70,"Arge , iaces , quod -que in tot lumina lumen habebas , exstinctum est , centum -que oculos nox occupat una .",32,10.0,4.0,4,2
P_Ovidius_Naso_Metamorphoseon_Libri_Book_1_1_568-1_750,71,Excipit hos volucris -que suae Saturnia pennis collocat et gemmis caudam stellantibus inplet .,47,8.0,3.0,3,1
P_Ovidius_Naso_Metamorphoseon_Libri_Book_1_1_568-1_750,72,protinus exarsit ne -c tempora distulit irae horriferam -que oculis animo -que obiecit Erinyn paelicis Argolicae stimulos -que in pectore caecos condidit et profugam per totum exercuit orbem .,43,10.0,4.0,5,3
P_Ovidius_Naso_Metamorphoseon_Libri_Book_1_1_568-1_750,73,"ultimus inmenso restabas , Nile , labori ;",36,5.0,3.0,1,2
P_Ovidius_Naso_Metamorphoseon_Libri_Book_1_1_568-1_750,74,"quem simul -ac tetigit , positis -que in margine ripae procubuit genibus resupino -que ardua collo , quos potuit solos , tollens ad sidera vultus et gemitu et lacrimis et luctisono mugitu cum Iove visa queri finem -que orare malorum . (tollere)",46,15.0,5.0,3,3
P_Ovidius_Naso_Metamorphoseon_Libri_Book_1_1_568-1_750,75,"coniugis ille suae conplexus colla lacertis , finiat ut poenas tandem , rogat "" in "" que "" futurum pone metus "" inquit : "" numquam tibi causa doloris haec erit , "" et Stygias iubet hoc audire paludes .",50,13.0,4.0,6,5
P_Ovidius_Naso_Metamorphoseon_Libri_Book_1_1_568-1_750,76,"Ut lenita dea est , vultus capit illa priores fit -que , quod ante fuit :",29,6.0,3.0,4,3
P_Ovidius_Naso_Metamorphoseon_Libri_Book_1_1_568-1_750,77,"fugiunt e corpore saetae , cornua decrescunt , fit luminis artior orbis , contrahitur rictus , redeunt umeri -que manus -que , ungula -que in quinos dilapsa absumitur ungues :",37,7.0,4.0,6,2
P_Ovidius_Naso_Metamorphoseon_Libri_Book_1_1_568-1_750,78,de bove nil superest formae ni -si candor in illa . (superest),44,7.0,2.0,1,1
P_Ovidius_Naso_Metamorphoseon_Libri_Book_1_1_568-1_750,79,"officio -que pedum nymphe contenta duorum erigitur metuit -que loqui , ne more iuvencae mugiat , et timide verba intermissa retemptat .",36,13.0,0.0,4,3
P_Ovidius_Naso_Metamorphoseon_Libri_Book_1_1_568-1_750,8,"Viderat a patrio redeuntem Iuppiter illam flumine et "" o virgo Iove digna tuo -que beatum nescio quem factura toro , pete "" dixerat "" umbras altorum nemorum "" ( et nemorum monstraverat umbras ) "" dum calet , et medio sol est altissimus orbe !",41,13.0,5.0,7,4
P_Ovidius_Naso_Metamorphoseon_Libri_Book_1_1_568-1_750,80,Nunc dea linigera colitur celeberrima turba .,22,4.0,2.0,1,2
P_Ovidius_Naso_Metamorphoseon_Libri_Book_1_1_568-1_750,81,huic Epaphus magni genitus de semine tandem creditur esse Iovis per -que urbes iuncta parenti templa tenet .,19,10.0,4.0,2,2
P_Ovidius_Naso_Metamorphoseon_Libri_Book_1_1_568-1_750,9,"quodsi sola times latebras intrare ferarum , praeside tuta deo nemorum secreta subibis , ne -c de plebe deo , sed qui caelestia magna sceptra manu teneo , sed qui vaga fulmina mitto . (subibis) (subibis) (subibis) (deo) (deo) (dixerat)",53,11.0,0.0,5,5
P_Ovidius_Naso_Metamorphoseon_Libri_Book_1_1_750-1_779,1,"fuit huic animis aequalis et annis Sole satus Phaethon , quem quondam magna loquentem ne -c sibi cedentem Phoebo -que parente superbum non tulit Inachides "" matri "" que ait "" omnia demens credis et es tumidus genitoris imagine falsi . "" [ ]",45,13.0,3.0,5,3
P_Ovidius_Naso_Metamorphoseon_Libri_Book_1_1_750-1_779,10,"si modo fert animus , gradere et scitabere ab ipso ! "" (Clymene inquit)",15,6.0,0.0,3,5
P_Ovidius_Naso_Metamorphoseon_Libri_Book_1_1_750-1_779,11,emicat extemplo laetus post talia matris dicta suae Phaethon et concipit aethera mente Aethiopas -que suos positos -que sub ignibus Indos sidereis transit patrios -que adit inpiger ortus .,44,15.0,3.0,4,1
P_Ovidius_Naso_Metamorphoseon_Libri_Book_1_1_750-1_779,2,"erubuit Phaethon iram -que pudore repressit et tulit ad Clymenen Epaphi convicia matrem "" quo "" que "" magis doleas , genetrix "" ait , "" ille ego liber , ille ferox tacui ! [ ]",51,9.0,5.0,6,3
P_Ovidius_Naso_Metamorphoseon_Libri_Book_1_1_750-1_779,3,pudet haec opprobria nobis et dici potuisse et non potuisse refelli . (Phaethon ait),15,5.0,4.0,1,1
P_Ovidius_Naso_Metamorphoseon_Libri_Book_1_1_750-1_779,4,"at tu , si modo sum caelesti stirpe creatus , ede notam tanti generis me -que adsere caelo ! "" (Phaethon ait)",45,8.0,6.0,3,2
P_Ovidius_Naso_Metamorphoseon_Libri_Book_1_1_750-1_779,5,dixit et inplicuit materno bracchia collo per -que suum Meropis -que caput taedas -que sororum traderet oravit veri sibi signa parentis . (caput),26,10.0,5.0,4,4
P_Ovidius_Naso_Metamorphoseon_Libri_Book_1_1_750-1_779,6,"ambiguum Clymene precibus Phaethontis an ira mota magis dicti sibi criminis utraque caelo bracchia porrexit spectans -que ad lumina solis "" per iubar hoc "" inquit "" radiis insigne coruscis , nate , tibi iuro , quod nos audit -que videt -que , hoc te , quem spectas , hoc te , qui temperat orbem , Sole satum ; (satum) (Sole) (sed) (est)",30,15.0,0.0,7,3
P_Ovidius_Naso_Metamorphoseon_Libri_Book_1_1_750-1_779,7,"si ficta loquor , neget ipse videndum se mihi , sit -que oculis lux ista novissima nostris ! (Clymene inquit)",41,6.0,0.0,3,3
P_Ovidius_Naso_Metamorphoseon_Libri_Book_1_1_750-1_779,8,ne -c longus labor est patrios tibi nosse penates . (Clymene inquit),36,6.0,2.0,1,1
P_Ovidius_Naso_Metamorphoseon_Libri_Book_1_1_750-1_779,9,"unde oritur , domus est terrae contermina nostrae : (Clymene inquit)",36,6.0,0.0,2,2
P_Ovidius_Naso_Metamorphoseon_Libri_Book_1_1_89-1_312,1,"Aurea prima sata est aetas , quae vindice nullo , sponte sua , sine lege fidem rectum -que colebat .",52,6.0,5.0,2,2
P_Ovidius_Naso_Metamorphoseon_Libri_Book_1_1_89-1_312,10,"flumina iam lactis , iam flumina nectaris ibant , flava -que de viridi stillabant ilice mella . (ibant)",16,7.0,4.0,2,2
P_Ovidius_Naso_Metamorphoseon_Libri_Book_1_1_89-1_312,100,Iusserat ; hi redeunt ac fontibus ora relaxant et defrenato volvuntur in aequora cursu .,54,6.0,4.0,4,4
P_Ovidius_Naso_Metamorphoseon_Libri_Book_1_1_89-1_312,101,Ipse tridente suo terram percussit :,15,3.0,2.0,1,3
P_Ovidius_Naso_Metamorphoseon_Libri_Book_1_1_89-1_312,102,at illa intremuit motu -que vias patefecit aquarum .,45,4.0,0.0,2,3
P_Ovidius_Naso_Metamorphoseon_Libri_Book_1_1_89-1_312,103,Exspatiata ruunt per apertos flumina campos cum -que satis arbusta simul pecudes -que viros -que tecta -que cum -que suis rapiunt penetralia sacris .,46,12.0,6.0,2,1
P_Ovidius_Naso_Metamorphoseon_Libri_Book_1_1_89-1_312,104,"Si qua domus mansit potuit -que resistere tanto indeiecta malo , culmen tamen altior huius unda tegit , pressae -que latent sub gurgite turres .",48,9.0,6.0,4,3
P_Ovidius_Naso_Metamorphoseon_Libri_Book_1_1_89-1_312,105,Iam -que mare et tellus nullum discrimen habebant :,54,4.0,0.0,1,2
P_Ovidius_Naso_Metamorphoseon_Libri_Book_1_1_89-1_312,106,omnia pontus erant ;,7,2.0,1.0,1,2
P_Ovidius_Naso_Metamorphoseon_Libri_Book_1_1_89-1_312,107,deerant quoque litora ponto .,43,2.0,1.0,1,2
P_Ovidius_Naso_Metamorphoseon_Libri_Book_1_1_89-1_312,108,"Occupat hic collem , cumba sedet alter adunca et ducit remos illic , ubi nuper ararat , ille supra segetes aut mersae culmina villae navigat , hic summa piscem deprendit in ulmo .",46,14.0,3.0,6,4
P_Ovidius_Naso_Metamorphoseon_Libri_Book_1_1_89-1_312,109,"Figitur in viridi , si fors tulit , ancora prato , aut subiecta terunt curvae vineta carinae ;",13,7.0,4.0,3,3
P_Ovidius_Naso_Metamorphoseon_Libri_Book_1_1_89-1_312,11,"Postquam Saturno tenebrosa in Tartara misso sub Iove mundus erat , subiit argentea proles , auro deterior , fulvo pretiosior aere .",41,11.0,4.0,2,3
P_Ovidius_Naso_Metamorphoseon_Libri_Book_1_1_89-1_312,110,"et , modo qua graciles gramen carpsere capellae , nunc ibi deformes ponunt sua corpora phocae .",42,6.0,0.0,2,3
P_Ovidius_Naso_Metamorphoseon_Libri_Book_1_1_89-1_312,111,"Mirantur sub aqua lucos urbes -que domos -que Nereides , silvas -que tenent delphines et altis incursant ramis agitata -que robora pulsant . (esse)",50,9.0,4.0,4,2
P_Ovidius_Naso_Metamorphoseon_Libri_Book_1_1_89-1_312,112,"Nat lupus inter oves , fulvos vehit unda leones , unda vehit tigres , ne -c vires fulminis apro , crura ne -c ablato prosunt velocia cervo . (prosunt)",54,7.0,3.0,4,1
P_Ovidius_Naso_Metamorphoseon_Libri_Book_1_1_89-1_312,113,"Quaesitis -que diu terris , ubi sistere possit , in mare lassatis volucris vaga decidit alis .",19,7.0,0.0,2,3
P_Ovidius_Naso_Metamorphoseon_Libri_Book_1_1_89-1_312,114,"Obruerat tumulos inmensa licentia ponti , pulsabant -que novi montana cacumina fluctus .",54,6.0,3.0,2,4
P_Ovidius_Naso_Metamorphoseon_Libri_Book_1_1_89-1_312,115,"Maxima pars unda rapitur ; quibus unda pepercit , illos longa domant inopi ieiunia victu .",42,7.0,3.0,3,3
P_Ovidius_Naso_Metamorphoseon_Libri_Book_1_1_89-1_312,12,Iuppiter antiqui contraxit tempora veris per -que hiemes aestus -que et inaequalis autumnos et breve ver spatiis exegit quattuor annum .,30,10.0,6.0,1,3
P_Ovidius_Naso_Metamorphoseon_Libri_Book_1_1_89-1_312,13,"tum primum siccis aer fervoribus ustus canduit , et ventis glacies adstricta pependit ;",11,9.0,3.0,2,3
P_Ovidius_Naso_Metamorphoseon_Libri_Book_1_1_89-1_312,14,tum primum subiere domos ;,6,2.0,1.0,1,3
P_Ovidius_Naso_Metamorphoseon_Libri_Book_1_1_89-1_312,15,domus antra fuerunt et densi frutices et vinctae cortice virgae .,1,5.0,4.0,1,3
P_Ovidius_Naso_Metamorphoseon_Libri_Book_1_1_89-1_312,16,"semina tum primum longis Cerealia sulcis obruta sunt , pressi -que iugo gemuere iuvenci .",18,7.0,1.0,2,3
P_Ovidius_Naso_Metamorphoseon_Libri_Book_1_1_89-1_312,17,"Tertia post illam successit aenea proles , saevior ingeniis et ad horrida promptior arma , non scelerata tamen ;",35,9.0,2.0,1,3
P_Ovidius_Naso_Metamorphoseon_Libri_Book_1_1_89-1_312,18,de duro est ultima ferro .,32,4.0,3.0,1,1
P_Ovidius_Naso_Metamorphoseon_Libri_Book_1_1_89-1_312,19,protinus inrupit venae peioris in aevum omne nefas :,49,6.0,2.0,1,3
P_Ovidius_Naso_Metamorphoseon_Libri_Book_1_1_89-1_312,2,"poena metus -que aberant , ne -c verba minantia fixo aere legebantur , ne -c supplex turba timebat iudicis ora sui , sed erant sine vindice tuti .",53,8.0,3.0,4,3
P_Ovidius_Naso_Metamorphoseon_Libri_Book_1_1_89-1_312,20,fugere pudor verum -que fides -que ;,43,3.0,1.0,1,3
P_Ovidius_Naso_Metamorphoseon_Libri_Book_1_1_89-1_312,21,in quorum subiere locum fraudes -que dolus -que insidiae -que et vis et amor sceleratus habendi .,54,7.0,4.0,1,3
P_Ovidius_Naso_Metamorphoseon_Libri_Book_1_1_89-1_312,22,"vela dabant ventis ne -c adhuc bene noverat illos navita , quae -que prius steterant in montibus altis , fluctibus ignotis insultavere carinae , communem -que prius ceu lumina solis et auras cautus humum longo signavit limite mensor . (esse communes)",47,15.0,3.0,5,4
P_Ovidius_Naso_Metamorphoseon_Libri_Book_1_1_89-1_312,23,"ne -c tantum segetes alimenta -que debita dives poscebatur humus , sed itum est in viscera terrae , quas -que recondiderat Stygiis -que admoverat umbris , effodiuntur opes , inritamenta malorum .",46,12.0,0.0,5,4
P_Ovidius_Naso_Metamorphoseon_Libri_Book_1_1_89-1_312,24,"iam -que nocens ferrum ferro -que nocentius aurum prodierat , prodit bellum , quod pugnat utroque , sanguinea -que manu crepitantia concutit arma .",41,9.0,0.0,4,4
P_Ovidius_Naso_Metamorphoseon_Libri_Book_1_1_89-1_312,25,vivitur ex rapto :,13,2.0,2.0,1,2
P_Ovidius_Naso_Metamorphoseon_Libri_Book_1_1_89-1_312,26,"non hospes ab hospite tutus , non socer a genero , fratrum quoque gratia rara est ; (est) (est tutus)",53,7.0,2.0,1,1
P_Ovidius_Naso_Metamorphoseon_Libri_Book_1_1_89-1_312,27,"inminet exitio vir coniugis , illa mariti , lurida terribiles miscent aconita novercae , filius ante diem patrios inquirit in annos : (inminet) (exitio)",33,7.0,3.0,3,1
P_Ovidius_Naso_Metamorphoseon_Libri_Book_1_1_89-1_312,28,"victa iacet pietas , et virgo caede madentis ultima caelestum terras Astraea reliquit . [ ]",16,7.0,1.0,2,3
P_Ovidius_Naso_Metamorphoseon_Libri_Book_1_1_89-1_312,29,"Ne -ve foret terris securior arduus aether , adfectasse ferunt regnum caeleste gigantas alta -que congestos struxisse ad sidera montis .",11,8.0,1.0,2,4
P_Ovidius_Naso_Metamorphoseon_Libri_Book_1_1_89-1_312,3,"nondum caesa suis , peregrinum ut viseret orbem , montibus in liquidas pinus descenderat undas , nulla -que mortales praeter sua litora norant ;",41,11.0,2.0,3,4
P_Ovidius_Naso_Metamorphoseon_Libri_Book_1_1_89-1_312,30,tum pater omnipotens misso perfregit Olympum fulmine et excussit subiectae Pelion Ossae .,7,6.0,3.0,2,3
P_Ovidius_Naso_Metamorphoseon_Libri_Book_1_1_89-1_312,31,"obruta mole sua cum corpora dira iacerent , perfusam multo natorum sanguine Terram immaduisse ferunt calidum -que animasse cruorem et , ne nulla suae stirpis monimenta manerent , in faciem vertisse hominum ;",38,13.0,0.0,3,4
P_Ovidius_Naso_Metamorphoseon_Libri_Book_1_1_89-1_312,32,sed et illa propago contemptrix superum saevae -que avidissima caedis et violenta fuit :,35,7.0,0.0,1,3
P_Ovidius_Naso_Metamorphoseon_Libri_Book_1_1_89-1_312,33,scires e sanguine natos .,43,3.0,0.0,1,4
P_Ovidius_Naso_Metamorphoseon_Libri_Book_1_1_89-1_312,34,"Quae pater ut summa vidit Saturnius arce , ingemit et facto nondum vulgata recenti foeda Lycaoniae referens convivia mensae ingentes animo et dignas Iove concipit iras concilium -que vocat :",42,10.0,3.0,4,3
P_Ovidius_Naso_Metamorphoseon_Libri_Book_1_1_89-1_312,35,tenuit mora nulla vocatos .,23,3.0,2.0,1,3
P_Ovidius_Naso_Metamorphoseon_Libri_Book_1_1_89-1_312,36,"Est via sublimis , caelo manifesta sereno ;",17,5.0,5.0,1,1
P_Ovidius_Naso_Metamorphoseon_Libri_Book_1_1_89-1_312,37,"lactea nomen habet , candore notabilis ipso . [ ]",15,5.0,3.0,1,1
P_Ovidius_Naso_Metamorphoseon_Libri_Book_1_1_89-1_312,38,hac iter est superis ad magni tecta Tonantis regalem -que domum :,18,7.0,5.0,1,1
P_Ovidius_Naso_Metamorphoseon_Libri_Book_1_1_89-1_312,39,dextra laeva -que deorum atria nobilium valvis celebrantur apertis .,52,5.0,3.0,1,2
P_Ovidius_Naso_Metamorphoseon_Libri_Book_1_1_89-1_312,40,plebs habitat diversa locis :,14,3.0,3.0,1,1
P_Ovidius_Naso_Metamorphoseon_Libri_Book_1_1_89-1_312,41,hac parte potentes caelicolae clari -que suos posuere penates ;,30,5.0,2.0,1,3
P_Ovidius_Naso_Metamorphoseon_Libri_Book_1_1_89-1_312,42,"hic locus est , quem , si verbis audacia detur , haud timeam magni dixisse Palatia caeli .",17,7.0,4.0,3,4
P_Ovidius_Naso_Metamorphoseon_Libri_Book_1_1_89-1_312,43,"Ergo ubi marmoreo superi sedere recessu , celsior ipse loco sceptro -que innixus eburno terrificam capitis concussit ter -que quater -que caesariem , cum qua terram , mare , sidera movit .",51,10.0,4.0,3,3
P_Ovidius_Naso_Metamorphoseon_Libri_Book_1_1_89-1_312,44,Talibus inde modis ora indignantia solvit :,52,4.0,2.0,1,3
P_Ovidius_Naso_Metamorphoseon_Libri_Book_1_1_89-1_312,45,""" Non ego pro mundi regno magis anxius illa tempestate fui , qua centum quisque parabat inicere anguipedum captivo bracchia caelo . (Iuppiter dixit)",48,9.0,0.0,2,3
P_Ovidius_Naso_Metamorphoseon_Libri_Book_1_1_89-1_312,46,"nam quamquam ferus hostis erat , tamen illud ab uno corpore et ex una pendebat origine bellum ; (Iuppiter dixit)",24,7.0,0.0,2,2
P_Ovidius_Naso_Metamorphoseon_Libri_Book_1_1_89-1_312,47,"nunc mihi qua totum Nereus circumsonat orbem , perdendum est mortale genus : (Iuppiter dixit) (loco)",41,6.0,0.0,2,1
P_Ovidius_Naso_Metamorphoseon_Libri_Book_1_1_89-1_312,48,per flumina iuro infera sub terras Stygio labentia luco ! (Iuppiter dixit),35,6.0,0.0,1,1
P_Ovidius_Naso_Metamorphoseon_Libri_Book_1_1_89-1_312,49,"cuncta prius temptanda , sed inmedicabile curae ense recidendum , ne pars sincera trahatur . (Iuppiter dixit)",54,7.0,0.0,1,4
P_Ovidius_Naso_Metamorphoseon_Libri_Book_1_1_89-1_312,5,"non tuba derecti , non aeris cornua flexi , non galeae , non ensis erat : (erat) (erat) (erant) (aeris)",37,8.0,2.0,1,2
P_Ovidius_Naso_Metamorphoseon_Libri_Book_1_1_89-1_312,50,"sunt mihi semidei , sunt , rustica numina , nymphae fauni -que satyri -que et monticolae silvani ; (Iuppiter dixit)",17,7.0,0.0,2,1
P_Ovidius_Naso_Metamorphoseon_Libri_Book_1_1_89-1_312,51,"quos quoniam caeli nondum dignamur honore , quas dedimus , certe terras habitare sinamus . (Iuppiter dixit)",43,8.0,0.0,3,3
P_Ovidius_Naso_Metamorphoseon_Libri_Book_1_1_89-1_312,52,"an satis , o superi , tutos fore creditis illos , cum mihi , qui fulmen , qui vos habeo -que rego -que , struxerit insidias notus feritate Lycaon ? ” (Iuppiter dixit)",53,9.0,8.0,4,5
P_Ovidius_Naso_Metamorphoseon_Libri_Book_1_1_89-1_312,53,Confremuere omnes studiis -que ardentibus ausum talia deposcunt .,40,4.0,3.0,2,3
P_Ovidius_Naso_Metamorphoseon_Libri_Book_1_1_89-1_312,54,"Sic , cum manus inpia saevit sanguine Caesareo Romanum exstinguere nomen , attonitum tanto subitae terrore ruinae humanum genus est totus -que perhorruit orbis :",36,9.0,4.0,3,3
P_Ovidius_Naso_Metamorphoseon_Libri_Book_1_1_89-1_312,55,"ne -c tibi grata minus pietas , Auguste , tuorum est , quam fuit illa Iovi .",29,7.0,0.0,2,3
P_Ovidius_Naso_Metamorphoseon_Libri_Book_1_1_89-1_312,56,"Qui postquam voce manu -que murmura conpressit , tenuere silentia cuncti .",54,5.0,1.0,2,3
P_Ovidius_Naso_Metamorphoseon_Libri_Book_1_1_89-1_312,57,"Substitit ut clamor pressus gravitate regentis , Iuppiter hoc iterum sermone silentia rupit : "" Ille quidem poenas , curam hanc dimittite , solvit .",44,12.0,6.0,4,3
P_Ovidius_Naso_Metamorphoseon_Libri_Book_1_1_89-1_312,58,"Quod tamen admissum , quae sit vindicta , docebo . (Iuppiter dixit)",17,4.0,0.0,2,5
P_Ovidius_Naso_Metamorphoseon_Libri_Book_1_1_89-1_312,59,Contigerat nostras infamia temporis aures ; (Iuppiter dixit),45,4.0,3.0,1,4
P_Ovidius_Naso_Metamorphoseon_Libri_Book_1_1_89-1_312,6,sine militis usu mollia securae peragebant otia gentes .,53,5.0,3.0,1,2
P_Ovidius_Naso_Metamorphoseon_Libri_Book_1_1_89-1_312,60,quam cupiens falsam summo delabor Olympo et deus humana lustro sub imagine terras . (esse) (Iuppiter dixit),35,9.0,0.0,2,2
P_Ovidius_Naso_Metamorphoseon_Libri_Book_1_1_89-1_312,61,"Longa mora est , quantum noxae sit ubi -que repertum , enumerare : minor fuit ipsa infamia vero . (Iuppiter dixit)",26,9.0,0.0,3,3
P_Ovidius_Naso_Metamorphoseon_Libri_Book_1_1_89-1_312,62,Maenala transieram latebris horrenda ferarum et cum Cyllene gelidi pineta Lycaei : (Iuppiter dixit),41,7.0,2.0,1,4
P_Ovidius_Naso_Metamorphoseon_Libri_Book_1_1_89-1_312,63,"Arcadis hinc sedes et inhospita tecta tyranni ingredior , traherent cum sera crepuscula noctem . (Iuppiter dixit)",36,7.0,0.0,2,4
P_Ovidius_Naso_Metamorphoseon_Libri_Book_1_1_89-1_312,64,"Signa dedi venisse deum , vulgus -que precari coeperat : inridet primo pia vota Lycaon , mox ait ' experiar deus hic , discrimine aperto , an sit mortalis , Ne -c erit dubitabile verum . ' (Iuppiter dixit) [ ]",52,12.0,0.0,7,5
P_Ovidius_Naso_Metamorphoseon_Libri_Book_1_1_89-1_312,65,Nocte gravem somno necopina perdere morte comparat ; (Iuppiter dixit),22,4.0,0.0,1,1
P_Ovidius_Naso_Metamorphoseon_Libri_Book_1_1_89-1_312,66,haec illi placet experientia veri . (Iuppiter dixit),15,3.0,0.0,1,1
P_Ovidius_Naso_Metamorphoseon_Libri_Book_1_1_89-1_312,67,Ne -c contentus eo est : (Iuppiter dixit),14,3.0,2.0,1,1
P_Ovidius_Naso_Metamorphoseon_Libri_Book_1_1_89-1_312,68,"missi de gente Molossa obsidis unius iugulum mucrone resolvit , atque ita semineces partim ferventibus artus mollit aquis , partim subiecto torruit igni . (Iuppiter dixit)",49,11.0,0.0,3,3
P_Ovidius_Naso_Metamorphoseon_Libri_Book_1_1_89-1_312,69,"Quod simul inposuit mensis , ego vindice flamma in domino dignos everti tecta penates . (Iuppiter dixit)",46,7.0,0.0,2,3
P_Ovidius_Naso_Metamorphoseon_Libri_Book_1_1_89-1_312,7,"ipsa quoque inmunis rastro -que intacta ne -c ullis saucia vomeribus per se dabat omnia tellus , contenti -que cibis nullo cogente creatis arbuteos fetus montana -que fraga legebant corna -que et in duris haerentia mora rubetis et quae deciderant patula Iovis arbore glandes .",54,14.0,4.0,3,4
P_Ovidius_Naso_Metamorphoseon_Libri_Book_1_1_89-1_312,70,"Territus ipse fugit , nactus -que silentia ruris exululat frustra -que loqui conatur : (Iuppiter dixit)",42,8.0,0.0,3,2
P_Ovidius_Naso_Metamorphoseon_Libri_Book_1_1_89-1_312,71,"ab ipso colligit os rabiem , solitae -que cupidine caedis vertitur in pecudes et nunc quoque sanguine gaudet . (Iuppiter dixit)",40,8.0,0.0,3,2
P_Ovidius_Naso_Metamorphoseon_Libri_Book_1_1_89-1_312,72,"In villos abeunt vestes , in crura lacerti : fit lupus et veteris servat vestigia formae . (abeunt) (Iuppiter dixit)",24,9.0,0.0,3,1
P_Ovidius_Naso_Metamorphoseon_Libri_Book_1_1_89-1_312,73,"Canities eadem est , eadem violentia vultus , idem oculi lucent , eadem feritatis imago est . (est) (Iuppiter dixit)",31,6.0,0.0,3,1
P_Ovidius_Naso_Metamorphoseon_Libri_Book_1_1_89-1_312,74,"Occidit una domus , sed non domus una perire digna fuit : (Iuppiter dixit)",30,7.0,0.0,2,3
P_Ovidius_Naso_Metamorphoseon_Libri_Book_1_1_89-1_312,75,"qua terra patet , fera regnat Erinys . (Iuppiter dixit) (loco)",3,5.0,2.0,2,1
P_Ovidius_Naso_Metamorphoseon_Libri_Book_1_1_89-1_312,76,In facinus iurasse putes . (Iuppiter dixit),47,4.0,0.0,1,3
P_Ovidius_Naso_Metamorphoseon_Libri_Book_1_1_89-1_312,77,Dent ocius omnes quas meruere pati ( sic stat sententia ) poenas . ” (Iuppiter dixit),46,7.0,4.0,3,3
P_Ovidius_Naso_Metamorphoseon_Libri_Book_1_1_89-1_312,78,"Dicta Iovis pars voce probant stimulos -que frementi adiciunt , alii partes adsensibus inplent .",49,6.0,2.0,3,1
P_Ovidius_Naso_Metamorphoseon_Libri_Book_1_1_89-1_312,79,"Est tamen humani generis iactura dolori omnibus , et , quae sit terrae mortalibus orbae forma futura , rogant , quis sit laturus in aras tura , feris -ne paret populandas tradere terras .",52,11.0,2.0,5,3
P_Ovidius_Naso_Metamorphoseon_Libri_Book_1_1_89-1_312,8,"ver erat aeternum , placidi -que tepentibus auris mulcebant zephyri natos sine semine flores ;",43,7.0,5.0,2,2
P_Ovidius_Naso_Metamorphoseon_Libri_Book_1_1_89-1_312,80,Talia quaerentes ( sibi enim fore cetera curae ) rex superum trepidare vetat subolem -que priori dissimilem populo promittit origine mira . (Iuppiter dixit),40,10.0,4.0,2,1
P_Ovidius_Naso_Metamorphoseon_Libri_Book_1_1_89-1_312,81,Iam -que erat in totas sparsurus fulmina terras :,8,4.0,0.0,1,2
P_Ovidius_Naso_Metamorphoseon_Libri_Book_1_1_89-1_312,82,"sed timuit , ne forte sacer tot ab ignibus aether conciperet flammas longus -que ardesceret axis :",32,7.0,2.0,3,4
P_Ovidius_Naso_Metamorphoseon_Libri_Book_1_1_89-1_312,83,"esse quoque in fatis reminiscitur , adfore tempus , quo mare , quo tellus correpta -que regia caeli ardeat et mundi moles obsessa laboret . (ardeat)",54,10.0,9.0,3,3
P_Ovidius_Naso_Metamorphoseon_Libri_Book_1_1_89-1_312,84,Tela reponuntur manibus fabricata Cyclopum :,35,4.0,4.0,1,2
P_Ovidius_Naso_Metamorphoseon_Libri_Book_1_1_89-1_312,85,"poena placet diversa , genus mortale sub undis perdere et ex omni nimbos demittere caelo .",48,7.0,0.0,1,1
P_Ovidius_Naso_Metamorphoseon_Libri_Book_1_1_89-1_312,86,Protinus Aeoliis Aquilonem claudit in antris et quaecumque fugant inductas flamina nubes emittit -que Notum .,28,7.0,2.0,3,1
P_Ovidius_Naso_Metamorphoseon_Libri_Book_1_1_89-1_312,87,"Madidis Notus evolat alis , terribilem picea tectus caligine vultum :",20,6.0,4.0,1,1
P_Ovidius_Naso_Metamorphoseon_Libri_Book_1_1_89-1_312,88,"barba gravis nimbis , canis fluit unda capillis ; (est)",46,6.0,2.0,1,1
P_Ovidius_Naso_Metamorphoseon_Libri_Book_1_1_89-1_312,89,"fronte sedent nebulae , rorant pennae -que sinus -que .",8,5.0,3.0,2,1
P_Ovidius_Naso_Metamorphoseon_Libri_Book_1_1_89-1_312,9,"mox etiam fruges tellus inarata ferebat , ne -c renovatus ager gravidis canebat aristis ;",54,7.0,3.0,2,2
P_Ovidius_Naso_Metamorphoseon_Libri_Book_1_1_89-1_312,90,"Ut -que manu late pendentia nubila pressit , fit fragor :",29,6.0,0.0,2,3
P_Ovidius_Naso_Metamorphoseon_Libri_Book_1_1_89-1_312,91,hinc densi funduntur ab aethere nimbi .,7,4.0,2.0,1,2
P_Ovidius_Naso_Metamorphoseon_Libri_Book_1_1_89-1_312,92,Nuntia Iunonis varios induta colores concipit Iris aquas alimenta -que nubibus adfert . [ ],28,7.0,2.0,2,1
P_Ovidius_Naso_Metamorphoseon_Libri_Book_1_1_89-1_312,93,"Sternuntur segetes et deplorata coloni vota iacent , longi -que perit labor inritus anni .",46,7.0,4.0,3,2
P_Ovidius_Naso_Metamorphoseon_Libri_Book_1_1_89-1_312,94,"Ne -c caelo contenta suo est Iovis ira , sed illum caeruleus frater iuvat auxiliaribus undis .",19,6.0,0.0,2,1
P_Ovidius_Naso_Metamorphoseon_Libri_Book_1_1_89-1_312,95,Convocat hic amnes .,15,2.0,1.0,1,1
P_Ovidius_Naso_Metamorphoseon_Libri_Book_1_1_89-1_312,96,"Qui postquam tecta tyranni intravere sui , ” non est hortamine longo nunc ” ait ” utendum .",45,8.0,3.0,3,3
P_Ovidius_Naso_Metamorphoseon_Libri_Book_1_1_89-1_312,97,Vires effundite vestras : (Neptunus dixit),54,3.0,0.0,1,2
P_Ovidius_Naso_Metamorphoseon_Libri_Book_1_1_89-1_312,98,sic opus est ! (Neptunus dixit),9,2.0,0.0,1,1
P_Ovidius_Naso_Metamorphoseon_Libri_Book_1_1_89-1_312,99,aperite domos ac mole remota fluminibus vestris totas inmittite habenas ! ” (Neptunus dixit),32,5.0,0.0,2,2
P_Vergilius_Maro_AP_Aeneid_2_201-2_249,1,"Laocoön , ductus Neptuno sorte sacerdos , sollemnis taurum ingentem mactabat ad aras .",53,6.0,3.0,1,2
P_Vergilius_Maro_AP_Aeneid_2_201-2_249,10,"et iam bis medium amplexi , bis collo squamea circum terga dati , superant capite et cervicibus altis .",51,7.0,0.0,1,1
P_Vergilius_Maro_AP_Aeneid_2_201-2_249,11,"Ille simul manibus tendit divellere nodos , perfusus sanie vittas atro -que veneno , clamores simul horrendos ad sidera tollit :",48,8.0,5.0,2,1
P_Vergilius_Maro_AP_Aeneid_2_201-2_249,12,"qualis mugitus , fugit cum saucius aram taurus , et incertam excussit cervice securim . (est)",52,6.0,1.0,2,3
P_Vergilius_Maro_AP_Aeneid_2_201-2_249,13,"At gemini lapsu delubra ad summa dracones effugiunt saevae -que petunt Tritonidis arcem , sub pedibus -que deae clipei -que sub orbe teguntur .",45,10.0,0.0,3,2
P_Vergilius_Maro_AP_Aeneid_2_201-2_249,14,"Tum vero tremefacta novus per pectora cunctis insinuat pavor , et scelus expendisse merentem Laocoönta ferunt , sacrum qui cuspide robur laeserit , et tergo sceleratam intorserit hastam .",54,11.0,1.0,4,5
P_Vergilius_Maro_AP_Aeneid_2_201-2_249,15,Ducendum ad sedes simulacrum oranda -que divae numina conclamant .,10,6.0,0.0,1,1
P_Vergilius_Maro_AP_Aeneid_2_201-2_249,16,Dividimus muros et moenia pandimus urbis .,32,5.0,3.0,2,1
P_Vergilius_Maro_AP_Aeneid_2_201-2_249,17,"Accingunt omnes operi , pedibus -que rotarum subiciunt lapsus , et stuppea vincula collo intendunt :",36,7.0,2.0,3,1
P_Vergilius_Maro_AP_Aeneid_2_201-2_249,18,"scandit fatalis machina muros , feta armis .",11,4.0,1.0,1,1
P_Vergilius_Maro_AP_Aeneid_2_201-2_249,19,"Pueri circum innuptae -que puellae sacra canunt , funem -que manu contingere gaudent .",19,6.0,1.0,2,1
P_Vergilius_Maro_AP_Aeneid_2_201-2_249,2,"Ecce autem gemini a Tenedo tranquilla per alta ( horresco referens ) immensis orbibus angues incumbunt pelago , pariter -que ad litora tendunt ;",47,6.0,0.0,3,1
P_Vergilius_Maro_AP_Aeneid_2_201-2_249,20,"Illa subit , mediae -que minans inlabitur urbi .",19,5.0,2.0,2,2
P_Vergilius_Maro_AP_Aeneid_2_201-2_249,21,"O patria , O divom domus Ilium , et incluta bello moenia Dardanidum , quater ipso in limine portae substitit , atque utero sonitum quater arma dedere : [ ]",32,8.0,2.0,2,3
P_Vergilius_Maro_AP_Aeneid_2_201-2_249,22,"instamus tamen inmemores caeci -que furore , et monstrum infelix sacrata sistimus arce .",38,6.0,3.0,2,1
P_Vergilius_Maro_AP_Aeneid_2_201-2_249,23,"Tunc etiam fatis aperit Cassandra futuris ora , dei iussu non umquam credita Teucris .",40,6.0,4.0,1,1
P_Vergilius_Maro_AP_Aeneid_2_201-2_249,24,"Nos delubra deum miseri , quibus ultimus esset ille dies , festa velamus fronde per urbem .",18,6.0,4.0,2,4
P_Vergilius_Maro_AP_Aeneid_2_201-2_249,3,"pectora quorum inter fluctus arrecta iubae -que sanguineae superant undas ; pars cetera pontum pone legit , sinuat -que immensa volumine terga .",47,10.0,4.0,3,1
P_Vergilius_Maro_AP_Aeneid_2_201-2_249,4,Fit sonitus spumante salo ;,24,3.0,2.0,1,1
P_Vergilius_Maro_AP_Aeneid_2_201-2_249,5,"iam -que arva tenebant , ardentis -que oculos suffecti sanguine et igni , sibila lambebant linguis vibrantibus ora .",26,6.0,0.0,2,2
P_Vergilius_Maro_AP_Aeneid_2_201-2_249,7,illi agmine certo Laocoönta petunt ;,33,3.0,2.0,1,1
P_Vergilius_Maro_AP_Aeneid_2_201-2_249,8,"et primum parva duorum corpora natorum serpens amplexus uterque implicat , et miseros morsu depascitur artus ;",48,9.0,0.0,2,2
P_Vergilius_Maro_AP_Aeneid_2_201-2_249,9,"post ipsum auxilio subeuntem ac tela ferentem corripiunt , spiris -que ligant ingentibus ;",35,7.0,4.0,2,1
P_Vergilius_Maro_AP_Aeneid_2_268-2_297,1,"Tempus erat , quo prima quies mortalibus aegris incipit , et dono divom gratissima serpit .",41,5.0,4.0,3,2
P_Vergilius_Maro_AP_Aeneid_2_268-2_297,10,Hostis habet muros ; ruit alto a culmine Troia .,27,6.0,2.0,2,1
P_Vergilius_Maro_AP_Aeneid_2_268-2_297,11,"Sat patriae Priamo -que datum : si Pergama dextra defendi possent , etiam hac defensa fuissent .",28,8.0,5.0,2,6
P_Vergilius_Maro_AP_Aeneid_2_268-2_297,12,"Sacra suos -que tibi commendat Troia penatis : hos cape fatorum comites , his moenia quaere magna , pererrato statues quae denique ponto .",40,10.0,6.0,4,5
P_Vergilius_Maro_AP_Aeneid_2_268-2_297,13,"Sic ait , et manibus vittas Vestam -que potentem aeternum -que adytis effert penetralibus ignem .",45,6.0,4.0,2,1
P_Vergilius_Maro_AP_Aeneid_2_268-2_297,2,"In somnis , ecce , ante oculos maestissimus Hector visus adesse mihi , largos -que effundere fletus , raptatus bigis , ut quondam , ater -que cruento pulvere , per -que pedes traiectus lora tumentis – (erat) Ei mihi , qualis erat , quantum mutatus ab illo Hectore , qui redit exuvias indutus Achilli , vel Danaum Phrygios iaculatus puppibus ignis – squalentem barbam et concretos sanguine crinis volnera -que illa gerens , quae circum plurima muros accepit patrios . (esse)",54,21.0,8.0,3,3
P_Vergilius_Maro_AP_Aeneid_2_268-2_297,3,Ultro flens ipse videbar Compellare virum et maestas expromere voces :,50,6.0,3.0,1,3
P_Vergilius_Maro_AP_Aeneid_2_268-2_297,4,"“O lux Dardaniae , spes O fidissima Teucrum , quae tantae tenuere morae ?",21,5.0,2.0,1,3
P_Vergilius_Maro_AP_Aeneid_2_268-2_297,5,Quibus Hector ab oris exspectate venis ?,40,5.0,2.0,1,1
P_Vergilius_Maro_AP_Aeneid_2_268-2_297,6,"Ut te post multa tuorum funera , post varios hominum -que urbis -que labores defessi aspicimus !",29,7.0,1.0,1,1
P_Vergilius_Maro_AP_Aeneid_2_268-2_297,7,Quae causa indigna serenos foedavit voltus ?,50,4.0,2.0,1,3
P_Vergilius_Maro_AP_Aeneid_2_268-2_297,8,Aut cur haec volnera cerno ? ”,17,3.0,0.0,1,1
P_Vergilius_Maro_AP_Aeneid_2_268-2_297,9,"Ille nihil , ne -c me quaerentem vana moratur , sed graviter gemitus imo de pectore ducens , “Heu fuge , nate dea , te -que his , ait , eripe flammis . (respondet)",45,10.0,5.0,4,2
P_Vergilius_Maro_AP_Aeneid_2_40-2_56,1,"Primus ibi ante omnis , magna comitante caterva , Laocoön ardens summa decurrit ab arce , et procul : (dicit) “O miseri , quae tanta insania , cives ? (est)",26,8.0,4.0,1,1
P_Vergilius_Maro_AP_Aeneid_2_40-2_56,10,"Et , si fata deum , si mens non laeva fuisset , impulerat ferro Argolicas foedare latebras , Troia -que , nunc stares , Priami -que arx alta , maneres . (fuissent)",44,10.0,0.0,4,6
P_Vergilius_Maro_AP_Aeneid_2_40-2_56,2,Creditis avectos hostis ?,17,2.0,2.0,1,1
P_Vergilius_Maro_AP_Aeneid_2_40-2_56,3,Aut ulla putatis dona carere dolis Danaum ?,48,4.0,3.0,1,1
P_Vergilius_Maro_AP_Aeneid_2_40-2_56,4,Sic notus Ulixes ?,9,2.0,1.0,0,0
P_Vergilius_Maro_AP_Aeneid_2_40-2_56,5,"aut hoc inclusi ligno occultantur Achivi , aut haec in nostros fabricata est machina muros inspectura domos ventura -que desuper urbi , aut aliquis latet error ;",48,11.0,5.0,3,2
P_Vergilius_Maro_AP_Aeneid_2_40-2_56,6,"equo ne credite , Teucri .",17,3.0,2.0,1,2
P_Vergilius_Maro_AP_Aeneid_2_40-2_56,7,"Quicquid id est , timeo Danaos et dona ferentis . ”",51,5.0,3.0,2,1
P_Vergilius_Maro_AP_Aeneid_2_40-2_56,8,"Sic fatus , validis ingentem viribus hastam in latus in -que feri curvam compagibus alvum contorsit :",54,7.0,5.0,1,3
P_Vergilius_Maro_AP_Aeneid_2_40-2_56,9,"stetit illa tremens , utero -que recusso insonuere cavae gemitum -que dedere cavernae .",11,6.0,3.0,3,3
P_Vergilius_Maro_AP_Aeneid_2_559-2_620,1,At me tum primum saevus circumstetit horror .,45,3.0,0.0,1,3
P_Vergilius_Maro_AP_Aeneid_2_559-2_620,10,"Occiderit ferro Priamus , Troia arserit igni ?",34,4.0,2.0,2,6
P_Vergilius_Maro_AP_Aeneid_2_559-2_620,11,Dardanium totiens sudarit sanguine litus ?,32,3.0,1.0,1,6
P_Vergilius_Maro_AP_Aeneid_2_559-2_620,12,Non ita . (erit),43,2.0,1.0,0,0
P_Vergilius_Maro_AP_Aeneid_2_559-2_620,13,"nam -que etsi nullum memorabile nomen feminea in poena est , ne -c habet victoria laudem , extinxisse nefas tamen et sumpsisse merentis laudabor poenas , animum -que explesse iuvabit ultricis flammae , et cineres satiasse meorum . ”",49,11.0,0.0,4,5
P_Vergilius_Maro_AP_Aeneid_2_559-2_620,14,"Talia iactabam , et furiata mente ferebar , cum mihi se , non ante oculis tam clara , videndam obtulit et pura per noctem in luce refulsit alma parens , confessa deam , qualis -que videri caelicolis et quanta solet , dextra -que prehensum continuit , roseo -que haec insuper addidit ore : (esse) “ Nate , quis indomitas tantus dolor excitat iras ?",46,13.0,1.0,8,3
P_Vergilius_Maro_AP_Aeneid_2_559-2_620,15,"Quid furis , aut quonam nostri tibi cura recessit ?",51,5.0,3.0,2,3
P_Vergilius_Maro_AP_Aeneid_2_559-2_620,16,"Non prius aspicies , ubi fessum aetate parentem liqueris Anchisen , [ ] superet coniunx -ne Creüsa , Ascanius -que puer ? [ ] [ ]",49,10.0,5.0,3,5
P_Vergilius_Maro_AP_Aeneid_2_559-2_620,17,"Quos omnes undique Graiae circum errant acies , et , ni mea cura resistat , iam flammae tulerint inimicus et hauserit ensis .",54,8.0,3.0,4,5
P_Vergilius_Maro_AP_Aeneid_2_559-2_620,18,"Non tibi Tyndaridis facies invisa Lacaenae culpatus -ve Paris , divom inclementia , divom , has evertit opes sternit -que a culmine Troiam .",32,9.0,4.0,2,1
P_Vergilius_Maro_AP_Aeneid_2_559-2_620,19,"Aspice nam -que omnem , quae nunc obducta tuenti mortalis hebetat visus tibi et umida circum caligat , nubem eripiam ; tu ne qua parentis iussa time , ne -u praeceptis parere recusa",53,11.0,4.0,6,5
P_Vergilius_Maro_AP_Aeneid_2_559-2_620,2,"Obstipui ; subiit cari genitoris imago , ut regem aequaevum crudeli volnere vidi vitam exhalantem ; subiit deserta Creüsa , et direpta domus , et parvi casus Iuli .",29,11.0,4.0,4,3
P_Vergilius_Maro_AP_Aeneid_2_559-2_620,20,"hic , ubi disiectas moles avolsa -que saxis saxa vides mixto -que undantem pulvere fumum , Neptunus muros magno -que emota tridenti fundamenta quatit , totam -que a sedibus urbem eruit .",54,12.0,3.0,3,1
P_Vergilius_Maro_AP_Aeneid_2_559-2_620,21,"hic Iuno Scaeas saevissima portas prima tenet , socium -que furens a navibus agmen ferro accincta vocat . (Iuno)",35,7.0,3.0,2,1
P_Vergilius_Maro_AP_Aeneid_2_559-2_620,22,"Iam summas arces Tritonia , respice , Pallas insedit , nimbo effulgens et Gorgone saeva .",35,7.0,5.0,2,3
P_Vergilius_Maro_AP_Aeneid_2_559-2_620,23,"Ipse pater Danais animos vires -que secundas sufficit , ipse deos in Dardana suscitat arma .",54,8.0,4.0,2,1
P_Vergilius_Maro_AP_Aeneid_2_559-2_620,24,"Eripe , nate , fugam , finem -que impone labori .",31,5.0,3.0,2,2
P_Vergilius_Maro_AP_Aeneid_2_559-2_620,25,"Nusquam abero , et tutum patrio te limine sistam . ”",53,5.0,1.0,2,5
P_Vergilius_Maro_AP_Aeneid_2_559-2_620,3,"Respicio , et quae sit me circum copia lustro .",8,5.0,4.0,3,3
P_Vergilius_Maro_AP_Aeneid_2_559-2_620,4,"Deseruere omnes defessi , et corpora saltu ad terram misere aut ignibus aegra dedere .",23,6.0,4.0,3,3
P_Vergilius_Maro_AP_Aeneid_2_559-2_620,5,"Iam -que adeo super unus eram , cum limina Vestae servantem et tacitam secreta in sede latentem Tyndarida aspicio :",48,9.0,0.0,2,2
P_Vergilius_Maro_AP_Aeneid_2_559-2_620,6,dant clara incendia lucem erranti passim -que oculos per cuncta ferenti . (mihi),54,7.0,1.0,1,1
P_Vergilius_Maro_AP_Aeneid_2_559-2_620,7,"Illa sibi infestos eversa ob Pergama Teucros et poenas Danaum et deserti coniugis iras praemetuens , Troiae et patriae communis Erinys , abdiderat sese atque aris invisa sedebat .",52,12.0,2.0,2,4
P_Vergilius_Maro_AP_Aeneid_2_559-2_620,8,Exarsere ignes animo ; subit ira cadentem ulcisci patriam et sceleratas sumere poenas .,25,7.0,3.0,2,3
P_Vergilius_Maro_AP_Aeneid_2_559-2_620,9,"“ Scilicet haec Spartam incolumis patrias -que Mycenas aspiciet , parto -que ibit regina triumpho , coniugium -que , domum -que , patres , natos -que videbit , Iliadum turba et Phrygiis comitata ministris ?",48,9.0,4.0,3,5
P_Vergilius_Maro_AP_Aeneid_4_160-4_218,1,"Interea magno misceri murmure caelum incipit , insequitur commixta grandine nimbus , et Tyrii comites passim et Troiana iuventus Dardanius -que nepos Veneris diversa per agros tecta metu petiere ;",12,9.0,5.0,3,3
P_Vergilius_Maro_AP_Aeneid_4_160-4_218,10,"Illam Terra parens , ira inritata deorum , extremam ( ut perhibent ) Coeo Encelado -que sororem progenuit , pedibus celerem et pernicibus alis , monstrum horrendum , ingens , cui , quot sunt corpore plumae tot vigiles oculi subter , mirabile dictu , tot linguae , totidem ora sonant , tot subrigit aures . [] [] (sunt)",45,15.0,0.0,5,3
P_Vergilius_Maro_AP_Aeneid_4_160-4_218,11,"Nocte volat caeli medio terrae -que per umbram , stridens , ne -c dulci declinat lumina somno ;",30,7.0,3.0,2,1
P_Vergilius_Maro_AP_Aeneid_4_160-4_218,12,"luce sedet custos aut summi culmine tecti , turribus aut altis , et magnas territat urbes , tam ficti pravi -que tenax , quam nuntia veri . (est)",48,12.0,7.0,2,1
P_Vergilius_Maro_AP_Aeneid_4_160-4_218,13,"Haec tum multiplici populos sermone replebat gaudens , et pariter facta atque infecta canebat : venisse Aenean , Troiano sanguine cretum , cui se pulchra viro dignetur iungere Dido ; nunc hiemem inter se luxu , quam longa , fovere regnorum immemores turpi -que cupidine captos . (sit)",40,12.0,8.0,3,4
P_Vergilius_Maro_AP_Aeneid_4_160-4_218,14,Haec passim dea foeda virum diffundit in ora .,15,5.0,2.0,1,1
P_Vergilius_Maro_AP_Aeneid_4_160-4_218,15,"Protinus ad regem cursus detorquet Iarban , incendit -que animum dictis atque aggerat iras . [ ]",32,7.0,3.0,3,1
P_Vergilius_Maro_AP_Aeneid_4_160-4_218,16,"Hic Hammone satus , rapta Garamantide Nympha , templa Iovi centum latis immania regnis , centum aras posuit , vigilem -que sacraverat ignem , excubias divom aeternas , pecudum -que cruore pingue solum et variis florentia limina sertis .",52,12.0,5.0,2,4
P_Vergilius_Maro_AP_Aeneid_4_160-4_218,17,Is -que amens animi et rumore accensus amaro dicitur ante aras media inter numina divom multa Iovem manibus supplex orasse supinis :,52,9.0,0.0,1,2
P_Vergilius_Maro_AP_Aeneid_4_160-4_218,18,"“ Iuppiter omnipotens , cui nunc Maurusia pictis gens epulata toris Lenaeum libat honorem , aspicis haec ?",49,7.0,4.0,2,1
P_Vergilius_Maro_AP_Aeneid_4_160-4_218,19,"an te , genitor , cum fulmina torques , nequiquam horremus , caeci -que in nubibus ignes terrificant animos et inania murmura miscent ?",41,8.0,0.0,4,1
P_Vergilius_Maro_AP_Aeneid_4_160-4_218,2,ruunt de montibus amnes .,27,3.0,2.0,1,1
P_Vergilius_Maro_AP_Aeneid_4_160-4_218,20,"Femina , quae nostris errans in finibus urbem exiguam pretio posuit , cui litus arandum cui -que loci leges dedimus , conubia nostra reppulit , ac dominum Aenean in regna recepit . [ ] (dedimus)",32,11.0,6.0,4,3
P_Vergilius_Maro_AP_Aeneid_4_160-4_218,21,"Et nunc ille Paris cum semiviro comitatu , Maeonia mentum mitra crinem -que madentem subnexus , rapto potitur ; nos munera templis quippe tuis ferimus , famam -que fovemus inanem . ”",46,11.0,1.0,3,2
P_Vergilius_Maro_AP_Aeneid_4_160-4_218,3,Speluncam Dido dux et Troianus eandem deveniunt .,31,5.0,3.0,1,1
P_Vergilius_Maro_AP_Aeneid_4_160-4_218,4,prima et Tellus et pronuba Iuno dant signum ;,54,4.0,3.0,1,1
P_Vergilius_Maro_AP_Aeneid_4_160-4_218,5,"fulsere ignes et conscius aether conubiis , summo -que ulularunt vertice nymphae .",18,8.0,5.0,2,3
P_Vergilius_Maro_AP_Aeneid_4_160-4_218,6,Ille dies primus leti primus -que malorum causa fuit ; (fuit causa),50,6.0,0.0,1,3
P_Vergilius_Maro_AP_Aeneid_4_160-4_218,7,"ne -que enim specie fama -ve movetur , ne -c iam furtivum Dido meditatur amorem ; coniugium vocat , hoc praetexit nomine culpam .",45,8.0,4.0,4,2
P_Vergilius_Maro_AP_Aeneid_4_160-4_218,8,Extemplo Libyae magnas it Fama per urbes .,11,4.0,1.0,1,1
P_Vergilius_Maro_AP_Aeneid_4_160-4_218,9,"Fama , malum qua non aliud velocius ullum , mobilitate viget , vires -que adquirit eundo , parva metu primo , mox sese attollit in auras , ingreditur -que solo , et caput inter nubila condit . (est) (est)",54,10.0,6.0,6,2
P_Vergilius_Maro_AP_Aeneid_4_259-4_361,1,"Ut primum alatis tetigit magalia plantis , Aenean fundantem arces ac tecta novantem conspicit ;",42,8.0,4.0,2,3
P_Vergilius_Maro_AP_Aeneid_4_259-4_361,10,"At vero Aeneas aspectu obmutuit amens , arrectae -que horrore comae , et vox faucibus haesit .",45,6.0,0.0,2,3
P_Vergilius_Maro_AP_Aeneid_4_259-4_361,11,"Ardet abire fuga dulcis -que relinquere terras , attonitus tanto monitu imperio -que deorum .",29,8.0,4.0,1,1
P_Vergilius_Maro_AP_Aeneid_4_259-4_361,12,Heu quid agat ?,40,2.0,1.0,1,3
P_Vergilius_Maro_AP_Aeneid_4_259-4_361,13,Quo nunc reginam ambire furentem audeat adfatu ?,40,4.0,3.0,1,3
P_Vergilius_Maro_AP_Aeneid_4_259-4_361,14,Quae prima exordia sumat ?,40,2.0,0.0,1,3
P_Vergilius_Maro_AP_Aeneid_4_259-4_361,15,"Atque animum nunc huc celerem , nunc dividit illuc , in partis -que rapit varias per -que omnia versat . (dividit)",32,8.0,0.0,3,1
P_Vergilius_Maro_AP_Aeneid_4_259-4_361,16,Haec alternanti potior sententia visa est :,21,3.0,1.0,1,1
P_Vergilius_Maro_AP_Aeneid_4_259-4_361,17,"Mnesthea Sergestum -que vocat fortem -que Serestum , classem aptent taciti socios -que ad litora cogant , arma parent , et quae rebus sit causa novandis dissimulent ;",50,8.0,5.0,6,3
P_Vergilius_Maro_AP_Aeneid_4_259-4_361,18,"sese interea , quando optuma Dido nesciat et tantos rumpi non speret amores , temptaturum aditus , et quae mollissima fandi tempora , quis rebus dexter modus . (sint) (sit) (dicit)",52,10.0,0.0,2,3
P_Vergilius_Maro_AP_Aeneid_4_259-4_361,19,Ocius omnes imperio laeti parent ac iussa facessunt .,32,4.0,2.0,2,1
P_Vergilius_Maro_AP_Aeneid_4_259-4_361,2,"atque illi stellatus iaspide fulva ensis erat , Tyrio -que ardebat murice laena demissa ex umeris – dives quae munera Dido fecerat , et tenui telas discreverat auro .",48,11.0,0.0,4,4
P_Vergilius_Maro_AP_Aeneid_4_259-4_361,20,"At regina dolos ( quis fallere possit amantem ? ) praesensit , motus -que excepit prima futuros , omnia tuta timens .",53,7.0,0.0,3,3
P_Vergilius_Maro_AP_Aeneid_4_259-4_361,21,Eadem impia Fama furenti detulit armari classem cursum -que parari .,47,5.0,3.0,1,3
P_Vergilius_Maro_AP_Aeneid_4_259-4_361,22,"Saevit inops animi , totam -que incensa per urbem bacchatur , qualis commotis excita sacris Thyias , ubi audito stimulant trieterica Baccho orgia , nocturnus -que vocat clamore Cithaeron . (bacchatur)",53,10.0,6.0,4,2
P_Vergilius_Maro_AP_Aeneid_4_259-4_361,23,Tandem his Aenean compellat vocibus ultro :,15,3.0,2.0,1,1
P_Vergilius_Maro_AP_Aeneid_4_259-4_361,24,"“ Dissimulare etiam sperasti , perfide , tantum posse nefas , tacitus -que mea decedere terra ?",49,7.0,2.0,1,3
P_Vergilius_Maro_AP_Aeneid_4_259-4_361,25,"Ne -c te noster amor , ne -c te data dextera quondam , ne -c moritura tenet crudeli funere Dido ? (tenet) (tenet)",36,9.0,5.0,1,1
P_Vergilius_Maro_AP_Aeneid_4_259-4_361,26,"Quin etiam hiberno moliris sidere classem , et mediis properas aquilonibus ire per altum , crudelis ?",47,7.0,4.0,2,2
P_Vergilius_Maro_AP_Aeneid_4_259-4_361,27,"Quid , si non arva aliena domos -que ignotas peteres , sed Troia antiqua maneret , Troia per undosum peteretur classibus aequor ?",47,9.0,3.0,3,5
P_Vergilius_Maro_AP_Aeneid_4_259-4_361,28,Me -ne fugis ?,7,2.0,1.0,1,1
P_Vergilius_Maro_AP_Aeneid_4_259-4_361,29,"Per ego has lacrimas dextram -que tuam te ( quando aliud mihi iam miserae nihil ipsa reliqui ) per conubia nostra , per inceptos hymenaeos , si bene quid de te merui , fuit aut tibi quicquam dulce meum , miserere domus labentis , et istam , oro , si quis adhuc precibus locus , exue mentem . (est) (oro)",46,13.0,1.0,6,5
P_Vergilius_Maro_AP_Aeneid_4_259-4_361,3,Continuo invadit :,19,1.0,1.0,1,1
P_Vergilius_Maro_AP_Aeneid_4_259-4_361,30,"Te propter Libycae gentes Nomadum -que tyranni odere , infensi Tyrii ; (sunt)",54,6.0,2.0,1,3
P_Vergilius_Maro_AP_Aeneid_4_259-4_361,31,"te propter eundem exstinctus pudor , et , qua sola sidera adibam , fama prior .",43,8.0,3.0,1,2
P_Vergilius_Maro_AP_Aeneid_4_259-4_361,32,"Cui me moribundam deseris , hospes , Hoc solum nomen quoniam de coniuge restat ?",53,7.0,2.0,2,1
P_Vergilius_Maro_AP_Aeneid_4_259-4_361,33,Quid moror ?,40,1.0,1.0,1,2
P_Vergilius_Maro_AP_Aeneid_4_259-4_361,34,"An mea Pygmalion dum moenia frater destruat , aut captam ducat Gaetulus Iarbas ? (moror) [ ]",29,6.0,0.0,2,3
P_Vergilius_Maro_AP_Aeneid_4_259-4_361,35,"Saltem si qua mihi de te suscepta fuisset ante fugam suboles , si quis mihi parvulus aula luderet Aeneas , qui te tamen ore referret , non equidem omnino capta ac deserta viderer . ”",40,9.0,5.0,3,6
P_Vergilius_Maro_AP_Aeneid_4_259-4_361,37,"Ille Iovis monitis immota tenebat lumina , et obnixus curam sub corde premebat .",53,6.0,3.0,2,2
P_Vergilius_Maro_AP_Aeneid_4_259-4_361,38,Tandem pauca refert :,23,2.0,1.0,1,1
P_Vergilius_Maro_AP_Aeneid_4_259-4_361,39,"“ Ego te , quae plurima fando enumerare vales , numquam , regina , negabo promeritam , ne -c me meminisse pigebit Elissae , dum memor ipse mei , dum spiritus hos regit artus . (sum)",50,12.0,6.0,4,5
P_Vergilius_Maro_AP_Aeneid_4_259-4_361,4,"“ Tu nunc Karthaginis altae fundamenta locas , pulchram -que uxorius urbem exstruis , heu regni rerum -que oblite tuarum ?",54,8.0,4.0,2,1
P_Vergilius_Maro_AP_Aeneid_4_259-4_361,40,Pro re pauca loquar .,36,3.0,2.0,1,5
P_Vergilius_Maro_AP_Aeneid_4_259-4_361,41,"Ne -que ego hanc abscondere furto speravi ( ne finge ) fugam ne -c coniugis umquam praetendi taedas , aut haec in foedera veni .",22,9.0,3.0,4,3
P_Vergilius_Maro_AP_Aeneid_4_259-4_361,42,"Me si fata meis paterentur ducere vitam auspiciis et sponte mea componere curas , urbem Troianam primum dulcis -que meorum reliquias colerem , Priami tecta alta manerent , et recidiva manu posuissem Pergama victis .",40,10.0,3.0,4,6
P_Vergilius_Maro_AP_Aeneid_4_259-4_361,43,"Sed nunc Italiam magnam Gryneus Apollo , Italiam Lyciae iussere capessere sortes : (iussit capessere)",53,6.0,0.0,1,3
P_Vergilius_Maro_AP_Aeneid_4_259-4_361,44,"hic amor , haec patria est . (est)",15,4.0,0.0,1,1
P_Vergilius_Maro_AP_Aeneid_4_259-4_361,45,"Si te Karthaginis arces , Phoenissam , Libycae -que aspectus detinet urbis , quae tandem Ausonia Teucros considere terra invidia est ?",45,9.0,3.0,2,1
P_Vergilius_Maro_AP_Aeneid_4_259-4_361,46,Et nos fas extera quaerere regna . (est),49,4.0,3.0,0,0
P_Vergilius_Maro_AP_Aeneid_4_259-4_361,47,"Me patris Anchisae , quotiens umentibus umbris nox operit terras , quotiens astra ignea surgunt , admonet in somnis et turbida terret imago ; [ ]",11,7.0,4.0,4,1
P_Vergilius_Maro_AP_Aeneid_4_259-4_361,48,"me puer Ascanius capitis -que iniuria cari , quem regno Hesperiae fraudo et fatalibus arvis . [ ] (admonent)",26,8.0,1.0,1,1
P_Vergilius_Maro_AP_Aeneid_4_259-4_361,49,"Nunc etiam interpres divom , Iove missus ab ipso ( testor utrumque caput ) celeris mandata per auras detulit ;",29,8.0,5.0,2,3
P_Vergilius_Maro_AP_Aeneid_4_259-4_361,5,"Ipse deum tibi me claro demittit Olympo regnator , caelum ac terras qui numine torquet ;",48,6.0,2.0,2,1
P_Vergilius_Maro_AP_Aeneid_4_259-4_361,50,"ipse deum manifesto in lumine vidi intrantem muros , vocem -que his auribus hausi .",45,7.0,3.0,3,3
P_Vergilius_Maro_AP_Aeneid_4_259-4_361,51,Desine me -que tuis incendere te -que querelis :,36,4.0,0.0,1,2
P_Vergilius_Maro_AP_Aeneid_4_259-4_361,52,Italiam non sponte sequor .,36,3.0,2.0,1,2
P_Vergilius_Maro_AP_Aeneid_4_259-4_361,6,ipse haec ferre iubet celeris mandata per auras :,15,5.0,2.0,1,1
P_Vergilius_Maro_AP_Aeneid_4_259-4_361,7,"quid struis , aut qua spe Libycis teris otia terris ?",40,5.0,3.0,2,1
P_Vergilius_Maro_AP_Aeneid_4_259-4_361,8,"Si te nulla movet tantarum gloria rerum , ne -c super ipse tua moliris laude laborem , Ascanium surgentem et spes heredis Iuli respice , cui regnum Italiae Romana -que tellus debentur . ” [ ]",54,14.0,8.0,4,2
P_Vergilius_Maro_AP_Aeneid_4_259-4_361,9,"Tali Cyllenius ore locutus mortalis visus medio sermone reliquit , et procul in tenuem ex oculis evanuit auram .",41,8.0,4.0,2,3
P_Vergilius_Maro_AP_Aeneid_4_659-4_705,1,"Dixit , et , os impressa toro , “ Moriemur inultae , sed moriamur ” ait .",45,5.0,4.0,4,5
P_Vergilius_Maro_AP_Aeneid_4_659-4_705,10,"“ Hoc illud , germana , fuit ?",15,3.0,2.0,1,3
P_Vergilius_Maro_AP_Aeneid_4_659-4_705,11,Me fraude petebas ?,12,2.0,1.0,1,2
P_Vergilius_Maro_AP_Aeneid_4_659-4_705,12,"Hoc rogus iste mihi , hoc ignes arae -que parabant ? (parabat)",52,6.0,3.0,1,2
P_Vergilius_Maro_AP_Aeneid_4_659-4_705,13,Quid primum deserta querar ?,40,2.0,1.0,1,4
P_Vergilius_Maro_AP_Aeneid_4_659-4_705,14,Comitem -ne sororem sprevisti moriens ? [ ],36,3.0,1.0,1,3
P_Vergilius_Maro_AP_Aeneid_4_659-4_705,15,Eadem me ad fata vocasses .,40,4.0,1.0,1,6
P_Vergilius_Maro_AP_Aeneid_4_659-4_705,16,"idem ambas ferro dolor , atque eadem hora tulisset .",53,4.0,3.0,1,6
P_Vergilius_Maro_AP_Aeneid_4_659-4_705,17,"His etiam struxi manibus , patrios -que vocavi voce deos , sic te ut posita crudelis abessem ?",29,7.0,2.0,3,4
P_Vergilius_Maro_AP_Aeneid_4_659-4_705,18,"Exstinxti te me -que , soror , populum -que patres -que Sidonios urbem -que tuam .",21,5.0,0.0,1,3
P_Vergilius_Maro_AP_Aeneid_4_659-4_705,19,"Date volnera lymphis abluam , et , extremus si quis super halitus errat , ore legam . ”",21,7.0,1.0,4,5
P_Vergilius_Maro_AP_Aeneid_4_659-4_705,2,"“ Sic , sic iuvat ire sub umbras .",35,4.0,3.0,1,1
P_Vergilius_Maro_AP_Aeneid_4_659-4_705,20,"Sic fata , gradus evaserat altos , semianimem -que sinu germanam amplexa fovebat cum gemitu , atque atros siccabat veste cruores .",43,8.0,2.0,3,4
P_Vergilius_Maro_AP_Aeneid_4_659-4_705,21,"Illa , graves oculos conata attollere , rursus deficit ;",36,6.0,3.0,1,1
P_Vergilius_Maro_AP_Aeneid_4_659-4_705,22,infixum stridit sub pectore vulnus .,43,4.0,0.0,1,3
P_Vergilius_Maro_AP_Aeneid_4_659-4_705,23,Ter sese attollens cubito -que adnixa levavit ;,51,4.0,0.0,1,3
P_Vergilius_Maro_AP_Aeneid_4_659-4_705,24,"ter revoluta toro est , oculis -que errantibus alto quaesivit caelo lucem , ingemuit -que reperta . (luce)",51,6.0,3.0,3,3
P_Vergilius_Maro_AP_Aeneid_4_659-4_705,25,"Tum Iuno omnipotens , longum miserata dolorem difficilis -que obitus , Irim demisit Olympo , quae luctantem animam nexos -que resolveret artus .",48,10.0,5.0,2,4
P_Vergilius_Maro_AP_Aeneid_4_659-4_705,26,"Nam quia ne -c fato , merita ne -c morte peribat , sed misera ante diem , subito -que accensa furore , nondum illi flavum Proserpina vertice crinem abstulerat , Stygio -que caput damnaverat Orco . (peribat) (peribat)",43,9.0,6.0,3,4
P_Vergilius_Maro_AP_Aeneid_4_659-4_705,27,"Ergo Iris croceis per caelum roscida pennis , mille trahens varios adverso sole colores , devolat , et supra caput adstitit :",30,7.0,4.0,2,3
P_Vergilius_Maro_AP_Aeneid_4_659-4_705,28,"“ Hunc ego Diti sacrum iussa fero , te -que isto corpore solvo . ”",28,7.0,4.0,2,1
P_Vergilius_Maro_AP_Aeneid_4_659-4_705,29,"Sic ait , et dextra crinem secat :",45,4.0,2.0,2,1
P_Vergilius_Maro_AP_Aeneid_4_659-4_705,3,"Hauriat hunc oculis ignem crudelis ab alto Dardanus , et nostrae se -cum ferat omina mortis . ”",28,7.0,3.0,2,3
P_Vergilius_Maro_AP_Aeneid_4_659-4_705,30,"omnis et una dilapsus calor , atque in ventos vita recessit .",51,6.0,0.0,1,3
P_Vergilius_Maro_AP_Aeneid_4_659-4_705,4,"Dixerat , atque illam media inter talia ferro conlapsam aspiciunt comites , ensem -que cruore spumantem , sparsas -que manus .",32,8.0,2.0,2,4
P_Vergilius_Maro_AP_Aeneid_4_659-4_705,5,It clamor ad alta atria ;,21,4.0,3.0,1,1
P_Vergilius_Maro_AP_Aeneid_4_659-4_705,6,concussam bacchatur Fama per urbem .,11,4.0,1.0,1,2
P_Vergilius_Maro_AP_Aeneid_4_659-4_705,7,Lamentis gemitu -que et femineo ululatu tecta fremunt ;,8,4.0,1.0,1,1
P_Vergilius_Maro_AP_Aeneid_4_659-4_705,8,"resonat magnis plangoribus aether , non aliter , quam si immissis ruat hostibus omnis Karthago aut antiqua Tyros , flammae -que furentes culmina per -que hominum volvantur per -que deorum . (culmina) (resonet)",54,12.0,2.0,3,4
P_Vergilius_Maro_AP_Aeneid_4_659-4_705,9,"Audiit exanimis , trepido -que exterrita cursu unguibus ora soror foedans et pectora pugnis per medios ruit , ac morientem nomine clamat : (foedans)",43,8.0,4.0,3,3
P_Vergilius_Maro_AP_Aeneid_6_295-6_332,1,"Hinc via , Tartarei quae fert Acherontis ad undas . (est)",11,7.0,3.0,1,1
P_Vergilius_Maro_AP_Aeneid_6_295-6_332,10,"vel quo discrimine ripas hae linquunt , illae remis vada livida verrunt ? ”",40,5.0,0.0,2,1
P_Vergilius_Maro_AP_Aeneid_6_295-6_332,11,Olli sic breviter fata est longaeva sacerdos :,43,3.0,2.0,1,1
P_Vergilius_Maro_AP_Aeneid_6_295-6_332,12,"“ Anchisa generate , deum certissima proles , Cocyti stagna alta vides Stygiam -que paludem , di cuius iurare timent et fallere numen .",33,9.0,5.0,2,1
P_Vergilius_Maro_AP_Aeneid_6_295-6_332,13,"Haec omnis , quam cernis , inops inhumata -que turba est ;",22,5.0,0.0,2,1
P_Vergilius_Maro_AP_Aeneid_6_295-6_332,14,portitor ille Charon ; (est),4,3.0,2.0,0,0
P_Vergilius_Maro_AP_Aeneid_6_295-6_332,15,"hi , quos vehit unda , sepulti .",24,3.0,3.0,1,1
P_Vergilius_Maro_AP_Aeneid_6_295-6_332,16,Ne -c ripas datur horrendas et rauca fluenta transportare prius quam sedibus ossa quierunt .,41,8.0,0.0,2,3
P_Vergilius_Maro_AP_Aeneid_6_295-6_332,17,Centum errant annos volitant -que haec litora circum ;,18,6.0,2.0,2,1
P_Vergilius_Maro_AP_Aeneid_6_295-6_332,19,"Constitit Anchisa satus et vestigia pressit , multa putans , sortem -que animo miseratus iniquam .",53,7.0,5.0,2,3
P_Vergilius_Maro_AP_Aeneid_6_295-6_332,2,"Turbidus hic caeno vasta -que voragine gurges aestuat , atque omnem Cocyto eructat harenam .",32,8.0,2.0,2,1
P_Vergilius_Maro_AP_Aeneid_6_295-6_332,3,"Portitor has horrendus aquas et flumina servat terribili squalore – Charon , cui plurima mento canities inculta iacet , stant lumina flamma , sordidus ex umeris nodo dependet amictus .",41,9.0,0.0,4,1
P_Vergilius_Maro_AP_Aeneid_6_295-6_332,4,"Ipse ratem conto subigit , velis -que ministrat , et ferruginea subvectat corpora cymba , iam senior , sed cruda deo viridis -que senectus . (est)",15,9.0,3.0,3,1
P_Vergilius_Maro_AP_Aeneid_6_295-6_332,5,"Huc omnis turba ad ripas effusa ruebat , matres atque viri , defuncta -que corpora vita magnanimum heroum , pueri innuptae -que puellae , impositi -que rogis iuvenes ante ora parentum : quam multa in silvis autumni frigore primo lapsa cadunt folia , aut ad terram gurgite ab alto quam multae glomerantur aves , ubi frigidus annus trans pontum fugat , et terris immittit apricis .",54,16.0,8.0,5,2
P_Vergilius_Maro_AP_Aeneid_6_295-6_332,6,"Stabant orantes primi transmittere cursum , tendebant -que manus ripae ulterioris amore .",22,8.0,4.0,2,2
P_Vergilius_Maro_AP_Aeneid_6_295-6_332,7,"Navita sed tristis nunc hos nunc accipit illos , ast alios longe submotos arcet harena . (accipit)",45,7.0,0.0,2,1
P_Vergilius_Maro_AP_Aeneid_6_295-6_332,8,"Aeneas , miratus enim motus -que tumultu , “ Dic ” ait “ O virgo , quid volt concursus ad amnem ?",50,9.0,5.0,3,2
P_Vergilius_Maro_AP_Aeneid_6_295-6_332,9,Quid -ve petunt animae ?,40,2.0,0.0,1,1
P_Vergilius_Maro_AP_Aeneid_6_384-6_425,1,Ergo iter inceptum peragunt fluvio -que propinquant .,53,5.0,3.0,2,1
P_Vergilius_Maro_AP_Aeneid_6_384-6_425,10,“ Nullae hic insidiae tales ; (sunt),22,3.0,2.0,0,0
P_Vergilius_Maro_AP_Aeneid_6_384-6_425,12,ne -c vim tela ferunt ;,54,2.0,0.0,1,1
P_Vergilius_Maro_AP_Aeneid_6_384-6_425,13,"licet ingens ianitor antro aeternum latrans exsanguis terreat umbras , casta licet patrui servet Proserpina limen .",49,9.0,4.0,4,3
P_Vergilius_Maro_AP_Aeneid_6_384-6_425,14,"Troius Aeneas , pietate insignis et armis , ad genitorem imas Erebi descendit ad umbras .",25,7.0,2.0,1,1
P_Vergilius_Maro_AP_Aeneid_6_384-6_425,15,"Si te nulla movet tantae pietatis imago , at ramum hunc ” ( aperit ramum , qui veste latebat ) “ adgnoscas . ” [ ]",48,10.0,0.0,4,3
P_Vergilius_Maro_AP_Aeneid_6_384-6_425,16,Tumida ex ira tum corda residunt .,53,5.0,1.0,1,1
P_Vergilius_Maro_AP_Aeneid_6_384-6_425,17,Ne -c plura his . (dicta),15,3.0,0.0,0,0
P_Vergilius_Maro_AP_Aeneid_6_384-6_425,18,"Ille admirans venerabile donum fatalis virgae , longo post tempore visum , caeruleam advertit puppim , ripae -que propinquat .",41,9.0,4.0,2,1
P_Vergilius_Maro_AP_Aeneid_6_384-6_425,19,"Inde alias animas , quae per iuga longa sedebant , deturbat , laxat -que foros ;",28,8.0,2.0,3,2
P_Vergilius_Maro_AP_Aeneid_6_384-6_425,2,"Navita quos iam inde ut Stygia prospexit ab unda per tacitum nemus ire pedem -que advertere ripae , sic prior adgreditur dictis , atque increpat ultro :",34,9.0,2.0,3,3
P_Vergilius_Maro_AP_Aeneid_6_384-6_425,20,simul accipit alveo ingentem Aenean .,46,3.0,2.0,1,1
P_Vergilius_Maro_AP_Aeneid_6_384-6_425,21,"Gemuit sub pondere cymba sutilis , et multam accepit rimosa paludem .",35,6.0,3.0,2,3
P_Vergilius_Maro_AP_Aeneid_6_384-6_425,22,Tandem trans fluvium incolumis vatem -que virum -que informi limo glauca -que exponit in ulva .,15,6.0,2.0,1,1
P_Vergilius_Maro_AP_Aeneid_6_384-6_425,23,"Cerberus haec ingens latratu regna trifauci personat , adverso recubans immanis in antro . [ ]",15,8.0,2.0,1,1
P_Vergilius_Maro_AP_Aeneid_6_384-6_425,24,"Cui vates , horrere videns iam colla colubris , melle soporatam et medicatis frugibus offam obicit .",41,9.0,4.0,1,1
P_Vergilius_Maro_AP_Aeneid_6_384-6_425,25,"Ille fame rabida tria guttura pandens corripit obiectam , atque immania terga resolvit fusus humi , toto -que ingens extenditur antro .",47,9.0,3.0,3,2
P_Vergilius_Maro_AP_Aeneid_6_384-6_425,26,"Occupat Aeneas aditum custode sepulto , evadit -que celer ripam inremeabilis undae .",32,7.0,4.0,2,1
P_Vergilius_Maro_AP_Aeneid_6_384-6_425,3,"“ Quisquis es , armatus qui nostra ad flumina tendis , fare age , quid venias , iam istinc , et comprime gressum .",51,9.0,5.0,6,5
P_Vergilius_Maro_AP_Aeneid_6_384-6_425,4,"Umbrarum hic locus est , somni noctis -que soporae ;",15,5.0,1.0,1,1
P_Vergilius_Maro_AP_Aeneid_6_384-6_425,5,corpora viva nefas Stygia vectare carina . (est),49,4.0,1.0,0,0
P_Vergilius_Maro_AP_Aeneid_6_384-6_425,6,"Ne -c vero Alciden me sum laetatus euntem accepisse lacu , ne -c Thesea Pirithoum -que , dis quamquam geniti atque invicti viribus essent . (essent) (laetatus accepisse)",54,10.0,0.0,2,4
P_Vergilius_Maro_AP_Aeneid_6_384-6_425,7,Tartareum ille manu custodem in vincla petivit ipsius a solio regis traxit -que trementem ;,16,8.0,3.0,2,3
P_Vergilius_Maro_AP_Aeneid_6_384-6_425,8,hi dominam Ditis thalamo deducere adorti . ”,15,4.0,3.0,0,0
P_Vergilius_Maro_AP_Aeneid_6_384-6_425,9,Quae contra breviter fata est Amphrysia vates :,43,4.0,2.0,1,1
P_Vergilius_Maro_AP_Aeneid_6_450-6_476,1,Inter quas Phoenissa recens a volnere Dido errabat silva in magna ; [ ],18,8.0,5.0,1,2
P_Vergilius_Maro_AP_Aeneid_6_450-6_476,10,"Extremum fato , quod te adloquor , hoc est . ”",40,4.0,1.0,2,2
P_Vergilius_Maro_AP_Aeneid_6_450-6_476,11,"Talibus Aeneas ardentem et torva tuentem lenibat dictis animum , lacrimas -que ciebat .",53,7.0,2.0,2,2
P_Vergilius_Maro_AP_Aeneid_6_450-6_476,12,"Illa solo fixos oculos aversa tenebat , ne -c magis incepto voltum sermone movetur , quam si dura silex aut stet Marpesia cautes . (movetur)",44,13.0,3.0,3,3
P_Vergilius_Maro_AP_Aeneid_6_450-6_476,13,"tandem corripuit sese , atque inimica refugit in nemus umbriferum , coniunx ubi pristinus illi respondet curis aequat -que Sychaeus amorem . [ ]",32,10.0,4.0,4,3
P_Vergilius_Maro_AP_Aeneid_6_450-6_476,14,"Ne -c minus Aeneas , casu concussus iniquo , prosequitur lacrimis longe , et miseratur euntem .",18,7.0,0.0,2,2
P_Vergilius_Maro_AP_Aeneid_6_450-6_476,2,"quam Troius heros ut primum iuxta stetit adgnovit -que per umbras obscuram , qualem primo qui surgere mense aut videt , aut vidisse putat per nubila lunam , demisit lacrimas , dulci -que adfatus amore est :",48,13.0,2.0,6,3
P_Vergilius_Maro_AP_Aeneid_6_450-6_476,3,"“ Infelix Dido , verus mihi nuntius ergo venerat exstinctam , ferro -que extrema secutam ? [ ]",36,6.0,4.0,1,4
P_Vergilius_Maro_AP_Aeneid_6_450-6_476,4,Funeris heu tibi causa fui ?,50,3.0,1.0,1,3
P_Vergilius_Maro_AP_Aeneid_6_450-6_476,5,"Per sidera iuro , per superos , et si qua fides tellure sub ima est , invitus , regina , tuo de litore cessi .",54,9.0,5.0,3,3
P_Vergilius_Maro_AP_Aeneid_6_450-6_476,6,"Sed me iussa deum , quae nunc has ire per umbras , per loca senta situ cogunt noctem -que profundam , imperiis egere suis ;",34,11.0,0.0,2,3
P_Vergilius_Maro_AP_Aeneid_6_450-6_476,7,ne -c credere quivi hunc tantum tibi me discessu ferre dolorem .,33,5.0,0.0,1,3
P_Vergilius_Maro_AP_Aeneid_6_450-6_476,8,"Siste gradum , te -que aspectu ne subtrahe nostro .",20,5.0,3.0,2,2
P_Vergilius_Maro_AP_Aeneid_6_450-6_476,9,Quem fugis ?,40,1.0,1.0,1,1
P_Vergilius_Maro_AP_Aeneid_6_847-6_901,1,"Excudent alii spirantia mollius aera , credo equidem , vivos ducent de marmore voltus , orabunt causas melius , caeli -que meatus describent radio , et surgentia sidera dicent :",51,7.0,1.0,6,5
P_Vergilius_Maro_AP_Aeneid_6_847-6_901,10,Sed nox atra caput tristi circumvolat umbra . ”,26,4.0,1.0,1,1
P_Vergilius_Maro_AP_Aeneid_6_847-6_901,11,"Tum pater Anchises , lacrimis ingressus obortis : [ ]",36,4.0,2.0,0,0
P_Vergilius_Maro_AP_Aeneid_6_847-6_901,12,"“ O gnate , ingentem luctum ne quaere tuorum ;",43,4.0,2.0,1,2
P_Vergilius_Maro_AP_Aeneid_6_847-6_901,13,"ostendent terris hunc tantum fata , ne -que ultra esse sinent .",49,7.0,3.0,2,5
P_Vergilius_Maro_AP_Aeneid_6_847-6_901,14,"Nimium vobis Romana propago visa potens , Superi , propria haec si dona fuissent .",30,6.0,2.0,1,6
P_Vergilius_Maro_AP_Aeneid_6_847-6_901,15,"Quantos ille virum magnam Mavortis ad urbem campus aget gemitus , vel quae , Tiberine , videbis funera , cum tumulum praeterlabere recentem !",54,9.0,2.0,3,5
P_Vergilius_Maro_AP_Aeneid_6_847-6_901,16,"Ne -c puer Iliaca quisquam de gente Latinos in tantum spe tollet avos , ne -c Romula quondam ullo se tantum tellus iactabit alumno .",54,8.0,0.0,2,5
P_Vergilius_Maro_AP_Aeneid_6_847-6_901,17,"Heu pietas , heu prisca fides , invicta -que bello dextera !",28,5.0,3.0,0,0
P_Vergilius_Maro_AP_Aeneid_6_847-6_901,18,"Non illi se quisquam impune tulisset obvius armato , se -u cum pedes iret in hostem , se -u spumantis equi foderet calcaribus armos . (tulisset) (tulisset)",29,12.0,7.0,3,6
P_Vergilius_Maro_AP_Aeneid_6_847-6_901,19,"Heu , miserande puer , si qua fata aspera rumpas , tu Marcellus eris .",40,6.0,3.0,2,5
P_Vergilius_Maro_AP_Aeneid_6_847-6_901,2,"tu regere imperio populos , Romane , memento ( hae tibi erunt artes ) , pacis -que imponere morem , parcere subiectis , et debellare superbos . ”",50,9.0,3.0,2,5
P_Vergilius_Maro_AP_Aeneid_6_847-6_901,20,"Manibus date lilia plenis , purpureos spargam flores , animam -que nepotis his saltem adcumulem donis , et fungar inani munere . ”",46,8.0,1.0,4,4
P_Vergilius_Maro_AP_Aeneid_6_847-6_901,21,"Sic tota passim regione vagantur aëris in campis latis , atque omnia lustrant .",32,6.0,2.0,2,2
P_Vergilius_Maro_AP_Aeneid_6_847-6_901,22,"Quae postquam Anchises natum per singula duxit , incendit -que animum famae venientis amore , exin bella viro memorat quae deinde gerenda , Laurentis -que docet populos urbem -que Latini , et quo quemque modo fugiat -que ferat -que laborem .",52,11.0,6.0,6,3
P_Vergilius_Maro_AP_Aeneid_6_847-6_901,23,"Sunt geminae Somni portae , quarum altera fertur cornea , qua veris facilis datur exitus umbris ; (esse) altera candenti perfecta nitens elephanto , sed falsa ad caelum mittunt insomnia Manes .",29,9.0,0.0,4,2
P_Vergilius_Maro_AP_Aeneid_6_847-6_901,24,"His ubi tum natum Anchises una -que Sibyllam prosequitur dictis , porta -que emittit eburna , ille viam secat ad naves socios -que revisit ;",19,8.0,5.0,4,2
P_Vergilius_Maro_AP_Aeneid_6_847-6_901,25,tum se ad Caietae recto fert litore portum .,27,5.0,3.0,1,1
P_Vergilius_Maro_AP_Aeneid_6_847-6_901,26,"Ancora de prora iacitur , stant litore puppes .",15,5.0,2.0,2,2
P_Vergilius_Maro_AP_Aeneid_6_847-6_901,3,"Sic pater Anchises , atque haec mirantibus addit : (dixit) [ ]",50,4.0,2.0,1,1
P_Vergilius_Maro_AP_Aeneid_6_847-6_901,4,"“ Aspice , ut insignis spoliis Marcellus opimis ingreditur , victor -que viros supereminet omnes ! [ ]",36,8.0,3.0,3,2
P_Vergilius_Maro_AP_Aeneid_6_847-6_901,5,"Hic rem Romanam , magno turbante tumultu , sistet , eques sternet Poenos Gallum -que rebellem , tertia -que arma patri suspendet capta Quirino . ” [ ]",31,8.0,4.0,3,5
P_Vergilius_Maro_AP_Aeneid_6_847-6_901,6,"Atque hic Aeneas ( una nam -que ire videbat egregium forma iuvenem et fulgentibus armis , sed frons laeta parum , et deiecto lumina voltu ) : (dixit) (erat) (erant) “ Quis , pater , ille , virum qui sic comitatur euntem ? (est)",44,15.0,0.0,2,2
P_Vergilius_Maro_AP_Aeneid_6_847-6_901,7,"Filius , an -ne aliquis magna de stirpe nepotum ? (est)",29,7.0,1.0,0,0
P_Vergilius_Maro_AP_Aeneid_6_847-6_901,8,Quis strepitus circa comitum ! (est),46,3.0,1.0,0,0
P_Vergilius_Maro_AP_Aeneid_6_847-6_901,9,Quantum instar in ipso ! (est),26,4.0,2.0,0,0
P_Vergilius_Maro_Aeneid_Book_1_1_1-1_222,1,"Arma virum -que cano , Troiae qui primus ab oris Italiam , fato profugus , Lavinia -que venit litora , multum ille et terris iactatus et alto vi superum saevae memorem Iunonis ob iram ; multa quoque et bello passus , dum conderet urbem , inferret -que deos Latio , genus unde Latinum , Albani -que patres , atque altae moenia Romae . (venerunt)",40,17.0,0.0,4,4
P_Vergilius_Maro_Aeneid_Book_1_1_1-1_222,10,Tantae molis erat Romanam condere gentem !,49,5.0,1.0,1,2
P_Vergilius_Maro_Aeneid_Book_1_1_1-1_222,11,"Vix e conspectu Siculae telluris in altum vela dabant laeti , et spumas salis aere ruebant , cum Iuno , aeternum servans sub pectore volnus , haec se -cum : (dixit) “ Me -ne incepto desistere victam , ne -c posse Italia Teucrorum avertere regem ? [ ]",54,13.0,3.0,2,2
P_Vergilius_Maro_Aeneid_Book_1_1_1-1_222,12,Quippe vetor fatis . (Iuno dixit),40,2.0,0.0,1,2
P_Vergilius_Maro_Aeneid_Book_1_1_1-1_222,13,"Pallas -ne exurere classem Argivum atque ipsos potuit submergere ponto , unius ob noxam et furias Aiacis Oilei ? [ ] (Iuno dixit)",47,9.0,0.0,1,3
P_Vergilius_Maro_Aeneid_Book_1_1_1-1_222,14,"Ipsa , Iovis rapidum iaculata e nubibus ignem , disiecit -que rates evertit -que aequora ventis , illum expirantem transfixo pectore flammas turbine corripuit scopulo -que infixit acuto . (Iuno dixit)",43,11.0,0.0,4,3
P_Vergilius_Maro_Aeneid_Book_1_1_1-1_222,15,"Ast ego , quae divom incedo regina , Iovis -que et soror et coniunx , una cum gente tot annos bella gero ! (Iuno dixit)",49,9.0,8.0,2,1
P_Vergilius_Maro_Aeneid_Book_1_1_1-1_222,16,"Et quisquam numen Iunonis adoret praeterea , aut supplex aris imponet honorem ? ” (Iuno dixit)",52,5.0,4.0,2,5
P_Vergilius_Maro_Aeneid_Book_1_1_1-1_222,17,"Talia flammato se -cum dea corde volutans nimborum in patriam , loca feta furentibus austris , Aeoliam venit .",53,10.0,6.0,1,3
P_Vergilius_Maro_Aeneid_Book_1_1_1-1_222,18,Hic vasto rex Aeolus antro luctantes ventos tempestates -que sonoras imperio premit ac vinclis et carcere frenat . [ ],48,6.0,3.0,2,1
P_Vergilius_Maro_Aeneid_Book_1_1_1-1_222,19,Illi indignantes magno cum murmure montis circum claustra fremunt ;,28,5.0,2.0,1,1
P_Vergilius_Maro_Aeneid_Book_1_1_1-1_222,2,"Musa , mihi causas memora , quo numine laeso quid -ve dolens regina deum tot volvere casus insignem pietate virum , tot adire labores impulerit . (impulerit)",54,8.0,5.0,2,5
P_Vergilius_Maro_Aeneid_Book_1_1_1-1_222,20,"celsa sedet Aeolus arce sceptra tenens , mollit -que animos et temperat iras .",13,6.0,3.0,3,1
P_Vergilius_Maro_Aeneid_Book_1_1_1-1_222,21,"Ni faciat , maria ac terras caelum -que profundum quippe ferant rapidi se -cum verrant -que per auras .",32,7.0,4.0,3,3
P_Vergilius_Maro_Aeneid_Book_1_1_1-1_222,22,"Sed pater omnipotens speluncis abdidit atris , hoc metuens , molem -que et montis insuper altos imposuit , regem -que dedit , qui foedere certo et premere et laxas sciret dare iussus habenas .",34,11.0,0.0,4,4
P_Vergilius_Maro_Aeneid_Book_1_1_1-1_222,23,Ad quem tum Iuno supplex his vocibus usa est :,40,4.0,2.0,1,1
P_Vergilius_Maro_Aeneid_Book_1_1_1-1_222,24,"“ Aeole , nam -que tibi divom pater atque hominum rex et mulcere dedit fluctus et tollere vento , gens inimica mihi Tyrrhenum navigat aequor , Ilium in Italiam portans victos -que Penates , incute vim ventis submersas -que obrue puppes , aut age diversos et disiice corpora ponto . (Iuno dixit)",54,12.0,2.0,6,3
P_Vergilius_Maro_Aeneid_Book_1_1_1-1_222,25,"Sunt mihi bis septem praestanti corpore nymphae , quarum quae forma pulcherrima Deiopea , conubio iungam stabili propriam -que dicabo , omnis ut te -cum meritis pro talibus annos exigat , et pulchra faciat te prole parentem . ” (est) (est) (Iuno dixit)",51,13.0,0.0,5,5
P_Vergilius_Maro_Aeneid_Book_1_1_1-1_222,26,"Aeolus haec contra : (respondit) “ Tuus , O regina , quid optes explorare labor ; (est)",46,6.0,4.0,1,3
P_Vergilius_Maro_Aeneid_Book_1_1_1-1_222,27,mihi iussa capessere fas est . (Aeolus respondit),49,4.0,0.0,1,1
P_Vergilius_Maro_Aeneid_Book_1_1_1-1_222,28,"Tu mihi , quodcumque hoc regni , tu sceptra Iovem -que concilias , tu das epulis accumbere divom , nimborum -que facis tempestatum -que potentem . ” (est) (concilias) (Aeolus respondit)",30,10.0,0.0,3,1
P_Vergilius_Maro_Aeneid_Book_1_1_1-1_222,29,"Haec ubi dicta , cavum conversa cuspide montem impulit in latus ; ac venti , velut agmine facto , qua data porta , ruunt et terras turbine perflant . (ruunt)",34,9.0,3.0,3,3
P_Vergilius_Maro_Aeneid_Book_1_1_1-1_222,3,Tantae -ne animis caelestibus irae ? (sunt),12,4.0,2.0,0,0
P_Vergilius_Maro_Aeneid_Book_1_1_1-1_222,30,"Incubuere mari , totum -que a sedibus imis una Eurus -que Notus -que ruunt creber -que procellis Africus , et vastos volvunt ad litora fluctus .",54,8.0,4.0,3,3
P_Vergilius_Maro_Aeneid_Book_1_1_1-1_222,31,Insequitur clamor -que virum stridor -que rudentum .,10,4.0,0.0,1,2
P_Vergilius_Maro_Aeneid_Book_1_1_1-1_222,32,Eripiunt subito nubes caelum -que diem -que Teucrorum ex oculis ;,28,5.0,2.0,1,1
P_Vergilius_Maro_Aeneid_Book_1_1_1-1_222,33,ponto nox incubat atra .,9,3.0,2.0,1,1
P_Vergilius_Maro_Aeneid_Book_1_1_1-1_222,34,"Intonuere poli , et crebris micat ignibus aether , praesentem -que viris intentant omnia mortem .",50,7.0,2.0,3,3
P_Vergilius_Maro_Aeneid_Book_1_1_1-1_222,35,"Extemplo Aeneae solvuntur frigore membra ; ingemit , et duplicis tendens ad sidera palmas talia voce refert : “ O ter -que quater -que beati , quis ante ora patrum Troiae sub moenibus altis contigit oppetere ! [ ]",51,13.0,5.0,4,3
P_Vergilius_Maro_Aeneid_Book_1_1_1-1_222,36,O Danaum fortissime gentis Tydide ! (Aeneas refert) [ ],49,5.0,0.0,0,0
P_Vergilius_Maro_Aeneid_Book_1_1_1-1_222,37,"Me -ne Iliacis occumbere campis non potuisse , tua -que animam hanc effundere dextra , saevus ubi Aeacidae telo iacet Hector , ubi ingens Sarpedon , ubi tot Simois correpta sub undis scuta virum galeas -que et fortia corpora volvit ? ” (iacet) (Aeneas refert) [ ]",54,12.0,0.0,2,1
P_Vergilius_Maro_Aeneid_Book_1_1_1-1_222,38,"Talia iactanti stridens Aquilone procella velum adversa ferit , fluctus -que ad sidera tollit .",47,6.0,3.0,2,1
P_Vergilius_Maro_Aeneid_Book_1_1_1-1_222,39,"Franguntur remi , tum prora avertit , et undis dat latus , insequitur cumulo praeruptus aquae mons .",44,6.0,3.0,4,2
P_Vergilius_Maro_Aeneid_Book_1_1_1-1_222,4,"Urbs antiqua fuit , Tyrii tenuere coloni , Karthago , Italiam contra Tiberina -que longe ostia , dives opum studiis -que asperrima belli ; quam Iuno fertur terris magis omnibus unam posthabita coluisse Samo ;",30,10.0,0.0,3,3
P_Vergilius_Maro_Aeneid_Book_1_1_1-1_222,40,Hi summo in fluctu pendent ;,47,4.0,1.0,1,1
P_Vergilius_Maro_Aeneid_Book_1_1_1-1_222,41,"his unda dehiscens terram inter fluctus aperit , furit aestus harenis .",47,5.0,2.0,2,1
P_Vergilius_Maro_Aeneid_Book_1_1_1-1_222,42,"Tris Notus abreptas in saxa latentia torquet — saxa vocant Itali mediis quae in fluctibus aras , — dorsum immane mari summo , tris Eurus ab alto in brevia et syrtis urguet , miserabile visu , inlidit -que vadis atque aggere cingit harenae .",52,17.0,4.0,5,1
P_Vergilius_Maro_Aeneid_Book_1_1_1-1_222,43,"Unam , quae Lycios fidum -que vehebat Oronten , ipsius ante oculos ingens a vertice pontus in puppim ferit ;",26,8.0,5.0,2,2
P_Vergilius_Maro_Aeneid_Book_1_1_1-1_222,44,"excutitur pronus -que magister volvitur in caput ; ast illam ter fluctus ibidem torquet agens circum , et rapidus vorat aequore vortex .",54,9.0,5.0,4,2
P_Vergilius_Maro_Aeneid_Book_1_1_1-1_222,45,"Adparent rari nantes in gurgite vasto , arma virum , tabulae -que , et Troia gaza per undas . (adparent)",52,10.0,7.0,1,1
P_Vergilius_Maro_Aeneid_Book_1_1_1-1_222,46,"Iam validam Ilionei navem , iam fortis Achati , et qua vectus Abas , et qua grandaevus Aletes , vicit hiems ; (navem) (navem) (navem) (vectus) (vicit)",49,9.0,1.0,1,3
P_Vergilius_Maro_Aeneid_Book_1_1_1-1_222,47,"laxis laterum compagibus omnes accipiunt inimicum imbrem , rimis -que fatiscunt .",44,6.0,3.0,2,1
P_Vergilius_Maro_Aeneid_Book_1_1_1-1_222,48,"Interea magno misceri murmure pontum , emissam -que hiemem sensit Neptunus , et imis stagna refusa vadis , graviter commotus ; et alto prospiciens , summa placidum caput extulit unda .",34,9.0,1.0,2,3
P_Vergilius_Maro_Aeneid_Book_1_1_1-1_222,49,"Disiectam Aeneae , toto videt aequore classem , fluctibus oppressos Troas caeli -que ruina , ne -c latuere doli fratrem Iunonis et irae .",48,9.0,3.0,2,3
P_Vergilius_Maro_Aeneid_Book_1_1_1-1_222,5,"hic illius arma , hic currus fuit ; hoc regnum dea gentibus esse , si qua fata sinant , iam tum tendit -que fovet -que . (fuerunt)",49,10.0,3.0,4,3
P_Vergilius_Maro_Aeneid_Book_1_1_1-1_222,50,"Eurum ad se Zephyrum -que vocat , dehinc talia fatur : “ Tanta -ne vos generis tenuit fiducia vestri ?",43,9.0,6.0,3,3
P_Vergilius_Maro_Aeneid_Book_1_1_1-1_222,51,"Iam caelum terram -que meo sine numine , venti , miscere , et tantas audetis tollere moles ? (Neptunus fatur)",40,6.0,0.0,1,1
P_Vergilius_Maro_Aeneid_Book_1_1_1-1_222,52,Quos ego — sed motos praestat componere fluctus . [ aposiopesis ] (Neptunus fatur),47,6.0,0.0,1,1
P_Vergilius_Maro_Aeneid_Book_1_1_1-1_222,53,Post mihi non simili poena commissa luetis . (Neptunus fatur),50,4.0,0.0,1,5
P_Vergilius_Maro_Aeneid_Book_1_1_1-1_222,54,"Maturate fugam , regi -que haec dicite vestro : non illi imperium pelagi saevum -que tridentem , sed mihi sorte datum . (Neptunus fatur)",53,8.0,0.0,2,2
P_Vergilius_Maro_Aeneid_Book_1_1_1-1_222,55,"Tenet ille immania saxa , vestras , Eure , domos ; (Neptunus fatur)",13,5.0,4.0,1,1
P_Vergilius_Maro_Aeneid_Book_1_1_1-1_222,56,"illa se iactet in aula Aeolus , et clauso ventorum carcere regnet . ” (Neptunus fatur)",48,7.0,0.0,2,3
P_Vergilius_Maro_Aeneid_Book_1_1_1-1_222,57,"Sic ait , et dicto citius tumida aequora placat , collectas -que fugat nubes , solem -que reducit .",45,8.0,3.0,4,1
P_Vergilius_Maro_Aeneid_Book_1_1_1-1_222,58,Cymothoe simul et Triton adnixus acuto detrudunt navis scopulo ;,46,6.0,2.0,1,1
P_Vergilius_Maro_Aeneid_Book_1_1_1-1_222,59,"levat ipse tridenti , et vastas aperit syrtis , et temperat aequor , atque rotis summas levibus perlabitur undas .",32,7.0,3.0,4,2
P_Vergilius_Maro_Aeneid_Book_1_1_1-1_222,6,"Progeniem sed enim Troiano a sanguine duci audierat , Tyrias olim quae verteret arces ; hinc populum late regem bello -que superbum venturum excidio Libyae : sic volvere Parcas . [ ]",54,10.0,0.0,2,4
P_Vergilius_Maro_Aeneid_Book_1_1_1-1_222,60,"Ac veluti magno in populo cum saepe coorta est seditio , saevit -que animis ignobile volgus , iam -que faces et saxa volant , furor arma ministrat ; tum , pietate gravem ac meritis si forte virum quem conspexere , silent , arrectis -que auribus adstant ; ille regit dictis animos , et pectora mulcet , — sic cunctus pelagi cecidit fragor , aequora postquam prospiciens genitor caelo -que invectus aperto flectit equos , curru -que volans dat lora secundo . (fragor cadit)",54,20.0,0.0,12,3
P_Vergilius_Maro_Aeneid_Book_1_1_1-1_222,61,"Defessi Aeneadae , quae proxima litora , cursu contendunt petere , et Libyae vertuntur ad oras . (sunt)",22,9.0,2.0,2,2
P_Vergilius_Maro_Aeneid_Book_1_1_1-1_222,62,"Est in secessu longo locus : insula portum efficit obiectu laterum , quibus omnis ab alto frangitur in -que sinus scindit sese unda reductos .",34,12.0,9.0,4,2
P_Vergilius_Maro_Aeneid_Book_1_1_1-1_222,63,"Hinc atque hinc vastae rupes gemini -que minantur in caelum scopuli , quorum sub vertice late aequora tuta silent ;",51,7.0,4.0,2,2
P_Vergilius_Maro_Aeneid_Book_1_1_1-1_222,64,tum silvis scaena coruscis desuper horrenti -que atrum nemus imminet umbra .,41,6.0,3.0,1,1
P_Vergilius_Maro_Aeneid_Book_1_1_1-1_222,65,"Fronte sub adversa scopulis pendentibus antrum , intus aquae dulces vivo -que sedilia saxo , nympharum domus . (est) (sunt)",35,12.0,6.0,0,0
P_Vergilius_Maro_Aeneid_Book_1_1_1-1_222,66,"hic fessas non vincula navis ulla tenent , unco non alligat ancora morsu .",27,8.0,2.0,2,1
P_Vergilius_Maro_Aeneid_Book_1_1_1-1_222,67,"Huc septem Aeneas collectis navibus omni ex numero subit , ac magno telluris amore egressi optata potiuntur Troes harena , et sale tabentis artus in litore ponunt .",54,10.0,4.0,3,2
P_Vergilius_Maro_Aeneid_Book_1_1_1-1_222,68,"Ac primum silici scintillam excudit Achates , succepit -que ignem foliis , atque arida circum nutrimenta dedit , rapuit -que in fomite flammam .",32,7.0,0.0,4,3
P_Vergilius_Maro_Aeneid_Book_1_1_1-1_222,69,"Tum Cererem corruptam undis Cerealia -que arma expediunt fessi rerum , fruges -que receptas et torrere parant flammis et frangere saxo .",32,9.0,2.0,2,1
P_Vergilius_Maro_Aeneid_Book_1_1_1-1_222,7,"Id metuens , veteris -que memor Saturnia belli , prima quod ad Troiam pro caris gesserat Argis – ne -c- -dum etiam causae irarum saevi -que dolores exciderant animo : (fuit)",50,13.0,4.0,2,4
P_Vergilius_Maro_Aeneid_Book_1_1_1-1_222,70,"Aeneas scopulum interea conscendit , et omnem prospectum late pelago petit , Anthea si quem iactatum vento videat Phrygias -que biremis , aut Capyn , aut celsis in puppibus arma Caici .",21,11.0,2.0,3,3
P_Vergilius_Maro_Aeneid_Book_1_1_1-1_222,71,"Navem in conspectu nullam , tris litore cervos prospicit errantis ;",34,6.0,0.0,1,1
P_Vergilius_Maro_Aeneid_Book_1_1_1-1_222,72,"hos tota armenta sequuntur a tergo , et longum per vallis pascitur agmen .",36,6.0,3.0,2,2
P_Vergilius_Maro_Aeneid_Book_1_1_1-1_222,73,"Constitit hic , arcum -que manu celeris -que sagittas corripuit , fidus quae tela gerebat Achates , ductores -que ipsos primum capita alta ferentis cornibus arboreis sternit , tum vulgus et omnem miscet agens telis nemora inter frondea turbam ; (sternit)",37,13.0,6.0,5,3
P_Vergilius_Maro_Aeneid_Book_1_1_1-1_222,74,"ne -c prius absistit , quam septem ingentia victor corpora fundat humi , et numerum cum navibus aequet .",28,7.0,0.0,3,3
P_Vergilius_Maro_Aeneid_Book_1_1_1-1_222,75,"Hinc portum petit , et socios partitur in omnes .",27,6.0,1.0,2,2
P_Vergilius_Maro_Aeneid_Book_1_1_1-1_222,76,"Vina bonus quae deinde cadis onerarat Acestes litore Trinacrio dederat -que abeuntibus heros , dividit , et dictis maerentia pectora mulcet : [ ]",43,9.0,3.0,4,4
P_Vergilius_Maro_Aeneid_Book_1_1_1-1_222,77,"“ O socii ( ne -que enim ignari sumus ante malorum ) , O passi graviora , dabit deus his quoque finem . (Aeneas dixit)",36,8.0,1.0,2,5
P_Vergilius_Maro_Aeneid_Book_1_1_1-1_222,78,"Vos et Scyllaeam rabiem penitus -que sonantis accestis scopulos , vos et Cyclopea saxa experti : (Aeneas dixit)",10,8.0,4.0,1,3
P_Vergilius_Maro_Aeneid_Book_1_1_1-1_222,79,"revocate animos , maestum -que timorem mittite ; (Aeneas dixit)",50,5.0,0.0,2,2
P_Vergilius_Maro_Aeneid_Book_1_1_1-1_222,8,"manet alta mente repostum iudicium Paridis spretae -que iniuria formae , et genus invisum , et rapti Ganymedis honores . (fuit)",44,6.0,3.0,1,1
P_Vergilius_Maro_Aeneid_Book_1_1_1-1_222,80,forsan et haec olim meminisse iuvabit . (Aeneas dixit),50,3.0,0.0,1,5
P_Vergilius_Maro_Aeneid_Book_1_1_1-1_222,81,"Per varios casus , per tot discrimina rerum tendimus in Latium , sedes ubi fata quietas ostendunt ; illic fas regna resurgere Troiae . (est) (Aeneas dixit)",49,11.0,0.0,2,1
P_Vergilius_Maro_Aeneid_Book_1_1_1-1_222,82,"Durate , et vosmet rebus servate secundis . ” (Aeneas dixit)",21,4.0,0.0,2,2
P_Vergilius_Maro_Aeneid_Book_1_1_1-1_222,83,"Talia voce refert , curis -que ingentibus aeger spem voltu simulat , premit altum corde dolorem .",53,6.0,4.0,3,1
P_Vergilius_Maro_Aeneid_Book_1_1_1-1_222,84,"Illi se praedae accingunt , dapibus -que futuris ;",4,4.0,3.0,1,1
P_Vergilius_Maro_Aeneid_Book_1_1_1-1_222,85,tergora deripiunt costis et viscera nudant ;,35,4.0,2.0,2,1
P_Vergilius_Maro_Aeneid_Book_1_1_1-1_222,86,pars in frusta secant veribus -que trementia figunt ;,26,5.0,2.0,2,1
P_Vergilius_Maro_Aeneid_Book_1_1_1-1_222,87,"litore aena locant alii , flammas -que ministrant .",8,4.0,2.0,2,1
P_Vergilius_Maro_Aeneid_Book_1_1_1-1_222,88,"Tum victu revocant vires , fusi -que per herbam implentur veteris Bacchi pinguis -que ferinae .",54,6.0,4.0,2,2
P_Vergilius_Maro_Aeneid_Book_1_1_1-1_222,89,"Postquam exempta fames epulis mensae -que remotae , amissos longo socios sermone requirunt , spem -que metum -que inter dubii , se -u vivere credant , si -ve extrema pati ne -c iam exaudire vocatos . (credant)",47,12.0,5.0,2,3
P_Vergilius_Maro_Aeneid_Book_1_1_1-1_222,9,"His accensa super , iactatos aequore toto Troas , reliquias Danaum atque immitis Achilli , arcebat longe Latio , multos -que per annos errabant , acti fatis , maria omnia circum .",40,10.0,4.0,2,2
P_Vergilius_Maro_Aeneid_Book_1_1_1-1_222,90,"Praecipue pius Aeneas nunc acris Oronti , nunc Amyci casum gemit et crudelia se -cum fata Lyci , fortem -que Gyan , fortem -que Cloanthum . (gemit) (casum)",43,9.0,5.0,1,1
P_Vergilius_Maro_Aeneid_Book_1_1_223-1_417,1,"Et iam finis erat , cum Iuppiter aethere summo despiciens mare velivolum terras -que iacentis litora -que et latos populos , sic vertice caeli constitit , et Libyae defixit lumina regnis .",34,9.0,0.0,3,3
P_Vergilius_Maro_Aeneid_Book_1_1_223-1_417,10,nunc placida compostus pace quiescit : (Venus dixit),16,3.0,0.0,1,1
P_Vergilius_Maro_Aeneid_Book_1_1_223-1_417,11,"nos , tua progenies , caeli quibus adnuis arcem , navibus ( infandum ! ) amissis , unius ob iram prodimur atque Italis longe disiungimur oris . (Venus dixit)",38,8.0,0.0,3,2
P_Vergilius_Maro_Aeneid_Book_1_1_223-1_417,12,Hic pietatis honos ? (est) (Venus dixit),43,3.0,0.0,0,0
P_Vergilius_Maro_Aeneid_Book_1_1_223-1_417,13,Sic nos in sceptra reponis ? ” (Venus dixit),9,3.0,0.0,1,1
P_Vergilius_Maro_Aeneid_Book_1_1_223-1_417,14,"Olli subridens hominum sator atque deorum , voltu , quo caelum tempestates -que serenat , oscula libavit natae , dehinc talia fatur :",43,9.0,3.0,3,3
P_Vergilius_Maro_Aeneid_Book_1_1_223-1_417,15,"” Parce metu , Cytherea : manent immota tuorum fata tibi ; (Iuppiter dixit)",43,6.0,0.0,2,2
P_Vergilius_Maro_Aeneid_Book_1_1_223-1_417,16,"cernes urbem et promissa Lavini moenia , sublimem -que feres ad sidera caeli magnanimum Aenean ; (Iuppiter dixit)",17,8.0,0.0,2,5
P_Vergilius_Maro_Aeneid_Book_1_1_223-1_417,17,ne -que me sententia vertit . (Iuppiter dixit),8,3.0,2.0,1,3
P_Vergilius_Maro_Aeneid_Book_1_1_223-1_417,18,"Hic tibi ( fabor enim , quando haec te cura remordet , longius et volvens fatorum arcana movebo ) bellum ingens geret Italia , populos -que feroces contundet , mores -que viris et moenia ponet , tertia dum Latio regnantem viderit aestas , terna -que transierint Rutulis hiberna subactis . (Iuppiter dixit)",54,13.0,0.0,8,6
P_Vergilius_Maro_Aeneid_Book_1_1_223-1_417,19,"At puer Ascanius , cui nunc cognomen Iulo additur , — Ilus erat , dum res stetit Ilia regno , — triginta magnos volvendis mensibus orbis imperio explebit , regnum -que ab sede Lavini transferet , et longam multa vi muniet Albam . [ ] (Iuppiter dixit) [ ]",54,15.0,3.0,6,5
P_Vergilius_Maro_Aeneid_Book_1_1_223-1_417,2,Atque illum talis iactantem pectore curas tristior et lacrimis oculos suffusa nitentis adloquitur Venus :,43,9.0,0.0,1,2
P_Vergilius_Maro_Aeneid_Book_1_1_223-1_417,20,"Hic iam ter centum totos regnabitur annos gente sub Hectorea , donec regina sacerdos , Marte gravis , geminam partu dabit Ilia prolem . [ ] (Iuppiter dixit)",51,9.0,0.0,2,5
P_Vergilius_Maro_Aeneid_Book_1_1_223-1_417,21,"Inde lupae fulvo nutricis tegmine laetus Romulus excipiet gentem , et Mavortia condet moenia , Romanos -que suo de nomine dicet . (Iuppiter dixit) [ ]",49,9.0,0.0,3,5
P_Vergilius_Maro_Aeneid_Book_1_1_223-1_417,22,His ego ne -c metas rerum ne -c tempora pono ; imperium sine fine dedi . (Iuppiter dixit) (pono),31,8.0,0.0,2,3
P_Vergilius_Maro_Aeneid_Book_1_1_223-1_417,23,"Quin aspera Iuno , quae mare nunc terras -que metu caelum -que fatigat , consilia in melius referet , me -cum -que fovebit Romanos rerum dominos gentem -que togatam : [ ] (Iuppiter dixit)",49,10.0,0.0,3,5
P_Vergilius_Maro_Aeneid_Book_1_1_223-1_417,24,sic placitum . (Iuppiter dixit),12,2.0,0.0,0,0
P_Vergilius_Maro_Aeneid_Book_1_1_223-1_417,25,"Veniet lustris labentibus aetas , cum domus Assaraci Phthiam claras -que Mycenas servitio premet , ac victis dominabitur Argis . (Iuppiter dixit)",49,8.0,6.0,3,5
P_Vergilius_Maro_Aeneid_Book_1_1_223-1_417,26,"Nascetur pulchra Troianus origine Caesar , imperium oceano , famam qui terminet astris , Iulius , a magno demissum nomen Iulo . (Iuppiter dixit) (terminet)",48,9.0,8.0,2,5
P_Vergilius_Maro_Aeneid_Book_1_1_223-1_417,27,"Hunc tu olim caelo , spoliis Orientis onustum , accipies secura ; (Iuppiter dixit)",47,6.0,0.0,1,5
P_Vergilius_Maro_Aeneid_Book_1_1_223-1_417,28,vocabitur hic quoque votis . (Iuppiter dixit),16,2.0,2.0,1,5
P_Vergilius_Maro_Aeneid_Book_1_1_223-1_417,29,Aspera tum positis mitescent saecula bellis ; (Iuppiter dixit),49,4.0,0.0,1,5
P_Vergilius_Maro_Aeneid_Book_1_1_223-1_417,3,"” O qui res hominum -que deum -que aeternis regis imperiis , et fulmine terres , quid meus Aeneas in te committere tantum , quid Troes potuere , quibus , tot funera passis , cunctus ob Italiam terrarum clauditur orbis ? (potuit) (committere) (Venus dixit)",54,13.0,0.0,4,3
P_Vergilius_Maro_Aeneid_Book_1_1_223-1_417,30,"cana Fides , et Vesta , Remo cum fratre Quirinus , iura dabunt ; (Iuppiter dixit) [ ]",28,7.0,0.0,1,5
P_Vergilius_Maro_Aeneid_Book_1_1_223-1_417,31,dirae ferro et compagibus artis claudentur Belli portae ; (Iuppiter dixit),38,5.0,0.0,1,5
P_Vergilius_Maro_Aeneid_Book_1_1_223-1_417,32,"Furor impius intus , saeva sedens super arma , et centum vinctus aenis post tergum nodis , fremet horridus ore cruento . ” (Iuppiter dixit)",36,8.0,0.0,1,5
P_Vergilius_Maro_Aeneid_Book_1_1_223-1_417,33,"Haec ait , et Maia genitum demittit ab alto , ut terrae , ut -que novae pateant Karthaginis arces hospitio Teucris , ne fati nescia Dido finibus arceret : (pateant)",48,10.0,3.0,4,4
P_Vergilius_Maro_Aeneid_Book_1_1_223-1_417,34,"volat ille per aera magnum remigio alarum , ac Libyae citus adstitit oris .",32,7.0,4.0,2,3
P_Vergilius_Maro_Aeneid_Book_1_1_223-1_417,35,"Et iam iussa facit , ponunt -que ferocia Poeni corda volente deo ;",53,5.0,0.0,2,1
P_Vergilius_Maro_Aeneid_Book_1_1_223-1_417,36,in primis regina quietum accipit in Teucros animum mentem -que benignam .,44,5.0,3.0,1,1
P_Vergilius_Maro_Aeneid_Book_1_1_223-1_417,37,"At pius Aeneas , per noctem plurima volvens , ut primum lux alma data est , exire locos -que explorare novos , quas vento accesserit oras , qui teneant , nam inculta videt , homines -ne ferae -ne , quaerere constituit , sociis -que exacta referre ; (essent) (essent) (quaerere)",54,12.0,0.0,5,5
P_Vergilius_Maro_Aeneid_Book_1_1_223-1_417,38,Classem in convexo nemorum sub rupe cavata arboribus clausam circum atque horrentibus umbris occulit ;,47,8.0,3.0,1,1
P_Vergilius_Maro_Aeneid_Book_1_1_223-1_417,39,"ipse uno graditur comitatus Achate , bina manu lato crispans hastilia ferro .",32,7.0,4.0,1,2
P_Vergilius_Maro_Aeneid_Book_1_1_223-1_417,4,"Certe hinc Romanos olim , volventibus annis , hinc fore ductores , revocato a sanguine Teucri , qui mare , qui terras omni dicione tenerent , pollicitus , quae te , genitor , sententia vertit ? (fore) (Venus dixit) (tenerent)",54,12.0,0.0,2,4
P_Vergilius_Maro_Aeneid_Book_1_1_223-1_417,40,"Cui mater media sese tulit obvia silva , virginis os habitum -que gerens , et virginis arma Spartanae , vel qualis equos Threissa fatigat Harpalyce , volucrem -que fuga praevertitur Hebrum .",19,12.0,10.0,3,3
P_Vergilius_Maro_Aeneid_Book_1_1_223-1_417,41,"Namque umeris de more habilem suspenderat arcum venatrix , dederat -que comam diffundere ventis , nuda genu , nodo -que sinus collecta fluentis .",46,8.0,5.0,2,4
P_Vergilius_Maro_Aeneid_Book_1_1_223-1_417,42,"Ac prior , ” Heus ” inquit ” iuvenes , monstrate mearum vidistis si quam hic errantem forte sororum , succinctam pharetra et maculosae tegmine lyncis , aut spumantis apri cursum clamore prementem . ”",32,12.0,0.0,3,3
P_Vergilius_Maro_Aeneid_Book_1_1_223-1_417,43,Sic Venus ; (dixit),9,2.0,1.0,0,0
P_Vergilius_Maro_Aeneid_Book_1_1_223-1_417,44,et Veneris contra sic filius orsus :,9,3.0,0.0,0,0
P_Vergilius_Maro_Aeneid_Book_1_1_223-1_417,45,"“ Nulla tuarum audita mihi ne -que visa sororum , O quam te memorem , virgo ? (Aeneas dixit)",21,7.0,0.0,1,3
P_Vergilius_Maro_Aeneid_Book_1_1_223-1_417,46,"Namque haud tibi voltus mortalis , ne -c vox hominem sonat : (est) (Aeneas dixit)",41,5.0,0.0,1,1
P_Vergilius_Maro_Aeneid_Book_1_1_223-1_417,47,"O , dea certe ( an Phoebi soror ? (es) an nympharum sanguinis una ? ) sis felix , nostrum -que leves , quaecumque , laborem , et , quo sub caelo tandem , quibus orbis in iactemur oris , doceas . (Aeneas dixit) (iactemur) (es) (es)",35,13.0,0.0,4,4
P_Vergilius_Maro_Aeneid_Book_1_1_223-1_417,48,"Ignari hominum -que locorum -que erramus , vento huc vastis et fluctibus acti : (Aeneas dixit)",47,8.0,0.0,1,1
P_Vergilius_Maro_Aeneid_Book_1_1_223-1_417,49,multa tibi ante aras nostra cadet hostia dextra . ” (Aeneas dixit),52,4.0,0.0,1,5
P_Vergilius_Maro_Aeneid_Book_1_1_223-1_417,5,"Hoc equidem occasum Troiae tristis -que ruinas solabar , fatis contraria fata rependens ; (Venus dixit)",43,7.0,0.0,1,3
P_Vergilius_Maro_Aeneid_Book_1_1_223-1_417,51,“ Haud equidem tali me dignor honore ; (Venus dixit),43,3.0,0.0,1,2
P_Vergilius_Maro_Aeneid_Book_1_1_223-1_417,52,"virginibus Tyriis mos est gestare pharetram , purpureo -que alte suras vincire cothurno . (Venus dixit)",30,6.0,0.0,1,1
P_Vergilius_Maro_Aeneid_Book_1_1_223-1_417,53,"Punica regna vides , Tyrios et Agenoris urbem ; (Venus dixit)",7,5.0,2.0,1,1
P_Vergilius_Maro_Aeneid_Book_1_1_223-1_417,54,"sed fines Libyci , genus intractabile bello . (sunt) (Venus dixit) (Libyci sunt)",31,6.0,6.0,0,0
P_Vergilius_Maro_Aeneid_Book_1_1_223-1_417,55,"Imperium Dido Tyria regit urbe profecta , germanum fugiens . (Venus dixit)",36,5.0,0.0,1,1
P_Vergilius_Maro_Aeneid_Book_1_1_223-1_417,56,"Longa est iniuria , longae ambages ; (sunt) (Venus dixit)",18,4.0,0.0,1,1
P_Vergilius_Maro_Aeneid_Book_1_1_223-1_417,57,sed summa sequar fastigia rerum . (Venus dixit),36,4.0,2.0,1,5
P_Vergilius_Maro_Aeneid_Book_1_1_223-1_417,58,"Huic coniunx Sychaeus erat , ditissimus agri Phoenicum , et magno miserae dilectus amore , cui pater intactam dederat , primis -que iugarat ominibus . (Venus dixit)",43,8.0,0.0,3,4
P_Vergilius_Maro_Aeneid_Book_1_1_223-1_417,59,"Sed regna Tyri germanus habebat Pygmalion , scelere ante alios immanior omnes . (Venus dixit) [ ]",47,7.0,7.0,1,2
P_Vergilius_Maro_Aeneid_Book_1_1_223-1_417,6,nunc eadem fortuna viros tot casibus actos insequitur . (Venus dixit),32,6.0,0.0,1,2
P_Vergilius_Maro_Aeneid_Book_1_1_223-1_417,60,Quos inter medius venit furor . (Venus dixit),19,4.0,0.0,1,3
P_Vergilius_Maro_Aeneid_Book_1_1_223-1_417,61,"Ille Sychaeum impius ante aras , atque auri caecus amore , clam ferro incautum superat , securus amorum germanae ; (Venus dixit)",52,8.0,0.0,1,1
P_Vergilius_Maro_Aeneid_Book_1_1_223-1_417,62,"factum -que diu celavit , et aegram , multa malus simulans , vana spe lusit amantem . (Venus dixit)",45,6.0,3.0,2,3
P_Vergilius_Maro_Aeneid_Book_1_1_223-1_417,63,"Ipsa sed in somnis inhumati venit imago coniugis , ora modis attollens pallida miris , crudeles aras traiecta -que pectora ferro nudavit , caecum -que domus scelus omne retexit . (Venus dixit)",52,9.0,3.0,3,3
P_Vergilius_Maro_Aeneid_Book_1_1_223-1_417,64,"Tum celerare fugam patria -que excedere suadet , auxilium -que viae veteres tellure recludit thesauros , ignotum argenti pondus et auri . (Venus dixit)",54,9.0,0.0,2,1
P_Vergilius_Maro_Aeneid_Book_1_1_223-1_417,65,His commota fugam Dido socios -que parabat : (Venus dixit),15,5.0,0.0,1,2
P_Vergilius_Maro_Aeneid_Book_1_1_223-1_417,66,"conveniunt , quibus aut odium crudele tyranni aut metus acer erat ; (Venus dixit)",26,5.0,5.0,2,2
P_Vergilius_Maro_Aeneid_Book_1_1_223-1_417,67,"navis , quae forte paratae , corripiunt , onerant -que auro : (Venus dixit)",41,5.0,0.0,2,1
P_Vergilius_Maro_Aeneid_Book_1_1_223-1_417,68,portantur avari Pygmalionis opes pelago ; (Venus dixit),2,4.0,2.0,1,2
P_Vergilius_Maro_Aeneid_Book_1_1_223-1_417,69,dux femina facti . (est) (Venus dixit),5,3.0,0.0,0,0
P_Vergilius_Maro_Aeneid_Book_1_1_223-1_417,7,"Quem das finem , rex magne , laborum ? (Venus dixit)",31,4.0,3.0,1,1
P_Vergilius_Maro_Aeneid_Book_1_1_223-1_417,70,"Devenere locos , ubi nunc ingentia cernis moenia surgentem -que novae Karthaginis arcem , mercati -que solum , facti de nomine Byrsam , taurino quantum possent circumdare tergo . (Venus dixit)",35,14.0,0.0,3,4
P_Vergilius_Maro_Aeneid_Book_1_1_223-1_417,71,"Sed vos qui tandem , quibus aut venistis ab oris , quo -ve tenetis iter ? ” (Venus dixit) (estis)",22,7.0,5.0,2,3
P_Vergilius_Maro_Aeneid_Book_1_1_223-1_417,72,"Quaerenti talibus ille suspirans , imo -que trahens a pectore vocem : (respondit)",43,7.0,4.0,0,0
P_Vergilius_Maro_Aeneid_Book_1_1_223-1_417,73,"“ O dea , si prima repetens ab origine pergam , et vacet annalis nostrorum audire laborum , ante diem clauso componat Vesper Olympo . (Aeneas dixit)",22,9.0,0.0,3,3
P_Vergilius_Maro_Aeneid_Book_1_1_223-1_417,74,"Nos Troia antiqua , si vestras forte per auris Troiae nomen iit , diversa per aequora vectos forte sua Libycis tempestas adpulit oris . (Aeneas dixit)",45,12.0,0.0,2,3
P_Vergilius_Maro_Aeneid_Book_1_1_223-1_417,75,"Sum pius Aeneas , raptos qui ex hoste Penates classe veho me -cum , fama super aethera notus . (Aeneas dixit)",47,8.0,7.0,2,1
P_Vergilius_Maro_Aeneid_Book_1_1_223-1_417,76,Italiam quaero patriam et genus ab Iove summo . (Aeneas dixit),19,6.0,6.0,1,1
P_Vergilius_Maro_Aeneid_Book_1_1_223-1_417,77,"Bis denis Phrygium conscendi navibus aequor , matre dea monstrante viam , data fata secutus ; [ ] (Aeneas dixit)",51,6.0,4.0,1,3
P_Vergilius_Maro_Aeneid_Book_1_1_223-1_417,78,vix septem convolsae undis Euro -que supersunt . (Aeneas dixit),10,5.0,0.0,1,1
P_Vergilius_Maro_Aeneid_Book_1_1_223-1_417,79,"Ipse ignotus , egens , Libyae deserta peragro , Europa atque Asia pulsus . ” (Aeneas dixit)",32,7.0,0.0,1,1
P_Vergilius_Maro_Aeneid_Book_1_1_223-1_417,8,"Antenor potuit , mediis elapsus Achivis , Illyricos penetrare sinus , atque intima tutus regna Liburnorum , et fontem superare Timavi , unde per ora novem vasto cum murmure montis it mare proruptum et pelago premit arva sonanti . (Venus dixit)",53,14.0,0.0,3,3
P_Vergilius_Maro_Aeneid_Book_1_1_223-1_417,80,Ne -c plura querentem passa Venus medio sic interfata dolore est :,39,6.0,0.0,1,1
P_Vergilius_Maro_Aeneid_Book_1_1_223-1_417,81,"“ Quisquis es , haud , credo , invisus caelestibus auras vitalis carpis , Tyriam qui adveneris urbem . (Venus dixit)",51,7.0,0.0,4,5
P_Vergilius_Maro_Aeneid_Book_1_1_223-1_417,82,"Perge modo , atque hinc te reginae ad limina perfer . (Venus dixit)",32,6.0,0.0,2,2
P_Vergilius_Maro_Aeneid_Book_1_1_223-1_417,83,"Namque tibi reduces socios classem -que relatam nuntio , et in tutum versis aquilonibus actam , ni frustra augurium vani docuere parentes . (Venus dixit) (esse)",47,9.0,0.0,3,5
P_Vergilius_Maro_Aeneid_Book_1_1_223-1_417,84,"Aspice bis senos laetantis agmine cycnos , aetheria quos lapsa plaga Iovis ales aperto turbabat caelo ; (Venus dixit)",51,7.0,7.0,2,2
P_Vergilius_Maro_Aeneid_Book_1_1_223-1_417,85,"nunc terras ordine longo aut capere , aut captas iam despectare videntur : (Venus dixit)",24,6.0,0.0,1,2
P_Vergilius_Maro_Aeneid_Book_1_1_223-1_417,86,"ut reduces illi ludunt stridentibus alis , et coetu cinxere polum , cantus -que dedere , haud aliter puppes -que tuae pubes -que tuorum aut portum tenet aut pleno subit ostia velo . (Venus dixit)",29,10.0,0.0,5,3
P_Vergilius_Maro_Aeneid_Book_1_1_223-1_417,87,"Perge modo , et , qua te ducit via , dirige gressum . ” (Venus dixit) (ad locum)",3,6.0,0.0,3,2
P_Vergilius_Maro_Aeneid_Book_1_1_223-1_417,88,"Dixit , et avertens rosea cervice refulsit , ambrosiae -que comae divinum vertice odorem spiravere , pedes vestis defluxit ad imos , et vera incessu patuit dea .",44,8.0,4.0,5,3
P_Vergilius_Maro_Aeneid_Book_1_1_223-1_417,89,"Ille ubi matrem adgnovit , tali fugientem est voce secutus : ” Quid natum totiens , crudelis tu quoque , falsis ludis imaginibus ?",38,8.0,5.0,3,3
P_Vergilius_Maro_Aeneid_Book_1_1_223-1_417,9,"Hic tamen ille urbem Patavi sedes -que locavit Teucrorum , et genti nomen dedit , arma -que fixit Troia ; (Venus dixit)",49,8.0,0.0,3,3
P_Vergilius_Maro_Aeneid_Book_1_1_223-1_417,90,"Cur dextrae iungere dextram non datur , ac veras audire et reddere voces ? ” (Aeneas dixit)",32,5.0,0.0,1,2
P_Vergilius_Maro_Aeneid_Book_1_1_223-1_417,91,"Talibus incusat , gressum -que ad moenia tendit :",22,5.0,3.0,2,1
P_Vergilius_Maro_Aeneid_Book_1_1_223-1_417,92,"at Venus obscuro gradientes aere saepsit , et multo nebulae circum dea fudit amictu , cernere ne quis eos , ne -u quis contingere posset , moliri -ve moram , aut veniendi poscere causas . [ ] (posset)",50,12.0,0.0,3,4
P_Vergilius_Maro_Aeneid_Book_1_1_223-1_417,93,"Ipsa Paphum sublimis abit , sedes -que revisit laeta suas , ubi templum illi , centum -que Sabaeo ture calent arae , sertis -que recentibus halant . (est)",52,11.0,8.0,4,1
P_Vergilius_Maro_Aeneid_Book_1_1_418-1_560,1,"Corripuere viam interea , qua semita monstrat .",32,4.0,3.0,2,3
P_Vergilius_Maro_Aeneid_Book_1_1_418-1_560,10,"Lucus in urbe fuit media , laetissimus umbra , quo primum iactati undis et turbine Poeni effodere loco signum , quod regia Iuno monstrarat , caput acris equi ;",26,9.0,6.0,3,4
P_Vergilius_Maro_Aeneid_Book_1_1_418-1_560,11,sic nam fore bello egregiam et facilem victu per saecula gentem . (signum erat),49,5.0,1.0,0,0
P_Vergilius_Maro_Aeneid_Book_1_1_418-1_560,12,"Hic templum Iunoni ingens Sidonia Dido condebat , donis opulentum et numine divae , aerea cui gradibus surgebant limina , nexae -que aere trabes , foribus cardo stridebat aenis .",30,8.0,5.0,3,2
P_Vergilius_Maro_Aeneid_Book_1_1_418-1_560,13,"Hoc primum in luco nova res oblata timorem leniit , hic primum Aeneas sperare salutem ausus , et adflictis melius confidere rebus .",53,9.0,4.0,1,3
P_Vergilius_Maro_Aeneid_Book_1_1_418-1_560,14,"Namque sub ingenti lustrat dum singula templo , reginam opperiens , dum , quae fortuna sit urbi , artificum -que manus inter se operum -que laborem miratur , videt Iliacas ex ordine pugnas , bella -que iam fama totum volgata per orbem , Atridas , Priamum -que , et saevum ambobus Achillem .",53,14.0,5.0,4,3
P_Vergilius_Maro_Aeneid_Book_1_1_418-1_560,15,"Constitit , et lacrimans , “ Quis iam locus ” inquit “ Achate , quae regio in terris nostri non plena laboris ? (est)",27,7.0,6.0,2,3
P_Vergilius_Maro_Aeneid_Book_1_1_418-1_560,17,"Sunt hic etiam sua praemia laudi , sunt lacrimae rerum et mentem mortalia tangunt . (Aeneas inquit)",44,7.0,0.0,3,1
P_Vergilius_Maro_Aeneid_Book_1_1_418-1_560,18,Solve metus ; (Aeneas inquit),28,2.0,2.0,1,2
P_Vergilius_Maro_Aeneid_Book_1_1_418-1_560,19,feret haec aliquam tibi fama salutem . ” (Aeneas inquit),53,4.0,3.0,1,5
P_Vergilius_Maro_Aeneid_Book_1_1_418-1_560,2,"Iam -que ascendebant collem , qui plurimus urbi imminet , adversas -que adspectat desuper arces .",33,6.0,0.0,3,2
P_Vergilius_Maro_Aeneid_Book_1_1_418-1_560,20,"Sic ait , atque animum pictura pascit inani , multa gemens , largo -que umectat flumine voltum .",45,6.0,3.0,3,1
P_Vergilius_Maro_Aeneid_Book_1_1_418-1_560,21,"Nam -que videbat , uti bellantes Pergama circum hac fugerent Graii , premeret Troiana iuventus , hac Phryges , instaret curru cristatus Achilles . (fugerent)",22,10.0,5.0,4,4
P_Vergilius_Maro_Aeneid_Book_1_1_418-1_560,22,"Ne -c procul hinc Rhesi niveis tentoria velis adgnoscit lacrimans , primo quae prodita somno Tydides multa vastabat caede cruentus , ardentis -que avertit equos in castra , prius quam pabula gustassent Troiae Xanthum -que bibissent .",44,12.0,0.0,5,6
P_Vergilius_Maro_Aeneid_Book_1_1_418-1_560,23,"Parte alia fugiens amissis Troilus armis , infelix puer atque impar congressus Achilli , fertur equis , curru -que haeret resupinus inani , lora tenens tamen ;",32,9.0,4.0,2,2
P_Vergilius_Maro_Aeneid_Book_1_1_418-1_560,24,"huic cervix -que comae -que trahuntur per terram , et versa pulvis inscribitur hasta .",54,6.0,2.0,2,2
P_Vergilius_Maro_Aeneid_Book_1_1_418-1_560,25,"Interea ad templum non aequae Palladis ibant crinibus Iliades passis peplum -que ferebant , suppliciter tristes et tunsae pectora palmis ;",43,10.0,4.0,2,2
P_Vergilius_Maro_Aeneid_Book_1_1_418-1_560,26,diva solo fixos oculos aversa tenebat .,44,5.0,2.0,1,2
P_Vergilius_Maro_Aeneid_Book_1_1_418-1_560,27,"Ter circum Iliacos raptaverat Hectora muros , exanimum -que auro corpus vendebat Achilles .",51,7.0,2.0,2,4
P_Vergilius_Maro_Aeneid_Book_1_1_418-1_560,28,"Tum vero ingentem gemitum dat pectore ab imo , ut spolia , ut currus , ut -que ipsum corpus amici , tendentem -que manus Priamum conspexit inermis . (conspexit) (conspexit)",43,11.0,4.0,2,3
P_Vergilius_Maro_Aeneid_Book_1_1_418-1_560,29,"Se quoque principibus permixtum adgnovit Achivis , Eoas -que acies et nigri Memnonis arma .",54,8.0,1.0,1,3
P_Vergilius_Maro_Aeneid_Book_1_1_418-1_560,3,"Miratur molem Aeneas , magalia quondam , miratur portas strepitum -que et strata viarum .",50,8.0,4.0,2,2
P_Vergilius_Maro_Aeneid_Book_1_1_418-1_560,30,"Ducit Amazonidum lunatis agmina peltis Penthesilea furens , mediis -que in milibus ardet , aurea subnectens exsertae cingula mammae , bellatrix , audet -que viris concurrere virgo .",52,8.0,3.0,3,1
P_Vergilius_Maro_Aeneid_Book_1_1_418-1_560,31,"Haec dum Dardanio Aeneae miranda videntur , dum stupet obtutu -que haeret defixus in uno , regina ad templum , forma pulcherrima Dido , incessit , magna iuvenum stipante caterva .",50,11.0,3.0,4,3
P_Vergilius_Maro_Aeneid_Book_1_1_418-1_560,32,"Qualis in Eurotae ripis aut per iuga Cynthi exercet Diana choros , quam mille secutae hinc atque hinc glomerantur oreades ; illa pharetram fert umero , gradiens -que deas supereminet omnis ( Latonae tacitum pertemptant gaudia pectus ) : talis erat Dido , talem se laeta ferebat per medios , instans operi regnis -que futuris .",43,15.0,6.0,7,2
P_Vergilius_Maro_Aeneid_Book_1_1_418-1_560,33,"Tum foribus divae , media testudine templi , saepta armis , solio -que alte subnixa resedit .",19,6.0,3.0,1,3
P_Vergilius_Maro_Aeneid_Book_1_1_418-1_560,34,"Iura dabat leges -que viris , operum -que laborem partibus aequabat iustis , aut sorte trahebat .",53,7.0,4.0,3,2
P_Vergilius_Maro_Aeneid_Book_1_1_418-1_560,35,"cum subito Aeneas concursu accedere magno Anthea Sergestum -que videt fortem -que Cloanthum , Teucrorum -que alios , ater quos aequore turbo dispulerat penitus -que alias avexerat oras , Obstipuit simul ipse , simul perculsus Achates laetitia -que metu -que ;",46,12.0,3.0,4,4
P_Vergilius_Maro_Aeneid_Book_1_1_418-1_560,36,"avidi coniungere dextras ardebant , sed res animos incognita turbat .",28,6.0,3.0,2,2
P_Vergilius_Maro_Aeneid_Book_1_1_418-1_560,37,"Dissimulant , et nube cava speculantur amicti , quae fortuna viris , classem quo litore linquant , quid veniant ; (sit)",47,7.0,5.0,4,3
P_Vergilius_Maro_Aeneid_Book_1_1_418-1_560,38,"cunctis nam lecti navibus ibant orantes veniam , et templum clamore petebant .",54,6.0,4.0,2,2
P_Vergilius_Maro_Aeneid_Book_1_1_418-1_560,39,"Postquam introgressi et coram data copia fandi , maxumus Ilioneus placido sic pectore coepit :",43,8.0,4.0,1,3
P_Vergilius_Maro_Aeneid_Book_1_1_418-1_560,4,"Instant ardentes Tyrii pars ducere muros , moliri -que arcem et manibus subvolvere saxa , pars optare locum tecto et concludere sulco . (instant)",46,9.0,4.0,1,1
P_Vergilius_Maro_Aeneid_Book_1_1_418-1_560,40,"“ O Regina , novam cui condere Iuppiter urbem iustitia -que dedit gentis frenare superbas , Troes te miseri , ventis maria omnia vecti , oramus , prohibe infandos a navibus ignis , parce pio generi , et propius res aspice nostras .",49,10.0,6.0,5,3
P_Vergilius_Maro_Aeneid_Book_1_1_418-1_560,41,"Non nos aut ferro Libycos populare Penatis venimus , aut raptas ad litora vertere praedas ;",32,6.0,4.0,1,3
P_Vergilius_Maro_Aeneid_Book_1_1_418-1_560,42,"non ea vis animo , ne -c tanta superbia victis . (est) (est)",54,6.0,3.0,0,0
P_Vergilius_Maro_Aeneid_Book_1_1_418-1_560,43,"Est locus , Hesperiam Grai cognomine dicunt , terra antiqua , potens armis atque ubere glaebae ; (quem)",32,10.0,0.0,2,1
P_Vergilius_Maro_Aeneid_Book_1_1_418-1_560,44,Oenotri coluere viri ;,9,2.0,0.0,1,3
P_Vergilius_Maro_Aeneid_Book_1_1_418-1_560,45,nunc fama minores Italiam dixisse ducis de nomine gentem . (est),49,5.0,2.0,0,0
P_Vergilius_Maro_Aeneid_Book_1_1_418-1_560,46,"Hic cursus fuit , cum , subito adsurgens fluctu , nimbosus Orion in vada caeca tulit penitus -que procacibus austris per -que undas superante salo per -que invia saxa dispulit ; huc pauci vestris adnavimus oris . (dispulit)",47,11.0,3.0,4,3
P_Vergilius_Maro_Aeneid_Book_1_1_418-1_560,47,Quod genus hoc hominum ? (est),15,3.0,1.0,0,0
P_Vergilius_Maro_Aeneid_Book_1_1_418-1_560,48,Quae -ve hunc tam barbara morem permittit patria ?,30,5.0,0.0,1,1
P_Vergilius_Maro_Aeneid_Book_1_1_418-1_560,49,Hospitio prohibemur harenae ;,36,2.0,2.0,1,2
P_Vergilius_Maro_Aeneid_Book_1_1_418-1_560,5,Iura magistratus -que legunt sanctum -que senatum ;,52,4.0,0.0,1,1
P_Vergilius_Maro_Aeneid_Book_1_1_418-1_560,50,"bella cient , prima -que vetant consistere terra .",35,6.0,2.0,2,1
P_Vergilius_Maro_Aeneid_Book_1_1_418-1_560,51,Si genus humanum et mortalia temnitis arma at sperate deos memores fandi atque nefandi . (esse),45,9.0,4.0,2,2
P_Vergilius_Maro_Aeneid_Book_1_1_418-1_560,52,"Rex erat Aeneas nobis , quo iustior alter , ne -c pietate fuit , ne -c bello maior et armis . (fuit)",29,7.0,4.0,2,3
P_Vergilius_Maro_Aeneid_Book_1_1_418-1_560,53,"Quem si fata virum servant , si vescitur aura aetheria , ne -que adhuc crudelibus occubat umbris , non metus , (est) officio ne -c te certasse priorem paeniteat .",40,10.0,2.0,4,3
P_Vergilius_Maro_Aeneid_Book_1_1_418-1_560,54,"Sunt et Siculis regionibus urbes arva -que , Troiano -que a sanguine clarus Acestes .",21,7.0,3.0,1,1
P_Vergilius_Maro_Aeneid_Book_1_1_418-1_560,55,"Quassatam ventis liceat subducere classem , et silvis aptare trabes et stringere remos : si datur Italiam , sociis et rege recepto , tendere , ut Italiam laeti Latium -que petamus ;",49,11.0,6.0,3,3
P_Vergilius_Maro_Aeneid_Book_1_1_418-1_560,56,"sin absumpta salus , et te , pater optume Teucrum , pontus habet Lybiae , ne -c spes iam restat Iuli , at freta Sicaniae saltem sedes -que paratas , unde huc advecti , regem -que petamus Acesten . ” [ ]",53,12.0,6.0,3,3
P_Vergilius_Maro_Aeneid_Book_1_1_418-1_560,57,Talibus Ilioneus ; (utebatur),22,2.0,1.0,0,0
P_Vergilius_Maro_Aeneid_Book_1_1_418-1_560,58,cuncti simul ore fremebant Dardanidae .,54,3.0,1.0,1,2
P_Vergilius_Maro_Aeneid_Book_1_1_418-1_560,6,"hic portus alii effodiunt ; hic alta theatris fundamenta locant alii , immanis -que columnas rupibus excidunt , scaenis decora alta futuris .",27,7.0,4.0,3,1
P_Vergilius_Maro_Aeneid_Book_1_1_418-1_560,7,"Qualis apes aestate nova per florea rura exercet sub sole labor , cum gentis adultos educunt fetus , aut cum liquentia mella stipant et dulci distendunt nectare cellas , aut onera accipiunt venientum , aut agmine facto ignavom fucos pecus a praesepibus arcent , [ ] fervet opus , redolent -que thymo fragrantia mella .",49,11.0,3.0,8,1
P_Vergilius_Maro_Aeneid_Book_1_1_418-1_560,8,"“O fortunati , quorum iam moenia surgunt ! ” Aeneas ait , et fastigia suspicit urbis .",45,8.0,3.0,3,1
P_Vergilius_Maro_Aeneid_Book_1_1_418-1_560,9,"Infert se saeptus nebula , mirabile dictu , per medios miscet -que viris , ne -que cernitur ulli .",27,7.0,0.0,3,2
P_Vergilius_Maro_Aeneid_Book_1_1_561-1_756,1,"Tum breviter Dido , voltum demissa , profatur : “ Solvite corde metum , Teucri , secludite curas .",53,6.0,3.0,4,2
P_Vergilius_Maro_Aeneid_Book_1_1_561-1_756,10,"Equidem per litora certos dimittam et Libyae lustrare extrema iubebo , si quibus eiectus silvis aut urbibus errat . ” (Dido profatur)",33,9.0,0.0,3,5
P_Vergilius_Maro_Aeneid_Book_1_1_561-1_756,11,His animum arrecti dictis et fortis Achates et pater Aeneas iamdudum erumpere nubem ardebant .,26,6.0,2.0,1,2
P_Vergilius_Maro_Aeneid_Book_1_1_561-1_756,13,"“ Nate dea , quae nunc animo sententia surgit ? (Achates inquit)",12,4.0,0.0,1,1
P_Vergilius_Maro_Aeneid_Book_1_1_561-1_756,14,"omnia tuta vides , classem socios -que receptos . (esse) (Achates inquit)",47,5.0,3.0,1,1
P_Vergilius_Maro_Aeneid_Book_1_1_561-1_756,15,"Unus abest , medio in fluctu quem vidimus ipsi submersum ; (Achates inquit)",47,7.0,0.0,2,3
P_Vergilius_Maro_Aeneid_Book_1_1_561-1_756,16,dictis respondent cetera matris . ” (Achates inquit),8,3.0,0.0,1,1
P_Vergilius_Maro_Aeneid_Book_1_1_561-1_756,17,"Vix ea fatus erat , cum circumfusa repente scindit se nubes et in aethera purgat apertum .",43,7.0,1.0,3,2
P_Vergilius_Maro_Aeneid_Book_1_1_561-1_756,18,"Restitit Aeneas clara -que in luce refulsit , os umeros -que deo similis ;",50,9.0,5.0,2,3
P_Vergilius_Maro_Aeneid_Book_1_1_561-1_756,19,"namque ipsa decoram caesariem nato genetrix lumen -que iuventae purpureum et laetos oculis adflarat honores : quale manus addunt ebori decus , aut ubi flavo argentum Parius -ve lapis circumdatur auro . (addunt) (quale decus)",44,11.0,5.0,3,4
P_Vergilius_Maro_Aeneid_Book_1_1_561-1_756,2,"Res dura et regni novitas me talia cogunt moliri , et late finis custode tueri . (Dido profatur)",53,6.0,0.0,1,1
P_Vergilius_Maro_Aeneid_Book_1_1_561-1_756,20,"Tum sic reginam adloquitur , cunctis -que repente improvisus ait : “ Coram , quem quaeritis , adsum , Troius Aeneas , Lybicis ereptus ab undis .",54,10.0,6.0,4,2
P_Vergilius_Maro_Aeneid_Book_1_1_561-1_756,21,"O sola infandos Troiae miserata labores , quae nos , reliquias Danaum , terrae -que maris -que omnibus exhaustos iam casibus , omnium egenos , urbe , domo , socias , grates persolvere dignas non opis est nostrae , Dido , ne -c quicquid ubique est gentis Dardaniae , magnum quae sparsa per orbem .",51,17.0,5.0,3,1
P_Vergilius_Maro_Aeneid_Book_1_1_561-1_756,22,"Di tibi , si qua pios respectant numina , si quid usquam iustitia est et mens sibi conscia recti , praemia digna ferant .",44,9.0,7.0,3,3
P_Vergilius_Maro_Aeneid_Book_1_1_561-1_756,23,Quae te tam laeta tulerunt saecula ?,49,4.0,1.0,1,3
P_Vergilius_Maro_Aeneid_Book_1_1_561-1_756,24,Qui tanti talem genuere parentes ?,22,3.0,1.0,1,3
P_Vergilius_Maro_Aeneid_Book_1_1_561-1_756,25,"In freta dum fluvii current , dum montibus umbrae lustrabunt convexa , polus dum sidera pascet , semper honos nomen -que tuum laudes -que manebunt , quae me cumque vocant terrae . ”",43,9.0,2.0,5,5
P_Vergilius_Maro_Aeneid_Book_1_1_561-1_756,26,"Sic fatus , amicum Ilionea petit dextra , laeva -que Serestum , post alios , fortem -que Gyan fortem -que Cloanthum . (petit) (petit)",43,9.0,5.0,1,1
P_Vergilius_Maro_Aeneid_Book_1_1_561-1_756,27,"Obstipuit primo aspectu Sidonia Dido , casu deinde viri tanto , et sic ore locuta est : (obstipuit) “ Quis te , nate dea , per tanta pericula casus insequitur ?",43,10.0,5.0,3,3
P_Vergilius_Maro_Aeneid_Book_1_1_561-1_756,28,Quae vis immanibus applicat oris ? (locuta est),54,4.0,0.0,1,1
P_Vergilius_Maro_Aeneid_Book_1_1_561-1_756,29,"Tu -ne ille Aeneas , quem Dardanio Anchisae alma Venus Phrygii genuit Simoentis ad undam ? (es) (locuta est)",10,7.0,0.0,1,3
P_Vergilius_Maro_Aeneid_Book_1_1_561-1_756,3,"Quis genus Aeneadum , quis Troiae nesciat urbem , virtutes -que viros -que , aut tanti incendia belli ? (nesciat) (Dido profatur)",40,8.0,4.0,1,3
P_Vergilius_Maro_Aeneid_Book_1_1_561-1_756,30,"Atque equidem Teucrum memini Sidona venire finibus expulsum patriis , nova regna petentem auxilio Beli ; (locuta est)",50,8.0,8.0,1,3
P_Vergilius_Maro_Aeneid_Book_1_1_561-1_756,31,"genitor tum Belus opimam vastabat Cyprum , et victor dicione tenebat . [ ] (locuta est)",13,5.0,0.0,2,2
P_Vergilius_Maro_Aeneid_Book_1_1_561-1_756,32,Tempore iam ex illo casus mihi cognitus urbis Troianae nomen -que tuum reges -que Pelasgi . (locuta est),18,7.0,0.0,0,0
P_Vergilius_Maro_Aeneid_Book_1_1_561-1_756,33,"Ipse hostis Teucros insigni laude ferebat , se -que ortum antiqua Teucrorum ab stirpe volebat . (locuta est)",36,8.0,0.0,2,2
P_Vergilius_Maro_Aeneid_Book_1_1_561-1_756,34,"Qua -re agite , O tectis , iuvenes , succedite nostris . (locuta est)",21,6.0,0.0,2,2
P_Vergilius_Maro_Aeneid_Book_1_1_561-1_756,35,Me quoque per multos similis fortuna labores iactatam hac demum voluit consistere terra . (locuta est),50,8.0,0.0,1,3
P_Vergilius_Maro_Aeneid_Book_1_1_561-1_756,36,"Non ignara mali , miseris succurrere disco . ” (locuta est)",18,4.0,0.0,1,1
P_Vergilius_Maro_Aeneid_Book_1_1_561-1_756,37,Sic memorat ;,9,1.0,1.0,1,1
P_Vergilius_Maro_Aeneid_Book_1_1_561-1_756,38,"simul Aenean in regia ducit tecta , simul divom templis indicit honorem .",46,7.0,3.0,2,1
P_Vergilius_Maro_Aeneid_Book_1_1_561-1_756,39,"Ne -c minus interea sociis ad litora mittit viginti tauros , magnorum horrentia centum terga suum , pinguis centum cum matribus agnos , munera laetitiam -que dii .",46,7.0,0.0,1,1
P_Vergilius_Maro_Aeneid_Book_1_1_561-1_756,4,"Non obtusa adeo gestamus pectora Poeni , ne -c tam aversus equos Tyria Sol iungit ab urbe . (Dido profatur)",44,10.0,0.0,2,1
P_Vergilius_Maro_Aeneid_Book_1_1_561-1_756,40,"At domus interior regali splendida luxu instruitur , mediis -que parant convivia tectis : arte laboratae vestes ostro -que superbo , ingens argentum mensis , caelata -que in auro fortia facta patrum , series longissima rerum per tot ducta viros antiqua ab origine gentis . (instruuntur)",49,12.0,0.0,2,2
P_Vergilius_Maro_Aeneid_Book_1_1_561-1_756,41,"Aeneas ( ne -que enim patrius consistere mentem passus amor ) rapidum ad navis praemittit Achaten , Ascanio ferat haec , ipsum -que ad moenia ducat ;",44,9.0,4.0,3,3
P_Vergilius_Maro_Aeneid_Book_1_1_561-1_756,42,omnis in Ascanio cari stat cura parentis .,14,5.0,2.0,1,1
P_Vergilius_Maro_Aeneid_Book_1_1_561-1_756,43,"Munera praeterea , Iliacis erepta ruinis , ferre iubet , pallam signis auro -que rigentem , et circumtextum croceo velamen acantho , ornatus Argivae Helenae , quos illa Mycenis , Pergama cum peteret inconcessos -que hymenaeos , extulerat , matris Ledae mirabile donum : praeterea sceptrum , Ilione quod gesserat olim , maxima natarum Priami , collo -que monile bacatum , et duplicem gemmis auro -que coronam . (ferre iubet)",47,21.0,6.0,4,4
P_Vergilius_Maro_Aeneid_Book_1_1_561-1_756,44,Haec celerans ita ad naves tendebat Achates .,15,5.0,2.0,1,2
P_Vergilius_Maro_Aeneid_Book_1_1_561-1_756,45,"At Cytherea novas artes , nova pectore versat Consilia , ut faciem mutatus et ora Cupido pro dulci Ascanio veniat , donis -que furentem incendat reginam , atque ossibus implicet ignem ;",45,10.0,0.0,4,3
P_Vergilius_Maro_Aeneid_Book_1_1_561-1_756,46,quippe domum timet ambiguam Tyrios -que bilinguis ;,8,4.0,3.0,1,1
P_Vergilius_Maro_Aeneid_Book_1_1_561-1_756,47,"urit atrox Iuno , et sub noctem cura recursat .",35,6.0,3.0,2,1
P_Vergilius_Maro_Aeneid_Book_1_1_561-1_756,48,Ergo his aligerum dictis adfatur Amorem :,27,4.0,2.0,1,2
P_Vergilius_Maro_Aeneid_Book_1_1_561-1_756,49,"“ Nate , meae vires , mea magna potentia solus , nate , patris summi qui tela Typhoia temnis , ad te confugio et supplex tua numina posco . (Venus adfatur)",54,8.0,0.0,3,1
P_Vergilius_Maro_Aeneid_Book_1_1_561-1_756,5,"Se -u vos Hesperiam magnam Saturnia -que arva , si -ve Erycis finis regem -que optatis Acesten , auxilio tutos dimittam , opibus -que iuvabo . (optatis) [ ] (Dido profatur)",53,10.0,0.0,3,5
P_Vergilius_Maro_Aeneid_Book_1_1_561-1_756,50,"Frater ut Aeneas pelago tuus omnia circum litora iactetur odiis Iunonis iniquae , nota tibi , et nostro doluisti saepe dolore . [ ] (Venus adfatur)",51,9.0,0.0,2,4
P_Vergilius_Maro_Aeneid_Book_1_1_561-1_756,51,"Hunc Phoenissa tenet Dido blandis -que moratur vocibus ; et vereor , quo se Iunonia vertant hospitia ; (Venus adfatur)",36,8.0,0.0,4,3
P_Vergilius_Maro_Aeneid_Book_1_1_561-1_756,52,haud tanto cessabit cardine rerum . (Venus adfatur),35,3.0,0.0,1,5
P_Vergilius_Maro_Aeneid_Book_1_1_561-1_756,53,"Quocirca capere ante dolis et cingere flamma reginam meditor , ne quo se numine mutet , sed magno Aeneae me -cum teneatur amore . (Venus adfatur)",48,7.0,0.0,3,4
P_Vergilius_Maro_Aeneid_Book_1_1_561-1_756,54,"Qua facere id possis , nostram nunc accipe mentem . (Venus adfatur)",44,5.0,0.0,2,3
P_Vergilius_Maro_Aeneid_Book_1_1_561-1_756,55,"Regius accitu cari genitoris ad urbem Sidoniam puer ire parat , mea maxima cura , dona ferens , pelago et flammis restantia Troiae : (Venus adfatur)",30,12.0,0.0,1,1
P_Vergilius_Maro_Aeneid_Book_1_1_561-1_756,56,"hunc ego sopitum somno super alta Cythera aut super Idalium sacrata sede recondam , ne qua scire dolos medius -ve occurrere possit . (possit) (Venus adfatur)",48,10.0,0.0,2,5
P_Vergilius_Maro_Aeneid_Book_1_1_561-1_756,57,"Tu faciem illius noctem non amplius unam falle dolo , et notos pueri puer indue voltus , ut , cum te gremio accipiet laetissima Dido regalis inter mensas laticem -que Lyaeum , cum dabit amplexus atque oscula dulcia figet , occultum inspires ignem fallas -que veneno . ” (Venus adfatur)",48,15.0,0.0,7,5
P_Vergilius_Maro_Aeneid_Book_1_1_561-1_756,58,"Paret Amor dictis carae genetricis , et alas exuit , et gressu gaudens incedit Iuli .",22,8.0,4.0,3,1
P_Vergilius_Maro_Aeneid_Book_1_1_561-1_756,59,"At Venus Ascanio placidam per membra quietem inrigat , et fotum gremio dea tollit in altos Idaliae lucos , ubi mollis amaracus illum floribus et dulci adspirans complectitur umbra .",51,12.0,0.0,3,2
P_Vergilius_Maro_Aeneid_Book_1_1_561-1_756,6,Voltis et his me -cum pariter considere regnis ? (Dido profatur),28,4.0,3.0,1,1
P_Vergilius_Maro_Aeneid_Book_1_1_561-1_756,60,"Iam -que ibat dicto parens et dona Cupido regia portabat Tyriis , duce laetus Achate .",30,8.0,0.0,2,2
P_Vergilius_Maro_Aeneid_Book_1_1_561-1_756,61,"Cum venit , aulaeis iam se regina superbis aurea composuit sponda mediam -que locavit , iam pater Aeneas et iam Troiana iuventus conveniunt , strato -que super discumbitur ostro . (convenit)",28,10.0,5.0,5,3
P_Vergilius_Maro_Aeneid_Book_1_1_561-1_756,62,"Dant famuli manibus lymphas , Cererem -que canistris expediunt , tonsis -que ferunt mantelia villis .",32,6.0,2.0,3,1
P_Vergilius_Maro_Aeneid_Book_1_1_561-1_756,63,"Quinquaginta intus famulae , quibus ordine longam cura penum struere , et flammis adolere Penatis ; (erat) (erant)",24,7.0,4.0,0,0
P_Vergilius_Maro_Aeneid_Book_1_1_561-1_756,64,"centum aliae totidem -que pares aetate ministri , qui dapibus mensas onerent et pocula ponant . (erant)",49,6.0,0.0,2,3
P_Vergilius_Maro_Aeneid_Book_1_1_561-1_756,65,"Ne -c non et Tyrii per limina laeta frequentes convenere , toris iussi discumbere pictis .",30,8.0,0.0,1,3
P_Vergilius_Maro_Aeneid_Book_1_1_561-1_756,66,"Mirantur dona Aeneae , mirantur Iulum flagrantis -que dei voltus simulata -que verba , pallam -que et pictum croceo velamen acantho .",50,10.0,7.0,2,2
P_Vergilius_Maro_Aeneid_Book_1_1_561-1_756,67,"Praecipue infelix , pesti devota futurae , expleri mentem nequit ardescit -que tuendo Phoenissa , et pariter puero donis -que movetur .",53,9.0,4.0,4,4
P_Vergilius_Maro_Aeneid_Book_1_1_561-1_756,68,"Ille ubi complexu Aeneae collo -que pependit et magnum falsi implevit genitoris amorem , reginam petit .",19,7.0,4.0,3,3
P_Vergilius_Maro_Aeneid_Book_1_1_561-1_756,69,"haec oculis , haec pectore toto haeret et interdum gremio fovet , inscia Dido , insidat quantus miserae deus ; (haeret)",43,10.0,6.0,3,3
P_Vergilius_Maro_Aeneid_Book_1_1_561-1_756,7,urbem quam statuo vestra est . (Dido profatur),7,4.0,0.0,2,1
P_Vergilius_Maro_Aeneid_Book_1_1_561-1_756,70,"at memor ille matris Acidaliae paulatim abolere Sychaeum incipit , et vivo temptat praevertere amore iam pridem resides animos desueta -que corda .",53,12.0,0.0,2,1
P_Vergilius_Maro_Aeneid_Book_1_1_561-1_756,71,"Postquam prima quies epulis , mensae -que remotae , crateras magnos statuunt et vina coronant . (erat)",11,8.0,3.0,2,1
P_Vergilius_Maro_Aeneid_Book_1_1_561-1_756,72,"Fit strepitus tectis , vocem -que per ampla volutant atria ; dependent lychni laquearibus aureis incensi , et noctem flammis funalia vincunt .",52,9.0,4.0,4,1
P_Vergilius_Maro_Aeneid_Book_1_1_561-1_756,73,"Hic regina gravem gemmis auro -que poposcit implevit -que mero pateram , quam Belus et omnes a Belo soliti ;",41,8.0,6.0,2,3
P_Vergilius_Maro_Aeneid_Book_1_1_561-1_756,74,"tum facta silentia tectis : “ Iuppiter , hospitibus nam te dare iura loquuntur , hunc laetum Tyriis -que diem Troia -que profectis esse velis , nostros -que huius meminisse minores . (Dido inquit)",53,10.0,1.0,2,3
P_Vergilius_Maro_Aeneid_Book_1_1_561-1_756,75,"Adsit laetitiae Bacchus dator , et bona Iuno ; (DIdo inquit)",5,5.0,4.0,1,3
P_Vergilius_Maro_Aeneid_Book_1_1_561-1_756,76,"et vos , O , coetum , Tyrii , celebrate faventes . ” (DIdo inquit)",52,5.0,3.0,1,2
P_Vergilius_Maro_Aeneid_Book_1_1_561-1_756,77,"Dixit , et in mensam laticum libavit honorem , prima -que , libato , summo tenus attigit ore , tum Bitiae dedit increpitans ;",43,9.0,3.0,4,3
P_Vergilius_Maro_Aeneid_Book_1_1_561-1_756,78,"ille impiger hausit spumantem pateram et pleno se proluit auro , post alii proceres . (hauserunt)",41,7.0,3.0,2,3
P_Vergilius_Maro_Aeneid_Book_1_1_561-1_756,79,"Cithara crinitus Iopas personat aurata , docuit quem maximus Atlas .",6,6.0,4.0,2,3
P_Vergilius_Maro_Aeneid_Book_1_1_561-1_756,8,subducite navis ; Tros Tyrius -que mihi nullo discrimine agetur . (Dido profatur),19,6.0,0.0,2,5
P_Vergilius_Maro_Aeneid_Book_1_1_561-1_756,80,"Hic canit errantem lunam solis -que labores ; unde hominum genus et pecudes , unde imber et ignes , Arcturum pluvias -que Hyadas geminos -que Triones , quid tantum Oceano properent se tinguere soles hiberni , vel quae tardis mora noctibus obstet . (sit) (sint)",44,10.0,5.0,3,3
P_Vergilius_Maro_Aeneid_Book_1_1_561-1_756,81,"Ingeminant plausu Tyrii , Troes -que sequuntur .",36,4.0,2.0,2,2
P_Vergilius_Maro_Aeneid_Book_1_1_561-1_756,82,"Ne -c non et vario noctem sermone trahebat infelix Dido , longum -que bibebat amorem , multa super Priamo rogitans , super Hectore multa ;",18,9.0,0.0,2,2
P_Vergilius_Maro_Aeneid_Book_1_1_561-1_756,83,"nunc quibus Aurorae venisset filius armis , nunc quales Diomedis equi , nunc quantus Achilles . (fuissent) (fuisset) (rogitabat) (rogitabat) (rogitabat)",26,8.0,1.0,1,6
P_Vergilius_Maro_Aeneid_Book_1_1_561-1_756,84,"“ Immo age , et a prima dic , hospes , origine nobis insidias , ” inquit , “ Danaum , casus -que tuorum , errores -que tuos ;",53,6.0,1.0,3,2
P_Vergilius_Maro_Aeneid_Book_1_1_561-1_756,85,nam te iam septima portat omnibus errantem terris et fluctibus aestas . ” (Dido inquit),47,6.0,0.0,1,1
P_Vergilius_Maro_Aeneid_Book_1_1_561-1_756,9,Atque utinam rex ipse Noto compulsus eodem adforet Aeneas ! [ ] (Dido profatur),32,7.0,7.0,1,4
Petronius_Satyricon_selections_111-112,1,"Matrona quaedam Ephesi tam notae erat pudicitiae , ut vicinarum quoque gentium feminas ad spectaculum sui evocaret .",49,8.0,2.0,2,4
Petronius_Satyricon_selections_111-112,10,"At illa ignota consolatione percussa laceravit vehementius pectus , ruptos -que crines super corpus iacentis imposuit .",45,9.0,0.0,2,3
Petronius_Satyricon_selections_111-112,11,"Non recessit tamen miles , sed eadem exhortatione temptavit dare mulierculae cibum , donec ancilla , vini odore corrupta , primum ipsa porrexit ad humanitatem invitantis victam manum , deinde refecta potione et cibo expugnare dominae pertinaciam coepit et :",51,10.0,7.0,4,3
Petronius_Satyricon_selections_111-112,12,"' Quid proderit , inquit , hoc tibi , si soluta inedia fueris , si te vivam sepelieris , si antequam fata poscant indemnatum spiritum effuderis ?",40,9.0,1.0,6,6
Petronius_Satyricon_selections_111-112,13,Id cinerem aut manes credis sentire sepultos ?,30,4.0,0.0,1,1
Petronius_Satyricon_selections_111-112,14,Vis tu reviviscere ?,15,2.0,1.0,1,1
Petronius_Satyricon_selections_111-112,15,"Vis discusso muliebri errore Quam diu licuerit , lucis commodis frui ?",49,7.0,3.0,2,6
Petronius_Satyricon_selections_111-112,16,Ipsum te iacentis corpus admonere debet ut vivas . ',29,5.0,1.0,2,3
Petronius_Satyricon_selections_111-112,17,"Nemo invitus audit , cum cogitur aut cibum sumere aut vivere .",32,7.0,2.0,2,2
Petronius_Satyricon_selections_111-112,18,"Itaque mulier aliquot dierum abstinentia sicca passa est frangi pertinaciam suam , ne -c minus avide replevit se cibo quam ancilla , quae prior victa est . (replevit se)",47,15.0,2.0,3,3
Petronius_Satyricon_selections_111-112,19,"Ceterum , scitis quid plerumque soleat temptare humanam satietatem .",40,5.0,4.0,2,3
Petronius_Satyricon_selections_111-112,2,"Haec ergo cum virum extulisset , non contenta vulgari more funus passis prosequi crinibus aut nudatum pectus in conspectu frequentiae plangere , in conditorium etiam prosecuta est defunctum , positum -que in hypogaeo Graeco more corpus custodire ac flere totis noctibus diebus -que coepit .",43,14.0,7.0,3,6
Petronius_Satyricon_selections_111-112,20,"Quibus blanditiis impetraverat miles ut matrona vellet vivere , iisdem etiam pudicitiam eius aggressus est .",40,7.0,2.0,3,4
Petronius_Satyricon_selections_111-112,21,"Ne -c deformis aut infacundus iuvenis castae videbatur , conciliante gratiam ancilla ac subinde dicente : (esse) ' Placito -ne etiam pugnabis amori ? '",32,8.0,0.0,2,5
Petronius_Satyricon_selections_111-112,22,Quid diutius moror ?,4,2.0,1.0,1,2
Petronius_Satyricon_selections_111-112,23,"Iacuerunt ergo una non tantum illa nocte , qua nuptias fecerunt , sed postero etiam ac tertio die , praeclusis videlicet conditorii foribus , ut quisquis ex notis ignotis -que ad monumentum venisset , putasset expirasse super corpus viri pudicissimam uxorem .",51,11.0,3.0,4,6
Petronius_Satyricon_selections_111-112,24,"Ceterum , delectatus miles et forma mulieris et secreto , quicquid boni per facultates poterat coemebat et , prima statim nocte , in monumentum ferebat . (coemere)",51,9.0,3.0,3,2
Petronius_Satyricon_selections_111-112,25,"Itaque unius cruciarii parentes ut viderunt laxatam custodiam , detraxere nocte pendentem supremo -que mandaverunt officio .",43,7.0,4.0,3,3
Petronius_Satyricon_selections_111-112,26,"At miles circumscriptus dum desidet , ut postero die vidit unam sine cadavere crucem , veritus supplicium , mulieri quid accidisset exponit : ' ne -c se expectaturum iudicis sententiam , sed gladio ius dicturum ignaviae suae .",47,13.0,0.0,4,6
Petronius_Satyricon_selections_111-112,27,"Commodaret ergo illa perituro locum , et fatale conditorium familiari ac viro faceret . ' (rogat)",32,6.0,0.0,2,4
Petronius_Satyricon_selections_111-112,28,"Mulier non minus misericors quam pudica ' Ne istud , inquit , dii sinant , ut eodem tempore duorum mihi carissimorum hominum duo funera spectem . (erat)",47,14.0,6.0,3,3
Petronius_Satyricon_selections_111-112,29,Malo mortuum impendere quam vivum occidere . ' (volo),28,6.0,2.0,1,1
Petronius_Satyricon_selections_111-112,3,"Sic adflictantem se ac mortem inedia persequentem non parentes potuerunt abducere , non propinqui ; (potuerunt)",45,7.0,2.0,1,3
Petronius_Satyricon_selections_111-112,30,"Secundum hanc orationem iubet ex arca corpus mariti sui tolli atque illi , quae vacabat , cruci affigi .",32,8.0,3.0,2,2
Petronius_Satyricon_selections_111-112,31,"Usus est miles ingenio prudentissimae feminae , postero -que die populus miratus est qua ratione mortuus isset in crucem .",40,8.0,4.0,3,6
Petronius_Satyricon_selections_111-112,4,"magistratus ultimo repulsi abierunt , complorata -que singularis exempli femina ab omnibus quintum iam diem sine alimento trahebat .",18,9.0,3.0,2,3
Petronius_Satyricon_selections_111-112,5,"Adsidebat aegrae fidissima ancilla , simul -que et lacrimas commodabat lugenti , et quotienscumque defecerat positum in monumento lumen renovabat .",46,9.0,6.0,4,4
Petronius_Satyricon_selections_111-112,6,"Una igitur in tota civitate fabula erat : solum illud adfulsisse verum pudicitiae amoris -que exemplum omnis ordinis homines confitebantur , cum interim imperator provinciae latrones iussit crucibus affigi secundum illam casulam , in qua recens cadaver matrona deflebat . [ ]",49,13.0,2.0,4,3
Petronius_Satyricon_selections_111-112,7,"Proxima ergo nocte , cum miles , qui cruces asservabat , ne quis ad sepulturam corpus detraheret , notasset sibi lumen inter monumenta clarius fulgens et gemitum lugentis audisset , vitio gentis humanae concupiit scire quis aut quid faceret .",49,12.0,3.0,6,6
Petronius_Satyricon_selections_111-112,8,"Descendit igitur in conditorium , visa -que pulcherrima muliere , primo quasi quodam monstro infernis -que imaginibus turbatus substitit ;",49,9.0,4.0,2,3
Petronius_Satyricon_selections_111-112,9,"deinde ut et corpus iacentis conspexit et lacrimas consideravit faciem -que unguibus sectam , ratus ( scilicet id quod erat ) desiderium extincti non posse feminam pati , attulit in monumentum cenulam suam , coepit -que hortari lugentem ne perseveraret in dolore supervacuo , ac nihil profuturo gemitu pectus [ ] diduceret : ' omnium eumdem esse exitum et idem domicilium ' et cetera quibus exulceratae mentes ad sanitatem revocantur . (esse)",50,16.0,9.0,8,4
Petronius_Satyricon_selections_115_7-end,1,"Substiti ergo tristis coepi -que umentibus oculis maris fidem inspicere et "" Hunc forsitan , "" proclamo , "" in aliqua parte terrarum secura expectat uxor , forsitan ignarus tempestatis filius , aut patrem utique reliquit aliquem , cui proficiscens osculum dedit . (expectat)",39,10.0,5.0,6,3
Petronius_Satyricon_selections_115_7-end,10,Dii Deae -que quam longe a destinatione sua iacet !,25,5.0,3.0,1,1
Petronius_Satyricon_selections_115_7-end,11,Sed non sola mortalibus maria hanc fidem praestant .,41,4.0,0.0,1,1
Petronius_Satyricon_selections_115_7-end,12,"Illum bellantem arma decipiunt , illum diis vota reddentem Penatium suorum ruina sepelit .",46,7.0,4.0,2,1
Petronius_Satyricon_selections_115_7-end,13,"Ille vehiculo lapsus properantem spiritum excussit , cibus avidum strangulavit , abstinentem frugalitas . (strangulavit)",4,7.0,3.0,2,3
Petronius_Satyricon_selections_115_7-end,14,"Si bene calculum ponas , ubique naufragium est .",19,4.0,3.0,2,3
Petronius_Satyricon_selections_115_7-end,15,"At enim fluctibus obruto non contingit sepultura : tamquam intersit , periturum corpus quae ratio consumat , ignis an fluctus an mora !",47,8.0,0.0,3,3
Petronius_Satyricon_selections_115_7-end,16,"Quicquid feceris , omnia haec eodem ventura sunt .",51,4.0,2.0,2,6
Petronius_Satyricon_selections_115_7-end,17,Ferae tamen corpus lacerabunt : tamquam melius ignis accipiat ! (sit),18,5.0,3.0,2,5
Petronius_Satyricon_selections_115_7-end,18,"Immo hanc poenam gravissimam credimus , ubi servis irascimur . (esse)",48,6.0,2.0,2,2
Petronius_Satyricon_selections_115_7-end,19,"Quae ergo dementia est , omnia facere , ne quid de nobis relinquat sepultura ? """,27,8.0,2.0,2,3
Petronius_Satyricon_selections_115_7-end,2,"Haec sunt consilia mortalium , haec vota magnarum cogitationum . (sunt)",46,7.0,4.0,1,1
Petronius_Satyricon_selections_115_7-end,20,Et Licham quidem rogus inimicis collatus manibus adolebat .,44,5.0,0.0,1,2
Petronius_Satyricon_selections_115_7-end,21,"Eumolpus autem dum epigramma mortuo facit , oculos ad arcessendos sensus longius mittit .",47,7.0,0.0,2,1
Petronius_Satyricon_selections_115_7-end,3,"En homo quemadmodum natat ! """,10,2.0,1.0,1,1
Petronius_Satyricon_selections_115_7-end,4,"Adhuc tamquam ignotum deflebam , cum inviolatum os fluctus convertit in terram , agnovi -que terribilem paulo ante et implacabilem Licham pedibus meis paene subiectum . (deflebam)",47,10.0,3.0,3,3
Petronius_Satyricon_selections_115_7-end,5,"Non tenui igitur diutius lacrimas , immo percussi semel iterum -que manibus pectus et "" Vbi nunc est , "" inquam , "" iracundia tua , ubi impotentia tua ? (est)",51,8.0,4.0,4,3
Petronius_Satyricon_selections_115_7-end,6,"Nempe piscibus beluis -que expositus es , et qui paulo ante iactabas vires imperii tui , de tam magna nave ne tabulam quidem naufragus habes .",54,9.0,3.0,3,2
Petronius_Satyricon_selections_115_7-end,7,"Ite nunc mortales , et magnis cogitationibus pectora implete .",43,5.0,2.0,2,2
Petronius_Satyricon_selections_115_7-end,8,"Ite cauti , et opes fraudibus captas per mille annos disponite .",24,6.0,4.0,2,2
Petronius_Satyricon_selections_115_7-end,9,"Nempe hic proxima luce patrimonii sui rationes inspexit , nempe diem etiam , quo venturus esset in patriam , animo suo fixit .",18,9.0,5.0,3,4
Petronius_Satyricon_selections_12-15,1,"Veniebamus in forum deficiente iam die , in quo notavimus frequentiam rerum venalium , non quidem pretiosarum sed tamen quarum fidem male ambulantem obscuritas temporis facillime tegeret .",44,12.0,10.0,3,4
Petronius_Satyricon_selections_12-15,10,"Ascyltos postquam depositum esse inviolatum vidit et personam vendentis contemptam , seduxit me paululum a turba et ' scis ' inquit ' frater , rediisse ad nos thesaurum de quo querebar ?",40,13.0,3.0,5,3
Petronius_Satyricon_selections_12-15,11,"illa est tunicula adhuc , ut apparet , intactis aureis plena .",52,6.0,4.0,2,1
Petronius_Satyricon_selections_12-15,12,quid ergo facimus aut quo iure rem nostram vindicamus ? ',27,5.0,3.0,2,1
Petronius_Satyricon_selections_12-15,13,"exhilaratus ego non tantum quia praedam videbam , sed etiam quod fortuna me a turpissima suspicione dimiserat , negavi circuitu agendum , sed plane iure civili dimicandum , ut si nollet alienam rem domino reddere , ad interdictum veniret .",43,17.0,4.0,5,4
Petronius_Satyricon_selections_12-15,14,contra Ascyltos leges timebat et ' quis ' aiebat ' hoc loco nos novit aut quis habebit dicentibus fidem ?,45,7.0,2.0,4,5
Petronius_Satyricon_selections_12-15,15,"Mihi plane placet emere , quamvis nostrum sit , quod agnoscimus , et parvo aere recuperare potius thesaurum , quam in ambiguam litem descendere : (placet)",38,13.0,3.0,3,3
Petronius_Satyricon_selections_12-15,16,"Quid faciant leges , ubi sola pecunia regnat , aut ubi paupertas vincere nulla potest ?",39,8.0,6.0,3,3
Petronius_Satyricon_selections_12-15,17,"Ipsi qui Cynica traducunt tempora pera , non numquam nummis vendere vera solent .",40,6.0,4.0,2,1
Petronius_Satyricon_selections_12-15,18,"Ergo iudicium nihil est ni -si publica merces , atque eques in causa qui sedet , empta probat . "" (est)",50,10.0,5.0,3,1
Petronius_Satyricon_selections_12-15,19,"Sed praeter unum dipondium , quo cicer lupinos -que destinaveramus mercari , nihil ad manum erat .",44,8.0,0.0,2,4
Petronius_Satyricon_selections_12-15,2,"Cum ergo et ipsi raptum latrocinio pallium detulissemus , uti occasione opportunissima coepimus atque in quodam angulo laciniam extremam concutere , si quem forte emptorem splendor vestis posset adducere .",40,10.0,5.0,3,6
Petronius_Satyricon_selections_12-15,20,"Itaque ne interim praeda discederet , vel minoris pallium addicere placuit ut pretium maioris compendii leviorem faceret iacturam .",29,9.0,6.0,3,4
Petronius_Satyricon_selections_12-15,21,"Cum primum ergo explicuimus mercem , mulier operto capite , quae cum rustico steterat , inspectis diligentius signis iniecit utramque laciniae manum magna -que vociferatione latrones tenere clamavit .",47,7.0,4.0,4,4
Petronius_Satyricon_selections_12-15,22,"Contra nos perturbati , ne videremur nihil agere , et ipsi scissam et sordidam tenere coepimus tunicam atque eadem invidia proclamare , nostra esse spolia quae illi possiderent .",46,10.0,6.0,3,5
Petronius_Satyricon_selections_12-15,23,"Sed nullo genere par erat causa , et cociones qui ad clamorem confluxerant , nostram scilicet de more ridebant invidiam , quod pro illa parte vindicabant pretiosissimam vestem , pro hac pannuciam ne centonibus quidem bonis dignam . (vindicabamus)",50,12.0,0.0,4,4
Petronius_Satyricon_selections_12-15,24,"Hinc Ascyltos bene risum discussit , qui silentio facto "" Videmus , inquit , suam cuique rem esse carissimam ; reddant nobis tunicam nostram et pallium suum recipiant . """,42,8.0,7.0,5,3
Petronius_Satyricon_selections_12-15,25,"Etsi rustico mulieri -que placebat permutatio , advocati tamen iam paene nocturni , qui volebant pallium lucri facere , flagitabant uti apud se utraque deponerentur ac postero die iudex querelam inspiceret .",53,9.0,4.0,5,5
Petronius_Satyricon_selections_12-15,26,"Ne -que enim res tantum , quae viderentur in controversiam esse , sed longe aliud quaeri , quod in utraque parte scilicet latrocinii suspicio haberetur . (flagitabant)",29,11.0,0.0,2,5
Petronius_Satyricon_selections_12-15,27,"Iam sequestri placebant , et nescio quis ex cocionibus , calvus , tuberosissimae frontis , qui solebat aliquando etiam causas agere , invaserat pallium exhibiturum -que crastino die affirmabat .",50,8.0,5.0,5,4
Petronius_Satyricon_selections_12-15,28,"Ceterum apparebat nihil aliud quaeri ni -si ut semel deposita vestis inter praedones strangularetur , et nos metu criminis non veniremus ad constitutum . (quaerebatur)",52,11.0,3.0,3,5
Petronius_Satyricon_selections_12-15,29,Idem plane et nos volebamus .,31,2.0,1.0,1,2
Petronius_Satyricon_selections_12-15,3,ne -c diu moratus rusticus quidam familiaris oculis meis cum muliercula comite propius accessit ac diligentius considerare pallium coepit . [ ],32,8.0,0.0,2,3
Petronius_Satyricon_selections_12-15,30,Itaque utriusque partis votum casus adiuvit .,46,4.0,1.0,1,3
Petronius_Satyricon_selections_12-15,31,"Indignatus enim rusticus quod nos centonem exhibendum postularemus , misit in faciem Ascylti tunicam et liberatos querela iussit pallium deponere , quod solum litem faciebat , et recuperato , ut putabamus , thesauro in deversorium praecipites abimus , praeclusis -que foribus ridere acumen non minus cocionum quam calumniantium coepimus , quod nobis ingenti calliditate pecuniam reddidissent . (coepimus ridere acumen)",47,14.0,7.0,8,6
Petronius_Satyricon_selections_12-15,32,"Nolo quod cupio statim tenere , ne -c victoria mi placet parata .",24,7.0,3.0,3,1
Petronius_Satyricon_selections_12-15,4,invicem Ascyltos iniecit contemplationem super umeros rustici emptoris ac subito exanimatus conticuit .,32,7.0,5.0,2,3
Petronius_Satyricon_selections_12-15,5,"ac ne ipse quidem sine aliquo motu hominem conspexi , nam videbatur ille mihi esse qui tuniculam in solitudine invenerat .",44,9.0,0.0,3,4
Petronius_Satyricon_selections_12-15,6,plane is ipse erat .,15,2.0,1.0,1,2
Petronius_Satyricon_selections_12-15,7,"sed cum Ascyltos timeret fidem oculorum , ne quid temere faceret prius tamquam emptor propius accessit detraxit -que umeris laciniam et diligentius temptavit . (accedit)",28,8.0,0.0,5,4
Petronius_Satyricon_selections_12-15,9,"nam adhuc ne suturae quidem attulerat rusticus curiosas manus , sed tamquam mendici spolium etiam fastidiose venditabat . (venditabat)",44,9.0,3.0,2,4
Petronius_Satyricon_selections_141_2-end,1,""" Ex Africa navis , ut promiseras , cum pecunia tua et familia non venit .",29,7.0,4.0,2,4
Petronius_Satyricon_selections_141_2-end,10,"Sequetur imperium , si promiseris illi pro unius horae fastidio multorum bonorum pensationem .",36,7.0,1.0,2,6
Petronius_Satyricon_selections_141_2-end,11,"Operi modo oculos , et finge te non humana viscera , sed centies sestertium comesse . (comesse)",29,7.0,5.0,2,2
Petronius_Satyricon_selections_141_2-end,12,"Accedit huc , quod aliqua inveniemus blandimenta , quibus saporem mutemus .",11,6.0,1.0,3,5
Petronius_Satyricon_selections_141_2-end,13,"Ne -que enim ulla caro per se placet , sed arte quadam corrumpitur , et stomacho conciliatur averso .",44,8.0,0.0,3,2
Petronius_Satyricon_selections_141_2-end,14,"Quod si exemplis vis quoque probari consilium , Saguntini oppressi ab Hannibale humanas edere carnes , ne -c hereditatem expectabant .",41,9.0,0.0,3,3
Petronius_Satyricon_selections_141_2-end,15,"Petelini idem fecerunt in ultima fame , ne -c quicquam aliud in hac epulatione captabant , ni -si tantum ne esurirent . (captabant)",47,9.0,4.0,3,4
Petronius_Satyricon_selections_141_2-end,16,"Cum esset Numantia a Scipione capta , inventae sunt matres , quae liberorum suorum tenerent semesa in sinu corpora . """,28,9.0,5.0,3,4
Petronius_Satyricon_selections_141_2-end,3,"Itaque aut fallor , aut fortuna communis coepit redire ad paenitentiam suam . """,14,6.0,5.0,2,3
Petronius_Satyricon_selections_141_2-end,4,""" Omnes , qui in testamento meo legata habent , praeter libertos meos hac condicione percipient quae dedi , si corpus meum in partes conciderint et astante populo comederint .",26,11.0,6.0,5,6
Petronius_Satyricon_selections_141_2-end,5,"Apud quasdam gentes scimus adhuc legem servari , ut a propinquis suis consumantur defuncti , adeo quidem ut obiurgentur aegri frequenter , quod carnem suam faciant peiorem .",49,12.0,0.0,4,4
Petronius_Satyricon_selections_141_2-end,6,"His admoneo amicos meos , ne recusent quae iubeo , sed quibus animis devoverint spiritum meum , eisdem etiam corpus consumant . """,31,9.0,3.0,5,5
Petronius_Satyricon_selections_141_2-end,7,Excaecabat pecuniae ingens fama oculos animos -que miserorum ...,17,4.0,2.0,1,2
Petronius_Satyricon_selections_141_2-end,9,""" De stomachi tui recusatione non habeo quod timeam .",15,7.0,1.0,2,3
Petronius_Satyricon_selections_26_7-33,1,"Venerat iam tertius dies , sed tot vulneribus confossis fuga magis placebat quam quies . (placebat)",32,8.0,5.0,2,4
Petronius_Satyricon_selections_26_7-33,10,"Cum has ergo miraremur lautitias , accurrit Menelaus et "" Hic est , inquit , apud quem cubitum ponitis , et quidem iam principium cenae videtis . """,50,10.0,3.0,6,5
Petronius_Satyricon_selections_26_7-33,11,"Etiamnum loquebatur Menelaus cum Trimalchio digitos concrepuit , ad quod signum matellam spado ludenti subiecit .",36,7.0,6.0,3,3
Petronius_Satyricon_selections_26_7-33,12,"Exonerata ille vesica aquam poposcit ad manus , digitos -que paululum adspersos in capite pueri tersit .",26,7.0,4.0,2,3
Petronius_Satyricon_selections_26_7-33,13,Longum erat singula excipere .,18,3.0,2.0,1,2
Petronius_Satyricon_selections_26_7-33,14,"Itaque intravimus balneum , et sudore calfacti momento temporis ad frigidam eximus .",54,6.0,3.0,2,3
Petronius_Satyricon_selections_26_7-33,15,"Iam Trimalchio unguento perfusus tergebatur , non linteis , sed palliis ex lana mollissima factis .",51,9.0,3.0,1,3
Petronius_Satyricon_selections_26_7-33,16,"Tres interim iatraliptae in conspectu eius Falernum potabant , et cum plurimum rixantes effunderent , Trimalchio hoc suum propin esse dicebat .",53,8.0,4.0,3,4
Petronius_Satyricon_selections_26_7-33,17,"Hinc involutus coccina gausapa lecticae impositus est praecedentibus phaleratis cursoribus quattuor et chiramaxio , in quo deliciae eius vehebantur , puer vetulus , lippus , domino Trimalchione deformior . [0]",24,12.0,7.0,2,3
Petronius_Satyricon_selections_26_7-33,18,"Cum ergo auferretur , ad caput eius symphoniacus cum minimis tibiis accessit et tamquam in aurem aliquid secreto diceret , toto itinere cantavit .",45,9.0,5.0,3,4
Petronius_Satyricon_selections_26_7-33,19,"Sequimur nos admiratione iam saturi et cum Agamemnone ad ianuam pervenimus , in cuius poste libellus erat cum hac inscriptione fixus : QUISQUIS SERVUS SINE DOMINICO IUSSU FORAS EXIERIT ACCIPIET PLAGAS CENTUM .",51,15.0,10.0,5,6
Petronius_Satyricon_selections_26_7-33,2,"Itaque cum maesti deliberaremus quonam genere praesentem evitaremus procellam , unus servus Agamemnonis interpellavit trepidantes et "" Quid ? vos , inquit , nescitis hodie apud quem fiat ?",50,10.0,5.0,6,4
Petronius_Satyricon_selections_26_7-33,20,"In aditu autem ipso stabat ostiarius prasinatus , cerasino succinctus cingulo , atque in lance argentea pisum purgabat .",47,8.0,0.0,2,2
Petronius_Satyricon_selections_26_7-33,21,Super limen autem cavea pendebat aurea in qua pica varia intrantes salutabat .,52,6.0,0.0,2,2
Petronius_Satyricon_selections_26_7-33,22,"Ceterum ego dum omnia stupeo , paene resupinatus crura mea fregi .",22,5.0,2.0,2,3
Petronius_Satyricon_selections_26_7-33,23,"Ad sinistram enim intrantibus non longe ab ostiarii cella canis ingens , catena vinctus , in pariete erat pictus super -que quadrata littera scriptum CAVE CANEM .",28,8.0,3.0,2,2
Petronius_Satyricon_selections_26_7-33,24,Et collegae quidem mei riserunt .,44,3.0,0.0,1,3
Petronius_Satyricon_selections_26_7-33,25,Ego autem collecto spiritu non destiti totum parietem persequi .,47,5.0,0.0,1,3
Petronius_Satyricon_selections_26_7-33,26,"Erat autem venalicium cum titulis pictis , et ipse Trimalchio capillatus caduceum tenebat Minerva -que ducente Romam intrabat .",47,9.0,0.0,3,2
Petronius_Satyricon_selections_26_7-33,27,"Hinc quemadmodum ratiocinari didicisset , dein -que dispensator factus esset , omnia diligenter curiosus pictor cum inscriptione reddiderat .",28,6.0,2.0,3,6
Petronius_Satyricon_selections_26_7-33,28,In deficiente vero iam porticu levatum mento in tribunal excelsum Mercurius rapiebat .,22,7.0,4.0,1,2
Petronius_Satyricon_selections_26_7-33,29,Praesto erat Fortuna cornu abundanti copiosa et tres Parcae aurea pensa torquentes .,52,8.0,5.0,1,2
Petronius_Satyricon_selections_26_7-33,3,"Trimalchio , lautissimus homo , horologium in triclinio et bucinatorem habet subornatum , ut subinde sciat quantum de vita perdiderit ! """,34,9.0,3.0,3,5
Petronius_Satyricon_selections_26_7-33,30,Notavi etiam in porticu gregem cursorum cum magistro se exercentem .,28,6.0,4.0,1,3
Petronius_Satyricon_selections_26_7-33,31,"Praeterea grande armarium in angulo vidi , in cuius aedicula erant Lares argentei positi Veneris -que signum marmoreum et pyxis aurea non pusilla , in qua barbam ipsius conditam esse dicebant .",52,10.0,6.0,3,3
Petronius_Satyricon_selections_26_7-33,32,"Interrogare ergo atriensem coepi , quas in medio picturas haberent . "" Iliada et Odyssian , inquit , ac Laenatis gladiatorium munus . "" (habent)",46,10.0,2.0,3,4
Petronius_Satyricon_selections_26_7-33,33,Non licebat multa iam considerare .,49,3.0,2.0,1,2
Petronius_Satyricon_selections_26_7-33,34,"Nos iam ad triclinium perveneramus , in cuius parte prima procurator rationes accipiebat .",26,7.0,6.0,2,4
Petronius_Satyricon_selections_26_7-33,35,"Et quod praecipue miratus sum , in postibus triclinii fasces erant cum securibus fixi , quorum imam partem quasi embolum navis aeneum finiebat , in quo erat scriptum : C. POMPEIO TRIMALCHIONI SEVIRO AUGUSTALI CINNAMUS DISPENSATOR . (dat) [ ] [ ]",50,12.0,0.0,4,2
Petronius_Satyricon_selections_26_7-33,36,"Sub eodem titulo et lucerna bilychnis de camera pendebat , et duae tabulae in utroque poste defixae , quarum altera , si bene memini , hoc habebat inscriptum : III ET PRIDIE KALENDAS IANUARIAS C. NOSTER FORAS CENAT , altera lunae cursum stellarum -que septem imagines pictas ; (habebat)",50,12.0,8.0,4,3
Petronius_Satyricon_selections_26_7-33,37,"et qui dies boni qui -que incommodi essent , distinguente bulla notabantur . (essent)",40,6.0,0.0,2,4
Petronius_Satyricon_selections_26_7-33,38,"His repleti voluptatibus cum conaremur in triclinium intrare , exclamavit unus ex pueris , qui super hoc officium erat positus : "" Dextro pede ! "" (intrate)",51,10.0,5.0,3,5
Petronius_Satyricon_selections_26_7-33,39,"Sine dubio paulisper trepidavimus , ne contra praeceptum aliquis nostrum limen transiret .",51,6.0,2.0,2,4
Petronius_Satyricon_selections_26_7-33,4,Amicimur ergo diligenter obliti omnium malorum et Gitona libentissime servile officium tuentem iubemus in balneum sequi .,54,9.0,5.0,1,1
Petronius_Satyricon_selections_26_7-33,40,"Ceterum ut pariter movimus dextros gressus , servus nobis despoliatus procubuit ad pedes ac rogare coepit , ut se poenae eriperemus :",36,9.0,4.0,4,4
Petronius_Satyricon_selections_26_7-33,41,"ne -c magnum esse peccatum suum , propter quod periclitaretur ; (dixit)",29,6.0,1.0,1,5
Petronius_Satyricon_selections_26_7-33,42,"subducta enim sibi vestimenta dispensatoris in balneo , quae vix fuissent decem sestertiorum . (dixit)",17,6.0,5.0,1,6
Petronius_Satyricon_selections_26_7-33,43,"Retulimus ergo dextros pedes , dispensatorem -que in atrio aureos numerantem deprecati sumus ut servo remitteret poenam .",52,8.0,5.0,3,4
Petronius_Satyricon_selections_26_7-33,44,"Superbus ille sustulit vultum et : "" Non tam iactura me movet , inquit , quam neglegentia nequissimi servi . (movet)",30,10.0,8.0,3,3
Petronius_Satyricon_selections_26_7-33,45,"Vestimenta mea cubitoria perdidit , quae mihi natali meo cliens quidam donaverat , Tyria sine dubio , sed iam semel lota . [sunt]",51,7.0,5.0,2,4
Petronius_Satyricon_selections_26_7-33,46,Quid ergo est ?,27,2.0,1.0,1,1
Petronius_Satyricon_selections_26_7-33,47,"dono vobis eum . """,42,2.0,1.0,1,1
Petronius_Satyricon_selections_26_7-33,48,"Obligati tam grandi beneficio cum intrassemus triclinium , occurrit nobis ille idem servus , pro quo rogaveramus , et stupentibus spississima basia impegit gratias agens humanitati nostrae .",31,11.0,5.0,4,6
Petronius_Satyricon_selections_26_7-33,49,""" Ad summam , statim scietis , ait , cui dederitis beneficium .",45,4.0,0.0,3,5
Petronius_Satyricon_selections_26_7-33,5,"Nos interim vestiti errare coepimus , immo iocari magis et circulis accedere , cum subito videmus senem calvum , tunica vestitum russea , inter pueros capillatos ludentem pila .",28,11.0,4.0,2,1
Petronius_Satyricon_selections_26_7-33,50,"Vinum dominicum ministratoris gratia est . """,11,4.0,2.0,1,1
Petronius_Satyricon_selections_26_7-33,51,"Tandem ergo discubuimus , pueris Alexandrinis aquam in manus nivatam infundentibus , aliis -que insequentibus ad pedes ac paronychia cum ingenti subtilitate tollentibus .",36,8.0,6.0,1,3
Petronius_Satyricon_selections_26_7-33,52,"Ac ne in hoc quidem tam molesto tacebant officio , sed obiter cantabant .",44,7.0,0.0,2,2
Petronius_Satyricon_selections_26_7-33,53,"Ego experiri volui an tota familia cantaret , ita -que potionem poposci .",44,8.0,2.0,3,4
Petronius_Satyricon_selections_26_7-33,54,"Paratissimus puer non minus me acido cantico excepit , et quisquis aliquid rogatus erat ut daret . (excepit)",51,10.0,1.0,3,4
Petronius_Satyricon_selections_26_7-33,55,"Pantomimi chorum , non patris familiae triclinium crederes . (esse) (esse)",30,7.0,5.0,1,4
Petronius_Satyricon_selections_26_7-33,56,Allata est tamen gustatio valde lauta ;,49,4.0,3.0,1,1
Petronius_Satyricon_selections_26_7-33,57,"nam iam omnes discubuerant praeter ipsum Trimachionem , cui locus novo more primus servabatur .",30,6.0,5.0,2,4
Petronius_Satyricon_selections_26_7-33,58,"Ceterum in promulsidari asellus erat Corinthius cum bisaccio positus , qui habebat olivas in altera parte albas , in altera nigras . (habebat)",29,8.0,5.0,2,2
Petronius_Satyricon_selections_26_7-33,59,"Tegebant asellum duae lances , in quarum marginibus nomen Trimalchionis inscriptum erat et argenti pondus .",28,6.0,5.0,2,2
Petronius_Satyricon_selections_26_7-33,6,"Ne -c tam pueri nos , quamquam erat operae pretium , ad spectaculum duxerant , quam ipse pater familiae , qui soleatus pila prasina exercebatur . (duxerat)",25,11.0,0.0,3,4
Petronius_Satyricon_selections_26_7-33,60,Ponticuli etiam ferruminati sustinebant glires melle ac papavere sparsos .,32,6.0,2.0,1,2
Petronius_Satyricon_selections_26_7-33,61,Fuerunt et tomacula supra craticulam argenteam ferventia posita et infra craticulam Syriaca pruna cum granis Punici mali . (posita),28,9.0,5.0,1,3
Petronius_Satyricon_selections_26_7-33,62,"In his eramus lautitiis , cum Trimalchio ad symphoniam allatus est , positus -que inter cervicalia minutissima expressit imprudentibus risum .",28,10.0,7.0,3,3
Petronius_Satyricon_selections_26_7-33,63,"Pallio enim coccineo adrasum excluserat caput , circa -que oneratas veste cervices laticlaviam immiserat mappam fimbriis hinc atque illinc pendentibus .",46,9.0,5.0,2,4
Petronius_Satyricon_selections_26_7-33,64,"Habebat etiam in minimo digito sinistrae manus anulum grandem subauratum , extremo vero articulo digiti sequentis minorem , ut mihi videbatur , totum aureum , sed plane ferreis veluti stellis ferruminatum . (habebat)",52,13.0,6.0,2,3
Petronius_Satyricon_selections_26_7-33,65,"Et ne has tantum ostenderet divitias , dextrum nudavit lacertum armilla aurea cultum et eboreo circulo lamina splendente conexo .",52,11.0,0.0,2,4
Petronius_Satyricon_selections_26_7-33,66,"Vt deinde pinna argentea dentes perfodit "" Amici , inquit , nondum mihi suave erat in triclinium venire , sed ne diutius absentivus morae vobis essem , omnem voluptatem mihi negavi .",51,9.0,5.0,5,4
Petronius_Satyricon_selections_26_7-33,67,"Permittetis tamen finiri lusum . """,17,3.0,2.0,1,5
Petronius_Satyricon_selections_26_7-33,68,"Sequebatur puer cum tabula terebinthina et crystallinis tesseris , notavi -que rem omnium delicatissimam .",36,9.0,5.0,2,3
Petronius_Satyricon_selections_26_7-33,69,Pro calculis enim albis ac nigris aureos argenteos -que habebat denarios .,52,7.0,4.0,1,2
Petronius_Satyricon_selections_26_7-33,7,"Ne -c amplius eam repetebat quae terram contigerat , sed follem plenum habebat servus sufficiebat -que ludentibus .",27,8.0,0.0,4,4
Petronius_Satyricon_selections_26_7-33,70,"Interim dum ille omnium textorum dicta inter lusum consumit , gustantibus adhuc nobis repositorium allatum est cum corbe , in quo gallina erat lignea patentibus in orbem alis , quales esse solent quae incubant ova .",40,14.0,9.0,5,2
Petronius_Satyricon_selections_26_7-33,71,"Accessere continuo duo servi et symphonia strepente scrutari paleam coeperunt , eruta -que subinde pavonina ova divisere convivis .",42,8.0,3.0,3,3
Petronius_Satyricon_selections_26_7-33,72,"Convertit ad hanc scenam Trimalchio vultum et : "" Amici , ait , pavonis ova gallinae iussi supponi .",45,8.0,4.0,3,3
Petronius_Satyricon_selections_26_7-33,73,Et mehercules timeo ne iam concepti sint .,8,4.0,0.0,2,3
Petronius_Satyricon_selections_26_7-33,74,"Temptemus tamen , si adhuc sorbilia sunt . """,18,4.0,1.0,2,3
Petronius_Satyricon_selections_26_7-33,75,"Accipimus nos cochlearia non minus selibras pendentia , ova -que ex farina pingui figurata pertundimus .",9,11.0,6.0,2,1
Petronius_Satyricon_selections_26_7-33,76,"Ego quidem paene proieci partem meam , nam videbatur mihi iam in pullum coisse .",44,7.0,2.0,2,3
Petronius_Satyricon_selections_26_7-33,77,"Deinde ut audivi veterem convivam : "" Hic nescio quid boni debet esse "" , persecutus putamen manu , pinguissimam ficedulam inveni piperato vitello circumdatam . (dicentem)",42,12.0,5.0,4,3
Petronius_Satyricon_selections_26_7-33,8,Notavimus etiam res novas :,21,3.0,2.0,1,3
Petronius_Satyricon_selections_26_7-33,9,"nam duo spadones in diversa parte circuli stabant , quorum alter matellam tenebat argenteam , alter numerabat pilas , non quidem eas quae inter manus expellentes vibrabant , sed eas quae in terram decidebant .",44,13.0,9.0,5,2
Petronius_Satyricon_selections_41_9-46,1,Ab hoc ferculo Trimalchio ad lasanum surrexit .,15,5.0,3.0,1,3
Petronius_Satyricon_selections_41_9-46,10,"Vinus mihi in cerebrum abiit . """,6,3.0,2.0,1,3
Petronius_Satyricon_selections_41_9-46,100,"Nemo enim caelum caelum putat , nemo ieiunium servat , nemo Iovem pili facit , sed omnes opertis oculis bona sua computant . (esse)",47,7.0,3.0,4,1
Petronius_Satyricon_selections_41_9-46,101,"Antea stolatae ibant nudis pedibus in clivum , passis capillis , mentibus puris , et Iovem aquam exorabant .",44,6.0,4.0,2,2
Petronius_Satyricon_selections_41_9-46,102,"Itaque statim urceatim plovebat : aut tunc aut nunquam , et omnes redibant udi tanquam mures . (plovebat) (fiunt)",13,10.0,6.0,2,2
Petronius_Satyricon_selections_41_9-46,103,"Itaque dii pedes lanatos habent , quia nos religiosi non sumus .",43,5.0,2.0,2,1
Petronius_Satyricon_selections_41_9-46,104,Agri iacent ... [ aposiopesis ],3,2.0,1.0,1,1
Petronius_Satyricon_selections_41_9-46,105,""" Oro te , "" inquit Echion centonarius , "" melius loquere . [ ]",36,5.0,2.0,2,1
Petronius_Satyricon_selections_41_9-46,106,"' Modo sic , modo sic ' , inquit rusticus : (fit) (fit) varium porcum perdiderat .",22,7.0,1.0,2,4
Petronius_Satyricon_selections_41_9-46,107,"Quod hodie non est , cras erit :",27,3.0,1.0,2,5
Petronius_Satyricon_selections_41_9-46,108,sic vita truditur .,29,2.0,1.0,1,2
Petronius_Satyricon_selections_41_9-46,109,"Non mehercules patria melior dici potest , si homines haberet .",13,5.0,2.0,2,4
Petronius_Satyricon_selections_41_9-46,11,"Excepit Seleucus fabulae partem et : "" Ego , inquit , non cotidie lavor ;",26,6.0,3.0,3,3
Petronius_Satyricon_selections_41_9-46,110,"Sed laborat hoc tempore , ne -c haec sola . (laborat)",18,7.0,0.0,1,1
Petronius_Satyricon_selections_41_9-46,111,Non debemus delicati esse ;,7,3.0,2.0,1,1
Petronius_Satyricon_selections_41_9-46,112,ubique medius caelus est .,19,3.0,2.0,1,1
Petronius_Satyricon_selections_41_9-46,113,"Tu si aliubi fueris , dices hic porcos coctos ambulare .",17,6.0,3.0,2,6
Petronius_Satyricon_selections_41_9-46,114,Et ecce habituri sumus munus excellente in triduo die festa ;,46,4.0,0.0,1,1
Petronius_Satyricon_selections_41_9-46,115,"familia non lanisticia , sed plurimi liberti . (erunt) (erit)",22,4.0,2.0,0,0
Petronius_Satyricon_selections_41_9-46,116,"Et Titus noster magnum animum habet , et est caldicerebrius .",12,5.0,0.0,2,1
Petronius_Satyricon_selections_41_9-46,117,"Aut hoc aut illud erit , quid utique . (erit)",21,5.0,2.0,1,5
Petronius_Satyricon_selections_41_9-46,118,"Nam illi domesticus sum , non est miscix .",4,4.0,2.0,2,1
Petronius_Satyricon_selections_41_9-46,119,"Ferrum optimum daturus est , sine fuga , carnarium in medio , ut amphitheater videat . (daturus est)",32,8.0,3.0,2,3
Petronius_Satyricon_selections_41_9-46,12,baliscus enim fullo est :,17,2.0,1.0,1,1
Petronius_Satyricon_selections_41_9-46,120,Et habet unde .,23,2.0,2.0,1,1
Petronius_Satyricon_selections_41_9-46,121,Relictum est illi sestertium tricenties : decessit illius pater .,8,6.0,4.0,2,3
Petronius_Satyricon_selections_41_9-46,122,male !,5,,,0,0
Petronius_Satyricon_selections_41_9-46,123,"Ut quadringenta impendat , non sentiet patrimonium illius , et sempiterno nominabitur .",30,6.0,2.0,3,5
Petronius_Satyricon_selections_41_9-46,124,"Iam Manios aliquot habet et mulierem essedariam et dispensatorem Glyconis , qui deprehensus est cum dominam suam delectaretur .",47,8.0,7.0,3,5
Petronius_Satyricon_selections_41_9-46,125,Videbis populi rixam inter zelotypos et amasiunculos .,9,4.0,0.0,1,5
Petronius_Satyricon_selections_41_9-46,126,"Glyco autem , sestertiarius homo , dispensatorem ad bestias dedit .",47,5.0,0.0,1,3
Petronius_Satyricon_selections_41_9-46,127,Hoc est se ipsum traducere .,15,4.0,3.0,1,1
Petronius_Satyricon_selections_41_9-46,128,"Quid servus peccavit , qui coactus est facere ?",32,4.0,3.0,2,3
Petronius_Satyricon_selections_41_9-46,129,Magis illa matella digna fuit quam taurus iactaret .,16,5.0,2.0,2,4
Petronius_Satyricon_selections_41_9-46,13,"aqua dentes habet , et cor nostrum cotidie liquescit .",53,5.0,3.0,2,1
Petronius_Satyricon_selections_41_9-46,130,"Sed qui asinum non potest , stratum caedit . (caedere)",8,4.0,0.0,2,1
Petronius_Satyricon_selections_41_9-46,131,Quid autem Glyco putabat Hermogenis filicem unquam bonum exitum facturam ?,47,4.0,0.0,1,2
Petronius_Satyricon_selections_41_9-46,132,Ille miluo volanti poterat ungues resecare ;,22,4.0,3.0,1,2
Petronius_Satyricon_selections_41_9-46,133,colubra restem non parit .,1,2.0,1.0,1,1
Petronius_Satyricon_selections_41_9-46,134,"Glyco , Glyco dedit suas ;",14,3.0,1.0,1,3
Petronius_Satyricon_selections_41_9-46,135,"itaque quamdiu vixerit , habebit stigmam , ne -c illam ni -si Orcus delebit . (delebit)",49,8.0,4.0,3,6
Petronius_Satyricon_selections_41_9-46,137,"Sed subolfacio quia nobis epulum daturus est Mammaea , binos denarios mihi et meis . (daturus)",43,6.0,6.0,2,1
Petronius_Satyricon_selections_41_9-46,138,"Quod si hoc fecerit , eripiat Norbano totum favorem .",15,6.0,3.0,2,6
Petronius_Satyricon_selections_41_9-46,139,Scias oportet plenis velis hunc vinciturum .,34,4.0,3.0,2,3
Petronius_Satyricon_selections_41_9-46,14,"Sed cum mulsi pultarium obduxi , frigori laecasin dico .",28,5.0,0.0,2,3
Petronius_Satyricon_selections_41_9-46,140,"Et re -vera , quid ille nobis boni fecit ?",21,4.0,0.0,1,3
Petronius_Satyricon_selections_41_9-46,141,"Dedit gladiatores sestertiarios iam decrepitos , quos si sufflasses , cecidissent ;",13,6.0,5.0,3,6
Petronius_Satyricon_selections_41_9-46,142,iam meliores bestiarios vidi .,5,3.0,2.0,1,3
Petronius_Satyricon_selections_41_9-46,143,Occidit de lucerna equites ;,31,3.0,0.0,1,3
Petronius_Satyricon_selections_41_9-46,144,putares eos gallos gallinaceos : (esse),47,3.0,0.0,1,4
Petronius_Satyricon_selections_41_9-46,145,"alter burdubasta , alter loripes , tertiarius mortuus pro mortuo , qui haberet nervia praecisa . (erat) (erat) (erat)",29,7.0,5.0,1,4
Petronius_Satyricon_selections_41_9-46,146,"Unus alicuius flaturae fuit Thraex , qui et ipse ad dictata pugnavit .",15,8.0,5.0,2,3
Petronius_Satyricon_selections_41_9-46,147,"Ad summam , omnes postea secti sunt ;",14,4.0,3.0,1,1
Petronius_Satyricon_selections_41_9-46,148,adeo de magna turba ' Adhibete ' acceperant :,22,5.0,3.0,2,4
Petronius_Satyricon_selections_41_9-46,15,Ne -c sane lavare potui ;,14,3.0,0.0,1,3
Petronius_Satyricon_selections_41_9-46,150,"' Munus tamen , ' inquit , ' tibi dedi ' — et ego tibi plodo .",46,6.0,4.0,3,3
Petronius_Satyricon_selections_41_9-46,151,"Computa , et tibi plus do quam accepi .",25,5.0,4.0,3,3
Petronius_Satyricon_selections_41_9-46,152,Manus manum lavat .,14,2.0,1.0,1,1
Petronius_Satyricon_selections_41_9-46,153,""" Videris mihi , Agamemnon , dicere : ' Quid iste argutat molestus ? ' Quia tu , qui potes loquere , non loquis .",43,9.0,5.0,4,2
Petronius_Satyricon_selections_41_9-46,154,"Non es nostrae fasciae , et ideo pauperorum verba derides .",15,6.0,3.0,2,1
Petronius_Satyricon_selections_41_9-46,155,Scimus te prae litteras fatuum esse .,34,3.0,0.0,1,1
Petronius_Satyricon_selections_41_9-46,156,Quid ergo est ?,27,2.0,1.0,1,1
Petronius_Satyricon_selections_41_9-46,157,"Aliqua die te persuadeam , ut ad villam venias et videas casulas nostras .",32,7.0,5.0,3,3
Petronius_Satyricon_selections_41_9-46,158,"Inveniemus quod manducemus , pullum , ova :",11,3.0,0.0,2,5
Petronius_Satyricon_selections_41_9-46,159,"belle erit , etiam si omnia hoc anno tempestas depravavit .",18,5.0,2.0,2,5
Petronius_Satyricon_selections_41_9-46,16,fui enim hodie in funus .,17,3.0,2.0,1,3
Petronius_Satyricon_selections_41_9-46,160,Inveniemus ergo unde saturi fiamus .,27,4.0,3.0,2,5
Petronius_Satyricon_selections_41_9-46,161,Et iam tibi discipulus crescit cicaro meus . [ ],28,4.0,0.0,1,1
Petronius_Satyricon_selections_41_9-46,162,Iam quattuor partis dicit ;,26,3.0,2.0,1,1
Petronius_Satyricon_selections_41_9-46,163,"si vixerit , habebis ad latus servulum .",34,5.0,3.0,2,6
Petronius_Satyricon_selections_41_9-46,164,"Nam quicquid illi vacat , caput de tabula non tollit .",51,4.0,2.0,2,1
Petronius_Satyricon_selections_41_9-46,165,"Ingeniosus est et bono filo , etiam si in aves morbosus est .",41,8.0,2.0,2,1
Petronius_Satyricon_selections_41_9-46,166,"Ego illi iam tres cardeles occidi , et dixi quia mustella comedit . (mortuas esse)",43,8.0,5.0,3,3
Petronius_Satyricon_selections_41_9-46,167,"Invenit tamen alias nenias , et libentissime pingit .",17,5.0,3.0,2,1
Petronius_Satyricon_selections_41_9-46,168,"Ceterum iam Graeculis calcem impingit et Latinas coepit non male appetere , etiam si magister eius sibi placens sit Ne -c uno loco consistit .",32,8.0,3.0,4,3
Petronius_Satyricon_selections_41_9-46,169,"scit quidem litteras , sed non vult laborare .",44,4.0,2.0,2,1
Petronius_Satyricon_selections_41_9-46,17,"Homo bellus , tam bonus Chrysanthus animam ebulliit . [ ]",18,6.0,1.0,1,3
Petronius_Satyricon_selections_41_9-46,170,"Est et alter non quidem doctus , sed curiosus , qui plus docet quam scit .",44,7.0,5.0,3,1
Petronius_Satyricon_selections_41_9-46,171,"Itaque feriatis diebus solet domum venire , et quicquid dederis , contentus est . (si)",51,7.0,3.0,3,6
Petronius_Satyricon_selections_41_9-46,172,"Emi ergo nunc puero aliquot libra rubricata , quia volo illum ad domusionem aliquid de iure gustare .",43,8.0,2.0,2,3
Petronius_Satyricon_selections_41_9-46,173,Habet haec res panem .,21,3.0,1.0,1,1
Petronius_Satyricon_selections_41_9-46,174,Nam litteris satis inquinatus est .,26,2.0,1.0,1,1
Petronius_Satyricon_selections_41_9-46,175,"Quod si resilierit , destinavi illum artificium docere , aut tonstreinum aut praeconem aut certe causidicum , quod illi auferre non possit ni -si Orcus . (possit)",33,10.0,6.0,3,6
Petronius_Satyricon_selections_41_9-46,176,"Ideo illi cotidie clamo : ' Primigeni , crede mihi , quicquid discis , tibi discis .",51,5.0,3.0,4,2
Petronius_Satyricon_selections_41_9-46,177,"Vides Phileronem causidicum : si non didicisset , hodie famem a labris non abigeret . [ ] (clamo)",47,7.0,0.0,3,6
Petronius_Satyricon_selections_41_9-46,178,"Modo , modo , collo suo circumferebat onera venalia ; nunc etiam adversus Norbanum se extendit . (clamo)",45,6.0,0.0,2,2
Petronius_Satyricon_selections_41_9-46,179,"Litterae thesaurum est , et artificium nunquam moritur . ' "" (clamo)",36,4.0,1.0,2,2
Petronius_Satyricon_selections_41_9-46,18,"Modo , modo me appellavit .",20,3.0,1.0,1,3
Petronius_Satyricon_selections_41_9-46,19,Videor mihi cum illo loqui .,36,4.0,3.0,1,2
Petronius_Satyricon_selections_41_9-46,2,Nos libertatem sine tyranno nacti coepimus invitare convivarum sermones .,42,6.0,3.0,1,3
Petronius_Satyricon_selections_41_9-46,21,Vtres inflati ambulamus .,29,2.0,2.0,1,1
Petronius_Satyricon_selections_41_9-46,22,Minoris quam muscae sumus . (sunt),25,4.0,4.0,1,1
Petronius_Satyricon_selections_41_9-46,23,< Illae > tamen aliquam virtutem habent ; nos non pluris sumus quam bullae . (sunt),25,8.0,5.0,2,1
Petronius_Satyricon_selections_41_9-46,24,Et quid si non abstinax fuisset ! (sit),13,4.0,0.0,1,6
Petronius_Satyricon_selections_41_9-46,25,"Quinque dies aquam in os suum non coniecit , non micam panis . (coniecit)",18,6.0,3.0,1,3
Petronius_Satyricon_selections_41_9-46,26,Tamen abiit ad plures .,17,3.0,2.0,1,3
Petronius_Satyricon_selections_41_9-46,27,"Medici illum perdiderunt , immo magis malus fatus ; (perdidit)",22,5.0,3.0,1,3
Petronius_Satyricon_selections_41_9-46,28,medicus enim nihil aliud est quam animi consolatio . (est),44,6.0,3.0,1,1
Petronius_Satyricon_selections_41_9-46,29,"Tamen bene elatus est , vitali lecto , stragulis bonis .",17,4.0,2.0,1,1
Petronius_Satyricon_selections_41_9-46,3,"Dama itaque primus cum pataracina poposcisset : "" Dies , "" inquit , "" nihil est .",44,5.0,3.0,3,6
Petronius_Satyricon_selections_41_9-46,30,Planctus est optime — manu misit aliquot — etiam si maligne illum ploravit uxor .,13,6.0,3.0,3,3
Petronius_Satyricon_selections_41_9-46,31,Quid si non illam optime accepisset ? (sit),13,4.0,3.0,1,6
Petronius_Satyricon_selections_41_9-46,32,Sed mulier quae mulier milvinum genus . (est) (est),47,5.0,0.0,0,0
Petronius_Satyricon_selections_41_9-46,33,Neminem nihil boni facere oportet ;,44,3.0,0.0,1,1
Petronius_Satyricon_selections_41_9-46,34,aeque est enim ac si in puteum conicias . (est),32,8.0,7.0,2,3
Petronius_Satyricon_selections_41_9-46,35,"Sed antiquus amor cancer est . """,30,4.0,1.0,1,1
Petronius_Satyricon_selections_41_9-46,36,"Molestus fuit , Phileros -que proclamavit : "" Vivorum meminerimus .",50,5.0,3.0,3,5
Petronius_Satyricon_selections_41_9-46,37,"Ille habet , quod sibi debebatur :",9,3.0,2.0,2,3
Petronius_Satyricon_selections_41_9-46,38,"honeste vixit , honeste obiit .",13,4.0,2.0,2,3
Petronius_Satyricon_selections_41_9-46,39,Quid habet quod queratur ?,39,3.0,3.0,2,4
Petronius_Satyricon_selections_41_9-46,4,"Dum versas te , nox fit .",24,4.0,3.0,2,1
Petronius_Satyricon_selections_41_9-46,40,Ab asse crevit et paratus fuit quadrantem de stercore mordicus tollere .,30,8.0,5.0,2,3
Petronius_Satyricon_selections_41_9-46,41,"Itaque crevit , quicquid tetigit , tanquam favus . (crescit)",51,5.0,3.0,2,3
Petronius_Satyricon_selections_41_9-46,42,"Puto mehercules illum reliquisse solida centum , et omnia in nummis habuit . (sestertia)",47,7.0,4.0,2,3
Petronius_Satyricon_selections_41_9-46,43,"De re tamen ego verum dicam , qui linguam caninam comedi :",21,6.0,4.0,1,5
Petronius_Satyricon_selections_41_9-46,44,"durae buccae fuit , linguosus , discordia , non homo . (fuit)",10,6.0,2.0,1,3
Petronius_Satyricon_selections_41_9-46,45,"Frater eius fortis fuit , amicus amico , manu plena , uncta mensa . (fuit) (fuit)",27,6.0,2.0,1,3
Petronius_Satyricon_selections_41_9-46,46,"Et inter initia malam parram pilavit , sed recorrexit costas illius prima vindemia :",52,6.0,0.0,2,3
Petronius_Satyricon_selections_41_9-46,47,vendidit enim vinum quantum ipse voluit . (vendere),26,5.0,2.0,2,3
Petronius_Satyricon_selections_41_9-46,48,"Et quod illius mentum sustulit , hereditatem accepit , ex qua plus involavit quam illi relictum est . (fuit) (fuit)",30,11.0,0.0,4,3
Petronius_Satyricon_selections_41_9-46,49,"Et ille stips , dum fratri suo irascitur , nescio cui terrae filio patrimonium elegavit .",48,7.0,0.0,3,3
Petronius_Satyricon_selections_41_9-46,5,Itaque nihil est melius quam de cubiculo recta in triclinium ire . (bonum est),44,7.0,3.0,1,1
Petronius_Satyricon_selections_41_9-46,50,"Longe fugit , quisquis suos fugit .",51,3.0,2.0,2,3
Petronius_Satyricon_selections_41_9-46,51,"Habuit autem oracularios servos , qui illum pessum dederunt .",47,4.0,4.0,2,3
Petronius_Satyricon_selections_41_9-46,52,"Nunquam autem recte faciet , qui cito credit , uti -que homo negotians . (numquam recte faciet)",47,6.0,0.0,2,5
Petronius_Satyricon_selections_41_9-46,53,"Tamen verum quod frunitus est , quam diu vixit .",25,4.0,3.0,2,3
Petronius_Satyricon_selections_41_9-46,54,"cui datum est , non cui destinatum . (felix est) (felix est)",40,6.0,0.0,1,1
Petronius_Satyricon_selections_41_9-46,55,Plane Fortunae filius . (est),3,3.0,2.0,0,0
Petronius_Satyricon_selections_41_9-46,56,In manu illius plumbum aurum fiebat .,41,4.0,3.0,1,2
Petronius_Satyricon_selections_41_9-46,57,"Facile est autem , ubi omnia quadrata currunt .",47,5.0,0.0,2,1
Petronius_Satyricon_selections_41_9-46,58,Et quot putas illum annos se -cum tulisse ?,47,4.0,4.0,1,1
Petronius_Satyricon_selections_41_9-46,59,Septuaginta et supra . (tulit) (quam septuaginta) (annos),1,4.0,0.0,0,0
Petronius_Satyricon_selections_41_9-46,6,Et mundum frigus habuimus .,46,3.0,0.0,1,3
Petronius_Satyricon_selections_41_9-46,60,"Sed corneolus fuit , aetatem bene ferebat , niger tanquam corvus . (niger est)",49,6.0,0.0,2,3
Petronius_Satyricon_selections_41_9-46,61,"Noveram hominem olim oliorum , et adhuc salax erat .",47,5.0,3.0,2,4
Petronius_Satyricon_selections_41_9-46,62,Non mehercules illum puto domo canem reliquisse .,47,3.0,2.0,1,1
Petronius_Satyricon_selections_41_9-46,63,"Immo etiam puellarius erat , omnis Minervae homo .",12,5.0,2.0,1,2
Petronius_Satyricon_selections_41_9-46,64,"Ne -c improbo , hoc solum enim se -cum tulit . """,28,6.0,1.0,2,3
Petronius_Satyricon_selections_41_9-46,65,"Haec Phileros dixit , illa Ganymedes : (dixit)",15,4.0,2.0,1,3
Petronius_Satyricon_selections_41_9-46,66,""" Narrat is quod ne -c ad terram pertinet , cum interim nemo curat quid annona mordet .",28,6.0,3.0,4,1
Petronius_Satyricon_selections_41_9-46,67,Non mehercules hodie buccam panis invenire potui .,14,4.0,3.0,1,3
Petronius_Satyricon_selections_41_9-46,68,Et quomodo siccitas perseverat !,15,2.0,0.0,1,1
Petronius_Satyricon_selections_41_9-46,69,Iam annum esuritio fuit .,18,2.0,1.0,1,3
Petronius_Satyricon_selections_41_9-46,7,Vix me balneus calfecit .,10,2.0,1.0,1,3
Petronius_Satyricon_selections_41_9-46,70,"Aediles male eveniat , qui cum pistoribus colludunt :",28,5.0,4.0,2,3
Petronius_Satyricon_selections_41_9-46,71,"' Serva me , servabo te . ' (aediles dicunt)",8,4.0,0.0,2,5
Petronius_Satyricon_selections_41_9-46,72,Itaque populus minutus laborat ;,1,3.0,2.0,1,1
Petronius_Satyricon_selections_41_9-46,73,nam isti maiores maxillae semper Saturnalia agunt . [ ],19,4.0,3.0,1,1
Petronius_Satyricon_selections_41_9-46,74,"O si haberemus illos leones , quos ego hic inveni , cum primum ex Asia veni . (optime esset)",28,9.0,5.0,3,4
Petronius_Satyricon_selections_41_9-46,75,Illud erat vivere .,13,2.0,1.0,1,2
Petronius_Satyricon_selections_41_9-46,76,"Si simila Siciliae inferior esset larvas sic istos percolopabant , ut illis Iuppiter iratus esset .",48,8.0,4.0,3,4
Petronius_Satyricon_selections_41_9-46,77,Sed memini Safinium ;,50,2.0,2.0,1,3
Petronius_Satyricon_selections_41_9-46,78,"tunc habitabat ad arcum veterem , me puero : piper , non homo .",22,6.0,3.0,1,2
Petronius_Satyricon_selections_41_9-46,79,"Is quacunque ibat , terram adurebat .",14,3.0,0.0,2,2
Petronius_Satyricon_selections_41_9-46,8,Tamen calda potio vestiarius est .,17,3.0,2.0,1,1
Petronius_Satyricon_selections_41_9-46,80,"Sed rectus , sed certus , amicus amico , cum quo audacter posses in tenebris micare . (erat) (erat) (erat)",33,8.0,7.0,1,4
Petronius_Satyricon_selections_41_9-46,81,In curia autem quo -modo singulos pilabat .,52,4.0,0.0,1,2
Petronius_Satyricon_selections_41_9-46,82,Ne -c schemas loquebatur sed directum . (loquebatur),36,4.0,0.0,1,3
Petronius_Satyricon_selections_41_9-46,83,"Cum ageret porro in foro , sic illius vox crescebat tanquam tuba . (crescit)",28,8.0,4.0,2,4
Petronius_Satyricon_selections_41_9-46,84,Ne -c sudavit unquam ne -c expuit ;,13,4.0,2.0,2,3
Petronius_Satyricon_selections_41_9-46,85,puto enim nescio quid assi a dis habuisse .,47,4.0,3.0,2,1
Petronius_Satyricon_selections_41_9-46,86,"Et quam benignus resalutare , nomina omnium reddere , tanquam unus de nobis ! (erat) (erat)",27,8.0,0.0,0,0
Petronius_Satyricon_selections_41_9-46,87,Itaque illo tempore annona pro luto erat .,18,4.0,2.0,1,2
Petronius_Satyricon_selections_41_9-46,88,"Asse panem quem emisses , non potuisses cum altero devorare .",29,5.0,1.0,2,6
Petronius_Satyricon_selections_41_9-46,89,Nunc oculum bublum vidi maiorem .,12,3.0,2.0,1,3
Petronius_Satyricon_selections_41_9-46,9,"Staminatas duxi , et plane matus sum .",3,5.0,1.0,2,3
Petronius_Satyricon_selections_41_9-46,90,"Heu heu , quotidie peius ! (fit)",5,2.0,1.0,0,0
Petronius_Satyricon_selections_41_9-46,91,Haec colonia retroversus crescit tanquam coda vituli . (crescit),28,6.0,4.0,1,1
Petronius_Satyricon_selections_41_9-46,92,"Sed qua -re nos habemus aedilem trium cauniarum , qui sibi mavult assem quam vitam nostram ? (vult)",29,8.0,0.0,2,1
Petronius_Satyricon_selections_41_9-46,93,"Itaque domi gaudet , plus in die nummorum accipit quam alter patrimonium habet .",29,7.0,5.0,3,1
Petronius_Satyricon_selections_41_9-46,94,Iam scio unde acceperit denarios mille aureos .,52,5.0,4.0,2,5
Petronius_Satyricon_selections_41_9-46,95,"Sed si nos coleos haberemus , non tantum sibi placeret .",13,4.0,0.0,2,4
Petronius_Satyricon_selections_41_9-46,96,"Nunc populus est domi leones , foras vulpes . (est)",12,4.0,2.0,1,1
Petronius_Satyricon_selections_41_9-46,97,"Quod ad me attinet , iam pannos meos comedi , et si perseverat haec annona , casulas meas vendam . (est)",18,9.0,6.0,4,5
Petronius_Satyricon_selections_41_9-46,98,"Quid enim futurum est , si ne -c dii ne -c homines eius coloniae miserentur ? (miserentur)",17,5.0,4.0,2,4
Petronius_Satyricon_selections_41_9-46,99,"Ita meos fruniscar , ut ego puto omnia illa a diibus fieri .",47,6.0,1.0,2,4
Petronius_Satyricon_selections_47_8-49,1,"postquam ergo omnes bonam mentem bonam -que valetudinem sibi optarunt , Trimalchio ad Nicerotem respexit et "" Solebas , inquit , suavius esse in convictu ; nescio quid nunc taces ne -c muttis .",46,11.0,5.0,7,3
Petronius_Satyricon_selections_47_8-49,10,"Ibi , quomodo dii volunt , amare coepi uxorem Terentii coponis : noveratis Melissam Tarentinam , pulcherrimum bacciballum . [0]",15,8.0,5.0,3,4
Petronius_Satyricon_selections_47_8-49,11,"Sed ego non mehercules corporaliter illam aut propter res venerias curavi , sed magis quod benemoria fuit . (curavi)",29,9.0,0.0,2,3
Petronius_Satyricon_selections_47_8-49,12,"Si quid ab illa petii , nunquam mihi negatum ;",41,5.0,4.0,1,3
Petronius_Satyricon_selections_47_8-49,13,"fecit assem , semissem habui ;",9,4.0,2.0,2,3
Petronius_Satyricon_selections_47_8-49,14,"quicquid habui in illius sinum demandavi , ne -c unquam fefellitus sum .",51,7.0,2.0,4,4
Petronius_Satyricon_selections_47_8-49,15,Huius contubernalis ad villam supremum diem obiit .,32,4.0,2.0,1,3
Petronius_Satyricon_selections_47_8-49,16,"Itaque per scutum per ocream egi aginavi , quemadmodum ad illam pervenirem : [ ]",43,6.0,2.0,3,4
Petronius_Satyricon_selections_47_8-49,17,"scitis autem , in angustiis amici apparent .",52,4.0,4.0,2,1
Petronius_Satyricon_selections_47_8-49,18,Forte dominus Capuae exierat ad scruta scita expedienda .,21,4.0,3.0,1,4
Petronius_Satyricon_selections_47_8-49,19,Nactus ego occasionem persuadeo hospitem nostrum ut me -cum ad quintum miliarium veniat .,53,8.0,5.0,2,3
Petronius_Satyricon_selections_47_8-49,2,"Oro te , sic felicem me videas , narra illud quod tibi usu venit . """,10,7.0,4.0,4,3
Petronius_Satyricon_selections_47_8-49,20,"Erat autem miles , fortis tamquam Orcus . (est)",47,5.0,2.0,1,2
Petronius_Satyricon_selections_47_8-49,21,"Apoculamus nos circa gallicinia , luna lucebat tamquam meridie . (lucet)",46,7.0,4.0,2,2
Petronius_Satyricon_selections_47_8-49,22,Venimus inter monimenta :,9,2.0,2.0,1,3
Petronius_Satyricon_selections_47_8-49,23,"homo meus coepit ad stelas facere , secedo ego cantabundus et stelas numero .",10,7.0,3.0,3,3
Petronius_Satyricon_selections_47_8-49,24,"Deinde ut respexi ad comitem , ille exuit se et omnia vestimenta secundum viam posuit .",29,8.0,5.0,3,3
Petronius_Satyricon_selections_47_8-49,25,"Mihi anima in naso esse , stabam tamquam mortuus . (stat)",11,7.0,4.0,1,2
Petronius_Satyricon_selections_47_8-49,26,"At ille circumminxit vestimenta sua , et subito lupus factus est .",45,5.0,0.0,2,3
Petronius_Satyricon_selections_47_8-49,27,Nolite me iocari putare ;,47,3.0,0.0,1,2
Petronius_Satyricon_selections_47_8-49,28,"ut mentiar , nullius patrimonium tanti facio .",29,5.0,3.0,2,4
Petronius_Satyricon_selections_47_8-49,29,"Sed , quod coeperam dicere , postquam lupus factus est , ululare coepit et in silvas fugit .",18,7.0,0.0,4,4
Petronius_Satyricon_selections_47_8-49,3,"Niceros delectatus affabilitate amici "" Omne me , inquit , lucrum transeat , ni -si iam dudum gaudimonio dissilio , quod te talem video . (esse)",30,11.0,4.0,4,3
Petronius_Satyricon_selections_47_8-49,30,"Ego primitus nesciebam ubi essem , deinde accessi , ut vestimenta eius tollerem :",39,8.0,2.0,4,4
Petronius_Satyricon_selections_47_8-49,31,illa autem lapidea facta sunt .,47,2.0,0.0,1,1
Petronius_Satyricon_selections_47_8-49,32,Qui mori timore ni -si ego ? (mori),36,4.0,1.0,0,0
Petronius_Satyricon_selections_47_8-49,33,"Gladium tamen strinxi et - matauitatau ! - umbras cecidi , donec ad villam amicae meae pervenirem .",35,9.0,2.0,3,4
Petronius_Satyricon_selections_47_8-49,34,"In larvam intravi , paene animam ebullivi , sudor mihi per bifurcum volabat , oculi mortui , vix unquam refectus sum . [ ] (fuerunt)",22,6.0,3.0,4,3
Petronius_Satyricon_selections_47_8-49,35,"Melissa mea mirari coepit , quod tam sero ambularem , et , ' Si ante , ’ inquit , ‘ venisses , saltem nobis adiutasses ;",50,11.0,5.0,5,6
Petronius_Satyricon_selections_47_8-49,36,lupus enim villam intravit et omnia pecora tamquam lanius sanguinem illis misit . (mittit) (cecidit),32,7.0,4.0,2,3
Petronius_Satyricon_selections_47_8-49,37,"Ne -c tamen derisit , etiam si fugit ;",13,4.0,0.0,2,3
Petronius_Satyricon_selections_47_8-49,38,servus enim noster lancea collum eius traiecit . ’,47,4.0,2.0,1,3
Petronius_Satyricon_selections_47_8-49,39,"Haec ut audivi , operire oculos amplius non potui , sed luce clara raptim domum fugi tamquam copo compilatus ; (fugit)",29,9.0,5.0,3,3
Petronius_Satyricon_selections_47_8-49,4,"Itaque hilaria mera sint , etsi timeo istos scolasticos ne me rideant .",43,6.0,1.0,3,3
Petronius_Satyricon_selections_47_8-49,40,"et postquam veni in illum locum in quo lapidea vestimenta erant facta , nihil inveni ni -si sanguinem . (inveni)",44,10.0,0.0,3,3
Petronius_Satyricon_selections_47_8-49,41,"Ut vero domum veni , iacebat miles meus in lecto tamquam bovis , et collum illius medicus curabat . (iacet)",29,7.0,4.0,3,3
Petronius_Satyricon_selections_47_8-49,42,"Intellexi illum versipellem esse , ne -c postea cum illo panem gustare potui , non si me occidisses .",28,7.0,4.0,3,6
Petronius_Satyricon_selections_47_8-49,43,Viderint alii quid de hoc exopinissent ;,15,4.0,3.0,1,3
Petronius_Satyricon_selections_47_8-49,44,"ego si mentior , genios vestros iratos habeam .",13,5.0,2.0,2,3
Petronius_Satyricon_selections_47_8-49,45,"Attonitis admiratione universis , "" Salvo , ” inquit , “ tuo sermone , ” Trimalchio , “ si qua fides est , ut mihi pili inhorruerunt , quia scio Niceronem nihil nugarum narrare :",49,11.0,6.0,4,3
Petronius_Satyricon_selections_47_8-49,46,immo certus est et minime linguosus .,33,4.0,3.0,1,1
Petronius_Satyricon_selections_47_8-49,47,Nam et ipse vobis rem horribilem narrabo .,21,3.0,2.0,1,5
Petronius_Satyricon_selections_47_8-49,48,Asinus in tegulis . (est),5,3.0,3.0,0,0
Petronius_Satyricon_selections_47_8-49,49,"Cum adhuc capillatus essem , nam a puero vitam Chiam gessi , ipsimi nostri delicatus decessit , mehercules margaritum , catamitus et omnium numerum . (homo)",29,11.0,3.0,3,4
Petronius_Satyricon_selections_47_8-49,5,Viderint : narrabo tamen .,17,3.0,2.0,2,5
Petronius_Satyricon_selections_47_8-49,50,"Cum ergo illum mater misella plangeret et nostrum plures in tristimonio essemus , subito strigae coeperunt :",28,6.0,5.0,3,4
Petronius_Satyricon_selections_47_8-49,51,putares canem leporem persequi .,47,2.0,0.0,1,4
Petronius_Satyricon_selections_47_8-49,52,"Habebamus tunc hominem Cappadocem , longum , valde audaculum et qui valebat :",49,5.0,4.0,2,2
Petronius_Satyricon_selections_47_8-49,53,poterat bovem iratum tollere .,30,3.0,0.0,1,2
Petronius_Satyricon_selections_47_8-49,54,"Hic audacter stricto gladio extra ostium procucurrit , involuta sinistra manu curiose , et mulierem tamquam hoc loco — salvum sit , quod tango — mediam traiecit . (tango)",47,11.0,7.0,4,3
Petronius_Satyricon_selections_47_8-49,55,"Audimus gemitum , et — plane non mentiar — ipsas non vidimus .",15,5.0,3.0,3,4
Petronius_Satyricon_selections_47_8-49,56,"Baro autem noster introversus se proiecit in lectum , et corpus totum lividum habebat quasi flagellis caesus .",49,7.0,0.0,2,3
Petronius_Satyricon_selections_47_8-49,57,"Nos cluso ostio redimus iterum ad officium , sed dum mater amplexaret corpus filii sui , tangit et videt manuciolum de stramentis factum .",42,9.0,6.0,4,4
Petronius_Satyricon_selections_47_8-49,58,"Non cor habebat , non intestina , non quicquam : (habebat) (habebat)",53,4.0,2.0,1,2
Petronius_Satyricon_selections_47_8-49,59,scilicet iam puerum strigae involaverant et supposuerant stramenticium vavatonem .,3,5.0,3.0,2,4
Petronius_Satyricon_selections_47_8-49,6,"quid enim mihi aufert , qui ridet ?",20,3.0,2.0,2,1
Petronius_Satyricon_selections_47_8-49,60,"Rogo vos , oportet credatis , sunt mulieres plussciae , sunt Nocturnae , et quod sursum est , deorsum faciunt .",53,8.0,5.0,7,3
Petronius_Satyricon_selections_47_8-49,61,"Ceterum baro ille longus post hoc factum nunquam coloris sui fuit , immo post paucos dies phreneticus periit .",30,8.0,4.0,2,3
Petronius_Satyricon_selections_47_8-49,62,"Miramur nos et pariter credimus , osculati -que mensam rogamus Nocturnas ut suis se teneant , dum redimus a cena .",53,10.0,4.0,5,3
Petronius_Satyricon_selections_47_8-49,7,"satius est rideri quam derideri . "" (est)",25,5.0,4.0,1,1
Petronius_Satyricon_selections_47_8-49,8,Haec ubi dicta dedit talem fabulam exorsus est :,22,6.0,2.0,2,3
Petronius_Satyricon_selections_47_8-49,9,""" Cum adhuc servirem , habitabamus in vico angusto ; nunc Gavillae domus est .",40,7.0,3.0,3,4
Petronius_Satyricon_selections_61-64_1,1,"postquam ergo omnes bonam mentem bonam -que valetudinem sibi optarunt , Trimalchio ad Nicerotem respexit et "" Solebas , inquit , suavius esse in convictu ; nescio quid nunc taces ne -c muttis .",46,11.0,5.0,7,3
Petronius_Satyricon_selections_61-64_1,10,"Ibi , quomodo dii volunt , amare coepi uxorem Terentii coponis : noveratis Melissam Tarentinam , pulcherrimum bacciballum . [0]",15,8.0,5.0,3,4
Petronius_Satyricon_selections_61-64_1,11,"Sed ego non mehercules corporaliter illam aut propter res venerias curavi , sed magis quod benemoria fuit . (curavi)",29,9.0,0.0,2,3
Petronius_Satyricon_selections_61-64_1,12,"Si quid ab illa petii , nunquam mihi negatum ;",41,5.0,4.0,1,3
Petronius_Satyricon_selections_61-64_1,13,"fecit assem , semissem habui ;",9,4.0,2.0,2,3
Petronius_Satyricon_selections_61-64_1,14,"quicquid habui in illius sinum demandavi , ne -c unquam fefellitus sum .",51,7.0,2.0,4,4
Petronius_Satyricon_selections_61-64_1,15,Huius contubernalis ad villam supremum diem obiit .,32,4.0,2.0,1,3
Petronius_Satyricon_selections_61-64_1,16,"Itaque per scutum per ocream egi aginavi , quemadmodum ad illam pervenirem : [ ]",43,6.0,2.0,3,4
Petronius_Satyricon_selections_61-64_1,17,"scitis autem , in angustiis amici apparent .",52,4.0,4.0,2,1
Petronius_Satyricon_selections_61-64_1,18,Forte dominus Capuae exierat ad scruta scita expedienda .,21,4.0,3.0,1,4
Petronius_Satyricon_selections_61-64_1,19,Nactus ego occasionem persuadeo hospitem nostrum ut me -cum ad quintum miliarium veniat .,53,8.0,5.0,2,3
Petronius_Satyricon_selections_61-64_1,2,"Oro te , sic felicem me videas , narra illud quod tibi usu venit . """,10,7.0,4.0,4,3
Petronius_Satyricon_selections_61-64_1,20,"Erat autem miles , fortis tamquam Orcus . (est)",47,5.0,2.0,1,2
Petronius_Satyricon_selections_61-64_1,21,"Apoculamus nos circa gallicinia , luna lucebat tamquam meridie . (lucet)",46,7.0,4.0,2,2
Petronius_Satyricon_selections_61-64_1,22,Venimus inter monimenta :,9,2.0,2.0,1,3
Petronius_Satyricon_selections_61-64_1,23,"homo meus coepit ad stelas facere , secedo ego cantabundus et stelas numero .",10,7.0,3.0,3,3
Petronius_Satyricon_selections_61-64_1,24,"Deinde ut respexi ad comitem , ille exuit se et omnia vestimenta secundum viam posuit .",29,8.0,5.0,3,3
Petronius_Satyricon_selections_61-64_1,25,"Mihi anima in naso esse , stabam tamquam mortuus . (stat)",11,7.0,4.0,1,2
Petronius_Satyricon_selections_61-64_1,26,"At ille circumminxit vestimenta sua , et subito lupus factus est .",45,5.0,0.0,2,3
Petronius_Satyricon_selections_61-64_1,27,Nolite me iocari putare ;,47,3.0,0.0,1,2
Petronius_Satyricon_selections_61-64_1,28,"ut mentiar , nullius patrimonium tanti facio .",29,5.0,3.0,2,4
Petronius_Satyricon_selections_61-64_1,29,"Sed , quod coeperam dicere , postquam lupus factus est , ululare coepit et in silvas fugit .",18,7.0,0.0,4,4
Petronius_Satyricon_selections_61-64_1,3,"Niceros delectatus affabilitate amici "" Omne me , inquit , lucrum transeat , ni -si iam dudum gaudimonio dissilio , quod te talem video . (esse)",30,11.0,4.0,4,3
Petronius_Satyricon_selections_61-64_1,30,"Ego primitus nesciebam ubi essem , deinde accessi , ut vestimenta eius tollerem :",39,8.0,2.0,4,4
Petronius_Satyricon_selections_61-64_1,31,illa autem lapidea facta sunt .,47,2.0,0.0,1,1
Petronius_Satyricon_selections_61-64_1,32,Qui mori timore ni -si ego ? (mori),36,4.0,1.0,0,0
Petronius_Satyricon_selections_61-64_1,33,"Gladium tamen strinxi et - matauitatau ! - umbras cecidi , donec ad villam amicae meae pervenirem .",35,9.0,2.0,3,4
Petronius_Satyricon_selections_61-64_1,34,"In larvam intravi , paene animam ebullivi , sudor mihi per bifurcum volabat , oculi mortui , vix unquam refectus sum . [ ] (fuerunt)",22,6.0,3.0,4,3
Petronius_Satyricon_selections_61-64_1,35,"Melissa mea mirari coepit , quod tam sero ambularem , et , ' Si ante , ’ inquit , ‘ venisses , saltem nobis adiutasses ;",50,11.0,5.0,5,6
Petronius_Satyricon_selections_61-64_1,36,lupus enim villam intravit et omnia pecora tamquam lanius sanguinem illis misit . (mittit) (cecidit),32,7.0,4.0,2,3
Petronius_Satyricon_selections_61-64_1,37,"Ne -c tamen derisit , etiam si fugit ;",13,4.0,0.0,2,3
Petronius_Satyricon_selections_61-64_1,38,servus enim noster lancea collum eius traiecit . ’,47,4.0,2.0,1,3
Petronius_Satyricon_selections_61-64_1,39,"Haec ut audivi , operire oculos amplius non potui , sed luce clara raptim domum fugi tamquam copo compilatus ; (fugit)",29,9.0,5.0,3,3
Petronius_Satyricon_selections_61-64_1,4,"Itaque hilaria mera sint , etsi timeo istos scolasticos ne me rideant .",43,6.0,1.0,3,3
Petronius_Satyricon_selections_61-64_1,40,"et postquam veni in illum locum in quo lapidea vestimenta erant facta , nihil inveni ni -si sanguinem . (inveni)",44,10.0,0.0,3,3
Petronius_Satyricon_selections_61-64_1,41,"Ut vero domum veni , iacebat miles meus in lecto tamquam bovis , et collum illius medicus curabat . (iacet)",29,7.0,4.0,3,3
Petronius_Satyricon_selections_61-64_1,42,"Intellexi illum versipellem esse , ne -c postea cum illo panem gustare potui , non si me occidisses .",28,7.0,4.0,3,6
Petronius_Satyricon_selections_61-64_1,43,Viderint alii quid de hoc exopinissent ;,15,4.0,3.0,1,3
Petronius_Satyricon_selections_61-64_1,44,"ego si mentior , genios vestros iratos habeam .",13,5.0,2.0,2,3
Petronius_Satyricon_selections_61-64_1,45,"Attonitis admiratione universis , "" Salvo , ” inquit , “ tuo sermone , ” Trimalchio , “ si qua fides est , ut mihi pili inhorruerunt , quia scio Niceronem nihil nugarum narrare :",49,11.0,6.0,4,3
Petronius_Satyricon_selections_61-64_1,46,immo certus est et minime linguosus .,33,4.0,3.0,1,1
Petronius_Satyricon_selections_61-64_1,47,Nam et ipse vobis rem horribilem narrabo .,21,3.0,2.0,1,5
Petronius_Satyricon_selections_61-64_1,48,Asinus in tegulis . (est),5,3.0,3.0,0,0
Petronius_Satyricon_selections_61-64_1,49,"Cum adhuc capillatus essem , nam a puero vitam Chiam gessi , ipsimi nostri delicatus decessit , mehercules margaritum , catamitus et omnium numerum . (homo)",29,11.0,3.0,3,4
Petronius_Satyricon_selections_61-64_1,5,Viderint : narrabo tamen .,17,3.0,2.0,2,5
Petronius_Satyricon_selections_61-64_1,50,"Cum ergo illum mater misella plangeret et nostrum plures in tristimonio essemus , subito strigae coeperunt :",28,6.0,5.0,3,4
Petronius_Satyricon_selections_61-64_1,51,putares canem leporem persequi .,47,2.0,0.0,1,4
Petronius_Satyricon_selections_61-64_1,52,"Habebamus tunc hominem Cappadocem , longum , valde audaculum et qui valebat :",49,5.0,4.0,2,2
Petronius_Satyricon_selections_61-64_1,53,poterat bovem iratum tollere .,30,3.0,0.0,1,2
Petronius_Satyricon_selections_61-64_1,54,"Hic audacter stricto gladio extra ostium procucurrit , involuta sinistra manu curiose , et mulierem tamquam hoc loco — salvum sit , quod tango — mediam traiecit . (tango)",47,11.0,7.0,4,3
Petronius_Satyricon_selections_61-64_1,55,"Audimus gemitum , et — plane non mentiar — ipsas non vidimus .",15,5.0,3.0,3,4
Petronius_Satyricon_selections_61-64_1,56,"Baro autem noster introversus se proiecit in lectum , et corpus totum lividum habebat quasi flagellis caesus .",49,7.0,0.0,2,3
Petronius_Satyricon_selections_61-64_1,57,"Nos cluso ostio redimus iterum ad officium , sed dum mater amplexaret corpus filii sui , tangit et videt manuciolum de stramentis factum .",42,9.0,6.0,4,4
Petronius_Satyricon_selections_61-64_1,58,"Non cor habebat , non intestina , non quicquam : (habebat) (habebat)",53,4.0,2.0,1,2
Petronius_Satyricon_selections_61-64_1,59,scilicet iam puerum strigae involaverant et supposuerant stramenticium vavatonem .,3,5.0,3.0,2,4
Petronius_Satyricon_selections_61-64_1,6,"quid enim mihi aufert , qui ridet ?",20,3.0,2.0,2,1
Petronius_Satyricon_selections_61-64_1,60,"Rogo vos , oportet credatis , sunt mulieres plussciae , sunt Nocturnae , et quod sursum est , deorsum faciunt .",53,8.0,5.0,7,3
Petronius_Satyricon_selections_61-64_1,61,"Ceterum baro ille longus post hoc factum nunquam coloris sui fuit , immo post paucos dies phreneticus periit .",30,8.0,4.0,2,3
Petronius_Satyricon_selections_61-64_1,62,"Miramur nos et pariter credimus , osculati -que mensam rogamus Nocturnas ut suis se teneant , dum redimus a cena .",53,10.0,4.0,5,3
Petronius_Satyricon_selections_61-64_1,7,"satius est rideri quam derideri . "" (est)",25,5.0,4.0,1,1
Petronius_Satyricon_selections_61-64_1,8,Haec ubi dicta dedit talem fabulam exorsus est :,22,6.0,2.0,2,3
Petronius_Satyricon_selections_61-64_1,9,""" Cum adhuc servirem , habitabamus in vico angusto ; nunc Gavillae domus est .",40,7.0,3.0,3,4
Petronius_Satyricon_selections_71-73,1,"Diffusus hac contentione Trimalchio , “ Amici , ” inquit , “ et servi homines sunt et aeque unum lactem biberunt , etiam si illos malus fatus oppresserit .",31,9.0,4.0,4,5
Petronius_Satyricon_selections_71-73,10,"Valde te rogo ut secundum pedes statuae meae catellam fingas et coronas et unguenta et Petraitis omnes pugnas , ut mihi contingat tuo beneficio post mortem vivere ; (Trimalchio inquit)",49,9.0,0.0,3,3
Petronius_Satyricon_selections_71-73,11,"praeterea ut sint in fronte pedes centum , in agrum pedes ducenti . (rogo) (Trimalchio inquit) (sint)",36,8.0,0.0,1,3
Petronius_Satyricon_selections_71-73,12,"Omne genus enim poma volo sint circa cineres meos , et vinearum largiter . (Trimalchio inquit) [ ] (sint)",46,7.0,0.0,2,3
Petronius_Satyricon_selections_71-73,13,"Valde enim falsum est vivo quidem domos cultas esse , non curari eas , ubi diutius nobis habitandum est . (Trimalchio inquit)",49,8.0,0.0,2,1
Petronius_Satyricon_selections_71-73,14,Et ideo ante omnia adici volo : ‘ HOC MONUMENTUM HEREDEM NON SEQUATUR . ’ (Trimalchio inquit),49,6.0,6.0,2,4
Petronius_Satyricon_selections_71-73,15,Ceterum erit mihi curae ut testamento caveam ne mortuus iniuriam accipiam . (Trimalchio inquit),29,6.0,0.0,3,5
Petronius_Satyricon_selections_71-73,16,"Praeponam enim unum ex libertis sepulchro meo custodiae causa , ne in monumentum meum populus cacatum currat . (Trimalchio inquit)",50,8.0,4.0,2,5
Petronius_Satyricon_selections_71-73,17,"Te rogo , ut naves etiam facias plenis velis euntes , et me in tribunali sedentem praetextatum cum anulis aureis quinque et nummos in publico de sacculo effundentem ; (Trimalchio inquit)",52,12.0,0.0,2,3
Petronius_Satyricon_selections_71-73,18,"scis enim , quod epulum dedi binos denarios . [ ] (Trimalchio inquit)",34,6.0,2.0,2,3
Petronius_Satyricon_selections_71-73,19,"Faciatur , si tibi videtur , et triclinia . (Trimalchio inquit)",13,4.0,2.0,2,4
Petronius_Satyricon_selections_71-73,2,Tamen me salvo cito aquam liberam gustabunt . (Trimalchio inquit),17,4.0,0.0,1,5
Petronius_Satyricon_selections_71-73,20,Facies et totum populum sibi suaviter facientem . (Trimalchio inquit),5,4.0,4.0,1,5
Petronius_Satyricon_selections_71-73,21,Ad dexteram meam pones statuam Fortunatae meae columbam tenentem : (Trimalchio inquit),16,6.0,0.0,1,5
Petronius_Satyricon_selections_71-73,22,et catellam cingulo alligatam ducat : (Trimalchio inquit),3,5.0,5.0,1,3
Petronius_Satyricon_selections_71-73,23,"et cicaronem meum , et amphoras copiosas gypsatas , ne effluant vinum . (pones) (Trimalchio inquit)",6,8.0,2.0,1,3
Petronius_Satyricon_selections_71-73,24,"Et urnam licet fractam sculpas , et super eam puerum plorantem . (Trimalchio inquit)",49,7.0,3.0,2,3
Petronius_Satyricon_selections_71-73,25,"Horologium in medio , ut quisquis horas inspiciet , velit nolit , nomen meum legat . (pones) (Trimalchio inquit)",51,6.0,0.0,4,5
Petronius_Satyricon_selections_71-73,26,Inscriptio quoque vide diligenter si haec satis idonea tibi videtur : C. POMPEIVS TRIMALCHIO MAECENATIANVS HIC REQVIESCIT . (esse) (Trimalchio inquit),26,7.0,0.0,3,2
Petronius_Satyricon_selections_71-73,27,HVIC SEVIRATVS ABSENTI DECRETVS EST . (Trimalchio inquit vide si idonea videtur),18,3.0,0.0,2,4
Petronius_Satyricon_selections_71-73,28,"CVM POSSET IN OMNIBVS DECVRIIS ROMAE ESSE , TAMEN NOLVIT . (Trimalchio inquit vide si idonea videtur)",28,7.0,0.0,2,4
Petronius_Satyricon_selections_71-73,29,"PIVS FORTIS FIDELIS EX PARVO CREVIT ; SESTERTIVM RELIQVIT TRECENTIES , NE -C VMQVAM PHILOSOPHVM AVDIVIT . [ ] (Trimalchio inquit vide si idonea videtur)",46,7.0,0.0,3,3
Petronius_Satyricon_selections_71-73,3,"Ad summam , omnes illos in testamento meo manu mitto . (Trimalchio inquit)",7,5.0,0.0,1,1
Petronius_Satyricon_selections_71-73,30,"VALE ! ET TV "" (vale) (Trimalchio inquit vide si idonea videtur)",33,4.0,0.0,1,2
Petronius_Satyricon_selections_71-73,31,"Haec ut dixit Trimalchio , flere coepit ubertim .",29,5.0,2.0,2,3
Petronius_Satyricon_selections_71-73,32,"Flebat et Fortunata , flebat et Habinnas , tota denique familia , tamquam in funus rogata , lamentatione triclinium implevit .",24,7.0,2.0,3,3
Petronius_Satyricon_selections_71-73,33,"Immo iam coeperam etiam ego plorare , cum Trimalchio , "" Ergo , "" inquit , "" cum sciamus nos morituros esse , qua -re non vivamus ?",36,8.0,1.0,4,4
Petronius_Satyricon_selections_71-73,34,"Sic vos felices videam , coniciamus nos in balneum , meo periculo , non paenitebit . (Trimalchio inquit)",10,7.0,0.0,3,5
Petronius_Satyricon_selections_71-73,35,"Sic calet tamquam furnus . "" (calet) (Trimalchio inquit)",9,5.0,0.0,1,1
Petronius_Satyricon_selections_71-73,36,""" Vero , vero , inquit Habinnas , de una die duas facere , nihil malo "" ; nudis -que consurrexit pedibus et Trimalchionem gaudentem subsequi coepit . (quam) (volo)",44,13.0,2.0,5,3
Petronius_Satyricon_selections_71-73,37,"Ego respiciens ad Ascylton , "" Quid cogitas ? "" inquam .",37,6.0,4.0,2,1
Petronius_Satyricon_selections_71-73,38,"ego enim si videro balneum , statim expirabo . "" (inquam)",17,5.0,0.0,1,5
Petronius_Satyricon_selections_71-73,39,""" Assentemur , "" ait ille , "" et dum illi balneum petunt , nos in turba exeamus "" .",45,6.0,1.0,4,4
Petronius_Satyricon_selections_71-73,4,"Philargyro etiam fundum lego et contubernalem suam , Carioni quoque insulam et vicesimam et lectum stratum . (lego) (Trimalchio inquit)",46,8.0,0.0,1,1
Petronius_Satyricon_selections_71-73,40,"Cum haec placuissent , ducente per porticum Gitone ad ianuam venimus , ubi canis catenarius tanto nos tumultu excepit , ut Ascyltos etiam in piscinam ceciderit .",29,13.0,3.0,4,6
Petronius_Satyricon_selections_71-73,41,"Ne -c non ego quoque ebrius , dum natanti opem fero , in eundem gurgitem tractus sum .",31,8.0,0.0,2,1
Petronius_Satyricon_selections_71-73,42,"Servavit nos tamen atriensis , qui interventu suo et canem placavit et nos trementes extraxit in siccum .",17,6.0,5.0,3,3
Petronius_Satyricon_selections_71-73,43,At Giton quidem iam dudum se ratione acutissima redemerat a cane ;,45,4.0,0.0,1,4
Petronius_Satyricon_selections_71-73,44,"quicquid enim a nobis acceperat de cena , latranti sparserat , et ille avocatus cibo furorem suppresserat .",51,9.0,4.0,3,4
Petronius_Satyricon_selections_71-73,45,"Ceterum cum algentes udi -que petissemus ab atriense ut nos extra ianuam emitteret , "" Erras , inquit , si putas te exire hac posse qua venisti .",47,14.0,8.0,6,6
Petronius_Satyricon_selections_71-73,46,"Nemo unquam convivarum per eandem ianuam emissus est ; alia intrant , alia exeunt . "" (atriensis inquit)",42,7.0,0.0,3,1
Petronius_Satyricon_selections_71-73,47,"Quid faciamus homines miserrimi et novi generis labyrintho inclusi , quibus lavari iam coeperat votum esse ?",46,8.0,4.0,2,4
Petronius_Satyricon_selections_71-73,48,"Ultro ergo rogavimus ut nos ad balneum duceret , proiectis -que vestimentis , quae Giton in aditu siccare coepit , balneum intravimus , cisternae frigidariae simile , in quo Trimalchio rectus stabat .",50,12.0,5.0,5,4
Petronius_Satyricon_selections_71-73,49,Ac ne sic quidem putidissimam eius iactationem licuit effugere ;,49,5.0,0.0,1,3
Petronius_Satyricon_selections_71-73,5,"Nam Fortunatam meam heredem facio , et commendo illam omnibus amicis meis . (Trimalchio inquit)",7,6.0,0.0,2,1
Petronius_Satyricon_selections_71-73,50,"nam nihil melius esse dicebat quam sine turba lavari , et eo ipso loco aliquando pistrinum fuisse . (est)",44,10.0,3.0,1,2
Petronius_Satyricon_selections_71-73,51,"Deinde ut lassatus consedit , invitatus balnei sono diduxit usque ad cameram os ebrium et coepit Menecratis cantica lacerare , sicut illi dicebant , qui linguam eius intellegebant .",40,14.0,3.0,5,3
Petronius_Satyricon_selections_71-73,52,"Ceteri convivae circa labrum manibus nexis currebant , et gingilipho ingenti clamore exsonabant .",46,6.0,3.0,2,2
Petronius_Satyricon_selections_71-73,53,"Alii autem aut restrictis manibus anulos de pavimento conabantur tollere , aut posito genu cervices post terga flectere , et pedum extremos pollices tangere .",47,7.0,0.0,1,3
Petronius_Satyricon_selections_71-73,54,"Nos , dum alii sibi ludos faciunt , in solium , quod Trimalchioni parabatur , descendimus .",11,7.0,4.0,3,3
Petronius_Satyricon_selections_71-73,55,Ergo ebrietate discussa in aliud triclinium deducti sumus ubi Fortunata disposuerat lautitias suas .,27,8.0,6.0,2,4
Petronius_Satyricon_selections_71-73,56,lucernas aeneolos -que piscatores notavimus et mensas totas argenteas calices -que circa fictiles inauratos et vinum in conspectu sacco defluens .,46,8.0,0.0,1,3
Petronius_Satyricon_selections_71-73,57,"Tum Trimalchio "" Amici , "" inquit , "" hodie servus meus barbatoriam fecit , homo – praefiscini – frugi et micarius .",14,7.0,6.0,2,3
Petronius_Satyricon_selections_71-73,58,"Itaque tangomenas faciamus et usque in lucem cenemus "" . (Trimalchio inquit)",43,5.0,0.0,2,3
Petronius_Satyricon_selections_71-73,6,"Et haec ideo omnia publico , ut familia mea iam nunc sic me amet tanquam mortuum . "" (amet) (Trimalchio inquit)",29,8.0,4.0,2,3
Petronius_Satyricon_selections_71-73,7,"Gratias agere omnes indulgentiae coeperant domini , cum ille oblitus nugarum exemplar testamenti iussit afferri et totum a primo ad ultimum ingemescente familia recitavit .",54,9.0,1.0,3,4
Petronius_Satyricon_selections_71-73,8,"Respiciens deinde Habinnam , “ Quid dicis , ” inquit , “ amice carissime ? ”",17,5.0,3.0,2,1
Petronius_Satyricon_selections_71-73,9,"Aedificas monumentum meum , quemadmodum te iussi ? (Trimalchio inquit)",11,5.0,3.0,2,3
Petronius_Satyricon_selections_74-75,1,Haec dicente eo gallus gallinaceus cantavit .,44,4.0,2.0,1,3
Petronius_Satyricon_selections_74-75,10,"Abite , ut alii veniant ad officium . "" (Trimalchio inquit)",31,5.0,2.0,2,3
Petronius_Satyricon_selections_74-75,11,"Subiit igitur alia classis , et illi quidem exclamavere : "" Vale Gai "" , hi autem : "" Ave Gai . "" (exclamavere)",47,7.0,4.0,4,3
Petronius_Satyricon_selections_74-75,12,"Hinc primum hilaritas nostra turbata est ; nam cum puer non inspeciosus inter novos intrasset ministros , invasit eum Trimalchio et osculari diutius coepit .",28,9.0,2.0,4,6
Petronius_Satyricon_selections_74-75,13,"Itaque Fortunata , ut ex aequo ius firmum approbaret , maledicere Trimalchionem coepit et purgamentum dedecus -que praedicare , qui non contineret libidinem suam . (esse)",48,11.0,2.0,3,4
Petronius_Satyricon_selections_74-75,14,"Ultimo etiam adiecit : "" canis ! """,49,3.0,2.0,1,3
Petronius_Satyricon_selections_74-75,15,Trimalchio contra offensus convicio calicem in faciem Fortunatae immisit .,5,6.0,3.0,1,3
Petronius_Satyricon_selections_74-75,16,"Illa tamquam oculum perdidisset , exclamavit manus -que trementes ad faciem suam admovit .",22,8.0,4.0,3,6
Petronius_Satyricon_selections_74-75,17,Consternata est etiam Scintilla trepidantem -que sinu suo texit .,14,5.0,3.0,2,3
Petronius_Satyricon_selections_74-75,18,"Immo puer quoque officiosus urceolum frigidum ad malam eius admovit , super quem incumbens Fortunata gemere ac flere coepit .",54,9.0,4.0,2,3
Petronius_Satyricon_selections_74-75,19,"Contra Trimalchio , "" Quid enim , "" inquit , "" ambubaiam non meminisse !",50,3.0,2.0,1,1
Petronius_Satyricon_selections_74-75,2,Qua voce confusus Trimalchio vinum sub mensa iussit effundi lucernam -que etiam mero spargi . (iussit),35,8.0,3.0,1,3
Petronius_Satyricon_selections_74-75,20,"de machina illam sustuli , hominem inter homines feci . (Trimalchio inquit)",30,7.0,0.0,2,3
Petronius_Satyricon_selections_74-75,21,"At inflat se tamquam rana , et in sinum suum non conspuit , codex , non mulier . (Trimalchio inquit) (inflat)",47,8.0,6.0,2,1
Petronius_Satyricon_selections_74-75,22,"Sed hic , qui in pergula natus est , aedes non somniatur . (Trimalchio inquit)",43,6.0,6.0,1,1
Petronius_Satyricon_selections_74-75,23,"Ita genium meum propitium habeam , curabo domata sit Cassandra caligaria . (Trimalchio inquit)",43,7.0,0.0,3,5
Petronius_Satyricon_selections_74-75,24,"Et ego , homo dipundiarius , sestertium centies accipere potui . (Trimalchio inquit)",10,6.0,3.0,1,3
Petronius_Satyricon_selections_74-75,25,Scis tu me non mentiri . (Trimalchio inquit),34,3.0,3.0,1,1
Petronius_Satyricon_selections_74-75,26,"Agatho unguentarius proxime seduxit me et , ' Suadeo , ' inquit , ' non patiaris genus tuum interire . ' [ ] (Trimalchio inquit)",36,8.0,0.0,4,4
Petronius_Satyricon_selections_74-75,27,"At ego dum bonatus ago et nolo videri levis , ipse mihi asciam in crus impegi . (Trimalchio inquit) (esse)",45,8.0,4.0,3,3
Petronius_Satyricon_selections_74-75,28,"Recte , curabo me unguibus quaeras . (Trimalchio inquit)",20,4.0,0.0,2,5
Petronius_Satyricon_selections_74-75,29,"Et , ut depraesentiarum intelligas quid tibi feceris : Habinna , nolo statuam eius in monumento meo ponas , ne mortuus quidem lites habeam . (Trimalchio inquit)",44,8.0,6.0,5,5
Petronius_Satyricon_selections_74-75,3,"Immo anulum traiecit in dexteram manum et , "" Non sine causa , "" inquit , "" hic bucinus signum dedit ; nam aut incendium oportet fiat , aut aliquis in vicinia animam abiciat .",50,11.0,4.0,6,3
Petronius_Satyricon_selections_74-75,30,"Immo , ut sciat me posse malum dare , nolo me mortuum basiet . "" (Trimalchio inquit)",34,8.0,0.0,3,3
Petronius_Satyricon_selections_74-75,31,"Post hoc fulmen Habinnas rogare coepit ut iam desineret irasci et , “ Nemo , "" inquit , “ nostrum non peccat .",48,9.0,2.0,4,4
Petronius_Satyricon_selections_74-75,32,"Homines sumus , non dei . "" (sumus) (Habinnas inquit)",12,4.0,0.0,1,1
Petronius_Satyricon_selections_74-75,33,Idem et Scintilla flens dixit ac per genium eius Gaium appellando rogare coepit ut se frangeret .,32,8.0,1.0,3,4
Petronius_Satyricon_selections_74-75,34,"Non tenuit ultra lacrimas Trimalchio et , "" Rogo , "" inquit , "" Habinna , sic peculium tuum fruniscaris : si quid perperam feci , in faciem meam inspue .",49,9.0,7.0,6,4
Petronius_Satyricon_selections_74-75,35,"Puerum basiavi frugalissimum , non propter formam , sed quia frugi est : (Trimalchio inquit) (basiavi)",43,7.0,0.0,2,3
Petronius_Satyricon_selections_74-75,36,"decem partes dicit , librum ab oculo legit , thraecium sibi de diariis fecit , arcisellium de suo paravit et duas trullas . (Trimalchio inquit)",26,7.0,0.0,4,3
Petronius_Satyricon_selections_74-75,37,Non est dignus quem in oculis feram ? (Trimalchio inquit),16,5.0,0.0,2,3
Petronius_Satyricon_selections_74-75,38,Sed Fortunata vetat . (Trimalchio inquit),35,3.0,3.0,1,1
Petronius_Satyricon_selections_74-75,39,"Ita tibi videtur , fulcipedia ? (Trimalchio inquit)",43,3.0,0.0,1,2
Petronius_Satyricon_selections_74-75,4,Longe a nobis ! (absit) (Trimalchio inquit),7,3.0,0.0,0,0
Petronius_Satyricon_selections_74-75,40,"Suadeo bonum tuum concoquas , milva , et me non facias ringentem , amasiuncula : alioquin experieris cerebrum meum . (Trimalchio inquit)",6,8.0,0.0,4,5
Petronius_Satyricon_selections_74-75,41,Nosti me : (Trimalchio inquit),6,2.0,2.0,1,3
Petronius_Satyricon_selections_74-75,42,"quod semel destinavi , clavo trabali fixum est . (Trimalchio inquit)",51,4.0,0.0,2,3
Petronius_Satyricon_selections_74-75,43,Sed vivorum meminerimus . (Trimalchio inquit),50,3.0,3.0,1,5
Petronius_Satyricon_selections_74-75,44,"Vos rogo , amici , ut vobis suaviter sit . (Trimalchio inquit)",29,5.0,0.0,2,3
Petronius_Satyricon_selections_74-75,45,"Nam ego quoque tam fui quam vos estis , sed virtute mea ad hoc perveni . (Trimalchio inquit)",26,8.0,0.0,3,3
Petronius_Satyricon_selections_74-75,46,"Corcillum est quod homines facit , cetera quisquilia omnia . (Trimalchio inquit) (sunt)",10,6.0,0.0,2,1
Petronius_Satyricon_selections_74-75,47,"‘ Bene emo , bene vendo ’ ; (Trimalchio inquit)",18,4.0,0.0,2,1
Petronius_Satyricon_selections_74-75,5,"Itaque quisquis hunc indicem attulerit , corollarium accipiet . "" (Trimalchio inquit)",51,4.0,0.0,2,6
Petronius_Satyricon_selections_74-75,50,"Tu autem , sterteia , etiamnum ploras ? (Trimalchio inquit)",47,4.0,0.0,1,1
Petronius_Satyricon_selections_74-75,51,Iam curabo fatum tuum plores . (Trimalchio inquit),40,4.0,0.0,2,5
Petronius_Satyricon_selections_74-75,52,"Sed , ut coeperam dicere , ad hanc me fortunam frugalitas mea perduxit . (Trimalchio inquit)",29,6.0,5.0,2,4
Petronius_Satyricon_selections_74-75,53,Tam magnus ex Asia veni quam hic candelabrus est . (Trimalchio inquit),25,8.0,0.0,2,3
Petronius_Satyricon_selections_74-75,54,"Ad summam , quotidie me solebam ad illum metiri , et ut celerius rostrum barbatum haberem , labra de lucerna ungebam . (Trimalchio inquit)",40,9.0,0.0,3,4
Petronius_Satyricon_selections_74-75,55,Tamen ad delicias ipsimi annos quattuordecim fui . (Trimalchio inquit),18,5.0,0.0,1,3
Petronius_Satyricon_selections_74-75,56,Ne -c turpe est quod dominus iubet . (Trimalchio inquit),40,4.0,2.0,2,1
Petronius_Satyricon_selections_74-75,57,Ego tamen et ipsimae satis faciebam . (Trimalchio inquit),26,2.0,0.0,1,2
Petronius_Satyricon_selections_74-75,58,"Scitis quid dicam : taceo , quia non sum de gloriosis . (Trimalchio inquit)",43,8.0,0.0,4,3
Petronius_Satyricon_selections_74-75,6,"Dicto citius de vicinia gallus allatus est , quem Trimalchio iussit ut aeno coctus fieret .",29,7.0,5.0,2,3
Petronius_Satyricon_selections_74-75,7,Laceratus igitur ab illo doctissimo coco in caccabum est coniectus .,17,6.0,4.0,1,1
Petronius_Satyricon_selections_74-75,8,"Dum -que Daedalus potionem ferventissimam haurit , Fortunata mola buxea piper trivit .",11,6.0,0.0,2,3
Petronius_Satyricon_selections_74-75,9,"Sumptis igitur matteis , respiciens ad familiam Trimalchio , "" Quid vos , "" inquit , "" adhuc non cenastis ?",25,7.0,4.0,2,3
Petronius_Satyricon_selections_76-78,1,"Ceterum , quemadmodum di volunt , dominus in domo factus sum , et ecce cepi ipsimi cerebellum . (Trimalchio inquit)",21,6.0,5.0,3,3
Petronius_Satyricon_selections_76-78,10,Putatis me defecisse ? (Trimalchio inquit),47,3.0,3.0,1,1
Petronius_Satyricon_selections_76-78,11,"Non mehercules mi haec iactura gusti fuit , tamquam nihil facti . (Trimalchio inquit) (erat)",44,6.0,0.0,1,3
Petronius_Satyricon_selections_76-78,12,"Alteras feci maiores et meliores et feliciores , ut nemo non me virum fortem diceret . (Trimalchio inquit) (esse)",29,8.0,0.0,2,4
Petronius_Satyricon_selections_76-78,13,"Scitis , magna navis magnam fortitudinem habet . (Trimalchio inquit)",34,4.0,0.0,2,1
Petronius_Satyricon_selections_76-78,14,"Oneravi rursus vinum , laridum , fabam , seplasium , mancipia . (Trimalchio inquit)",35,3.0,3.0,1,3
Petronius_Satyricon_selections_76-78,15,Hoc loco Fortunata rem piam fecit ; (Trimalchio inquit),36,4.0,0.0,1,3
Petronius_Satyricon_selections_76-78,16,"omne enim aurum suum , omnia vestimenta vendidit et mi centum aureos in manu posuit . (Trimalchio inquit)",52,6.0,0.0,2,3
Petronius_Satyricon_selections_76-78,17,Hoc fuit peculii mei fermentum . (Trimalchio inquit),15,4.0,0.0,1,3
Petronius_Satyricon_selections_76-78,18,Cito fit quod di volunt . (Trimalchio inquit),24,3.0,0.0,2,1
Petronius_Satyricon_selections_76-78,19,Uno cursu centies sestertium corrotundavi . (Trimalchio inquit) (centena milia),22,4.0,0.0,1,3
Petronius_Satyricon_selections_76-78,2,Quid multa ? (Trimalchio inquit) (dicam),4,2.0,0.0,0,0
Petronius_Satyricon_selections_76-78,20,"Statim redemi fundos omnes , qui patroni mei fuerant . (Trimalchio inquit)",46,5.0,0.0,2,4
Petronius_Satyricon_selections_76-78,21,"Aedifico domum , comparo venalicia , coemo iumenta ; (Trimalchio inquit)",11,4.0,0.0,3,1
Petronius_Satyricon_selections_76-78,22,"quicquid tangebam , crescebat tanquam favus . (Trimalchio inquit) (crescit)",51,5.0,0.0,2,2
Petronius_Satyricon_selections_76-78,23,"Postquam coepi plus habere quam tota patria mea habet , manum de tabula : (Trimalchio inquit) (sustuli)",25,10.0,0.0,2,3
Petronius_Satyricon_selections_76-78,24,sustuli me de negotiatione et coepi libertos faenerare . (Trimalchio inquit) (per),30,7.0,0.0,2,3
Petronius_Satyricon_selections_76-78,25,"Et sane nolentem me negotium meum agere exhortavit mathematicus , qui venerat forte in coloniam nostram , Graeculio , Serapa nomine , consiliator deorum . (Trimalchio inquit)",29,11.0,8.0,2,4
Petronius_Satyricon_selections_76-78,26,Hic mihi dixit etiam ea quae oblitus eram ; ab acia et acu mi omnia exposuit ; intestinas meas noverat ; tantum quod mihi non dixerat quid pridie cenaveram . (fuit) (Trimalchio inquit),54,8.0,0.0,6,4
Petronius_Satyricon_selections_76-78,27,Putasses illum semper me -cum habitasse . (Trimalchio inquit),47,4.0,4.0,1,6
Petronius_Satyricon_selections_76-78,28,"Rogo , Habinna — puto , interfuisti — : (Trimalchio inquit)",47,4.0,0.0,3,3
Petronius_Satyricon_selections_76-78,29,' Tu dominam tuam de rebus illis fecisti . (Trimalchio inquit) (mathematicus inquit),21,5.0,0.0,1,3
Petronius_Satyricon_selections_76-78,3,"Coheredem me Caesari fecit , et accepi patrimonium laticlavium . (Trimalchio inquit)",9,6.0,0.0,2,3
Petronius_Satyricon_selections_76-78,30,Tu parum felix in amicis es . (Trimalchio inquit) (mathematicus inquit),5,5.0,0.0,1,1
Petronius_Satyricon_selections_76-78,31,Nemo umquam tibi parem gratiam refert . (Trimalchio inquit) (mathematicus inquit),23,4.0,0.0,1,1
Petronius_Satyricon_selections_76-78,32,Tu latifundia possides . (Trimalchio inquit) (mathematicus inquit),46,3.0,0.0,1,1
Petronius_Satyricon_selections_76-78,33,"Tu viperam sub ala nutricas , ' et , quod vobis non dixerim , etiam nunc mi restare vitae annos triginta et menses quattuor et dies duos . (Trimalchio inquit) (mathematicus inquit) (mathematicus dixit)",35,10.0,2.0,2,5
Petronius_Satyricon_selections_76-78,34,Praeterea cito accipiam hereditatem . (Trimalchio inquit),21,2.0,0.0,1,5
Petronius_Satyricon_selections_76-78,35,Hoc mihi dicit fatus meus . (Trimalchio inquit),15,3.0,0.0,1,1
Petronius_Satyricon_selections_76-78,36,"Quod si contigerit fundos Apuliae iungere , satis vivus pervenero . (Trimalchio inquit)",46,6.0,6.0,1,6
Petronius_Satyricon_selections_76-78,37,"Interim dum Mercurius vigilat , aedificavi hanc domum . (Trimalchio inquit)",15,5.0,0.0,2,3
Petronius_Satyricon_selections_76-78,38,"Ut scitis , cusuc erat ; nunc templum est . (Trimalchio inquit)",34,4.0,0.0,3,2
Petronius_Satyricon_selections_76-78,39,"Habet quattuor cenationes , cubicula viginti , porticus marmoratos duos , susum cellationem , cubiculum in quo ipse dormio , viperae huius sessorium , ostiarii cellam perbonam ; (Trimalchio inquit) (habet) (habet) (habet) (habet) (habet) (habet)",15,9.0,0.0,2,1
Petronius_Satyricon_selections_76-78,4,Nemini tamen nihil satis est . (Trimalchio inquit),44,3.0,0.0,1,1
Petronius_Satyricon_selections_76-78,40,hospitium hospites centum capit . (Trimalchio inquit),53,3.0,0.0,1,1
Petronius_Satyricon_selections_76-78,41,"Ad summam , Scaurus cum huc venit , nusquam mavoluit hospitari , et habet ad mare paternum hospitium . (Trimalchio inquit)",28,7.0,0.0,3,3
Petronius_Satyricon_selections_76-78,42,"Et multa alia sunt , quae statim vobis ostendam . (Trimalchio inquit)",11,5.0,2.0,2,5
Petronius_Satyricon_selections_76-78,43,Credite mihi : (Trimalchio inquit),17,2.0,2.0,1,2
Petronius_Satyricon_selections_76-78,44,"assem habeas , assem valeas ; (Trimalchio inquit)",33,4.0,0.0,2,3
Petronius_Satyricon_selections_76-78,45,"habes , habeberis . (Trimalchio inquit)",9,2.0,0.0,2,5
Petronius_Satyricon_selections_76-78,46,"Sic amicus vester , qui fuit rana , nunc est rex . (Trimalchio inquit)",12,4.0,0.0,2,3
Petronius_Satyricon_selections_76-78,47,"Interim , Stiche , profer vitalia , in quibus volo me efferri . (Trimalchio inquit)",15,7.0,0.0,2,2
Petronius_Satyricon_selections_76-78,48,"Profer et unguentum et ex illa amphora gustum , ex qua iubeo lavari ossa mea . "" (Trimalchio inquit)",14,8.0,8.0,2,2
Petronius_Satyricon_selections_76-78,49,"Non est moratus Stichus , sed et stragulam albam et praetextam in triclinium attulit iussit -que nos temptare an bonis lanis essent confecta .",32,11.0,5.0,4,4
Petronius_Satyricon_selections_76-78,50,"Tum subridens , ” Vide tu , ” inquit , “ Stiche , ne ista mures tangant aut tineae ;",42,6.0,5.0,3,3
Petronius_Satyricon_selections_76-78,51,alioquin te vivum comburam . (Trimalchio inquit),28,3.0,0.0,1,5
Petronius_Satyricon_selections_76-78,52,"Ego gloriosus volo efferri , ut totus mihi populus bene imprecetur . ” (Trimalchio inquit)",29,7.0,0.0,2,4
Petronius_Satyricon_selections_76-78,53,"Statim ampullam nardi aperuit omnes -que nos unxit et , “ Spero , “ inquit , “ futurum ut aeque me mortuum iuvet tanquam vivum . “ (iuvat)",32,13.0,9.0,5,3
Petronius_Satyricon_selections_76-78,54,"Nam vinum quidem in vinarium iussit infundi et , “ Putate vos , ” ait , “ ad parentalia mea invitatos esse . ”",47,10.0,6.0,3,3
Petronius_Satyricon_selections_76-78,55,"Ibat res ad summam nauseam , cum Trimalchio ebrietate turpissima gravis novum acroama , cornicines , in triclinium iussit adduci , fultus -que cervicalibus multis extendit se super torum extremum et , ” Fingite me , ” inquit , ” mortuum esse .",40,10.0,7.0,5,3
Petronius_Satyricon_selections_76-78,56,"Dicite aliquid belli . "" (Trimalchio inquit)",21,3.0,3.0,1,2
Petronius_Satyricon_selections_76-78,58,"Unus praecipue servus libitinarii illius , qui inter hos honestissimus erat , tam valde intonuit , ut totam concitaret viciniam .",49,11.0,3.0,3,4
Petronius_Satyricon_selections_76-78,59,Ita -que vigiles rati ardere Trimalchionis domum effregerunt ianuam subito et cum aqua securibus -que tumultuari suo iure coeperunt .,43,11.0,0.0,2,3
Petronius_Satyricon_selections_76-78,6,"Ne multis vos morer , quinque naves aedificavi , oneravi vinum — et tunc erat contra aurum — misi Romam . (Trimalchio inquit)",41,10.0,0.0,5,4
Petronius_Satyricon_selections_76-78,60,Nos occasionem opportunissimam nacti Agamemnoni verba dedimus raptim -que tam plane quam ex incendio fugimus . (fugiunt),32,12.0,7.0,2,3
Petronius_Satyricon_selections_76-78,7,Putares me hoc iussisse : (Trimalchio inquit),47,3.0,3.0,1,4
Petronius_Satyricon_selections_76-78,8,"omnes naves naufragarunt , factum non fabula . (Trimalchio inquit) (est) (est)",7,5.0,0.0,1,3
Petronius_Satyricon_selections_76-78,9,Uno die Neptunus trecenties sestertium devoravit . (Trimalchio inquit),18,4.0,0.0,1,3
Servia_Sulpicia_Carmina_1,1,"Tandem venit amor , qualem texisse pudori quam nudasse alicui sit mihi fama magis . (sit mihi)",43,8.0,7.0,2,3
Servia_Sulpicia_Carmina_1,2,Exorata meis illum Cytherea Camenis attulit in nostrum deposuit -que sinum .,13,8.0,4.0,2,3
Servia_Sulpicia_Carmina_1,3,Exsolvit promissa Venus :,17,2.0,1.0,1,3
Servia_Sulpicia_Carmina_1,4,"mea gaudia narret , dicetur si quis non habuisse sua .",21,6.0,1.0,2,4
Servia_Sulpicia_Carmina_1,5,"Non ego signatis quicquam mandare tabellis , ne legat id nemo quam meus ante , velim . (legit)",29,8.0,2.0,2,3
Servia_Sulpicia_Carmina_1,6,"Sed peccasse iuvat , vultus componere famae taedet :",49,5.0,0.0,2,1
Servia_Sulpicia_Carmina_1,7,cum digno digna fuisse ferar .,28,4.0,1.0,1,4
Servia_Sulpicia_Carmina_2,1,"Invisus natalis adest , qui rure molesto et sine Cerintho tristis agendus erit .",38,5.0,0.0,2,5
Servia_Sulpicia_Carmina_2,2,Dulcius urbe quid est ?,29,3.0,2.0,1,1
Servia_Sulpicia_Carmina_2,3,an villa sit apta puellae atque Arretino frigidus amnis agro ? (sit),54,7.0,0.0,1,3
Servia_Sulpicia_Carmina_2,4,"Iam nimium Messalla mei studiose , quiescas , non tempestivae , saeve propinque , viae ! (sunt)",35,7.0,3.0,1,3
Servia_Sulpicia_Carmina_2,5,"Hic animum sensus -que meos abducta relinquo , arbitrio quamvis non sinis esse meo .",21,7.0,2.0,2,1
Servia_Sulpicia_Carmina_3,1,Scis iter ex animo sublatum triste puellae ?,34,5.0,0.0,1,1
Servia_Sulpicia_Carmina_3,2,natali Romae iam licet esse meo .,49,4.0,1.0,1,1
Servia_Sulpicia_Carmina_3,3,"Omnibus ille dies nobis natalis agatur , qui ne -c opinanti nunc tibi forte venit .",19,7.0,0.0,2,4
Servia_Sulpicia_Carmina_4,1,"Gratum est , securus multum quod iam tibi de me permittis , subito ne male inepta cadam .",29,8.0,1.0,3,3
Servia_Sulpicia_Carmina_4,2,Sit tibi cura togae potior pressum -que quasillo scortum quam Servi filia Sulpicia : [ ] (est),25,10.0,0.0,1,3
Servia_Sulpicia_Carmina_4,3,"Solliciti sunt pro nobis , quibus illa dolori est , ne cedam ignoto , maxima causa , toro .",50,9.0,6.0,3,3
Servia_Sulpicia_Carmina_5,1,"Est -ne tibi , Cerinthe , tuae pia cura puellae , quod mea nunc vexat corpora fessa calor ?",36,7.0,2.0,2,1
Servia_Sulpicia_Carmina_5,3,"ego non aliter tristes evincere morbos optarim , quam te si quoque velle putem . (optaverim)",47,10.0,2.0,2,5
Servia_Sulpicia_Carmina_5,4,"At mihi quid prosit morbos evincere , si tu nostra potes lento pectore ferre mala ?",47,7.0,0.0,2,3
Servia_Sulpicia_Carmina_6,1,"Ne tibi sim , mea lux , aeque iam fervida cura ac videor paucos ante fuisse dies , si quicquam tota commisi stulta iuventa , cuius me fatear paenituisse magis , hesterna quam te solum quod nocte reliqui , ardorem cupiens dissimulare meum . (paenituit)",33,23.0,2.0,5,4
